{"version":8,"hash":{"type":"Buffer","data":"7hrY4NOIEiIThXG9Lbjky7zv8TYvJpvE1Wjkal+9KrrCs2yQ7a0p9vBkU9t6Lq/3WB4FF/IaFyAJPCcBbjQWruVpLV+DFDU04f7yled4qMGXnj6UUwsAI8CZatiwVx533z3u9Kckwxh39/V0D1rRuBd0uTVQToyEpZILJHfevjM="},"indexValueMap":{"ABZM1/K+ikJQ1zrLDBAd4Ticv3FHPvcR3EdRXouRMTA=":{"valueMac":{"type":"Buffer","data":"SxJyAnOfywkvvXB4+eyZbWNMHYzaT1S04MC+d/u3ZcU="}},"B9w73k7hgWnpb41lRrH9cKWhPJBaU4lfoca5C1AcuO4=":{"valueMac":{"type":"Buffer","data":"CWnp5G3ycqzenGDaBouF+oCAr5HlvXyItGXium94gLo="}},"D911RqIqFSAkB8lY6UC9GeR5yD0u6wk+M9yu+RFW0oo=":{"valueMac":{"type":"Buffer","data":"sXnSzy92O641cxVsxTnIXBhAvqtlDwzUsx3ychPX7bo="}},"EFMR2qCiK5IlqOhCCdtYQpSKYoBHrN2rB2iOYIbEFUA=":{"valueMac":{"type":"Buffer","data":"rUmQgvDePX/RY0lM0LBcxa9Gv1wpdxtM9gkCfz/F8RQ="}},"FJfuoubqZHnLYlRW909O+JL1V64B7UftYXvNkX2YNSA=":{"valueMac":{"type":"Buffer","data":"rl9M4iKsfJIOBHMuai1Lk4+ARzkJAXNB9AkujINETZs="}},"FQ3v+0VEGYrpY1tKRk4YyqRrUniE21oOUo2ndXiDlsw=":{"valueMac":{"type":"Buffer","data":"OPmwadsZxw6ZrZE44qQ8q6x0DnHV/PWHMRB/hv/mebo="}},"FYip9CP4CYQTC+F9wKn/IoEEL+G9u0AmUaUr2WF3P18=":{"valueMac":{"type":"Buffer","data":"1VpjZYQUlpyTuugcoPAbeAZJF1F8+i8zzchuSYKbxD4="}},"GdoGF2/AkqUGu+2mbADXAUjSCEgb+Trn0EfvBQUwXCw=":{"valueMac":{"type":"Buffer","data":"CkA2Npqypry7N17ePtc8tOjD12m10hcQrewMornePew="}},"GrwhbR1rC3lh08ihYVy9/K6FrdoKBtsVLwvZn41hdEU=":{"valueMac":{"type":"Buffer","data":"gSiClf0nbTO+EGb45+GBmrXZ66+5qyDMi8l1vGTaye4="}},"GzKsGXjyvS0IP1uumsWtBHBHQDB4W684W8mV/LdeZvE=":{"valueMac":{"type":"Buffer","data":"N3INET7DPf76TULOQ+00HYwGFYzVh9XC3SLeFZ3ygt8="}},"G/eyHKQj5F9hnSgUIOaEqkcwnOp+VgXFKPNOPgQaHwM=":{"valueMac":{"type":"Buffer","data":"qG0Bokiw0pe72Ux/6uIvmFq4PlSrVsW3fWkqzKxlnOo="}},"Im8dVj3hxIQJ0DX+47DACmfE6ZAzc2bhK/xQ8kzlzAg=":{"valueMac":{"type":"Buffer","data":"nZ05dGuAoiw7+z76H7nDibRWyyJNmhsz6NOvClrPYQc="}},"I61YJD9aoRKHFIeIr5ypi4LqpkR7ZuvA5VO8E1QJFT8=":{"valueMac":{"type":"Buffer","data":"AA7HIsx+vaENjGPDRYfGfkNnNfR+a6Nx+977Z9GKD4A="}},"Krm8Jn8PFKvCybU4tfAUKgj35zVV1Ov+av7r6ZaD4lo=":{"valueMac":{"type":"Buffer","data":"hHpwhC5XN0gIJ85htp5B8Lx6mTt13jepmvAGSa/3KXw="}},"K4tfGZAx2XPMIrdIafK5TNKMXmQeNH8/93xCin9sDCg=":{"valueMac":{"type":"Buffer","data":"eA7MqJBwaSoUytRyZ23wIUAA5GmnbgSQXT9K8Aofz+U="}},"NNFQ7eVclouKKsHDESZf8pf5i0Q1JZx1abhc1djMAb4=":{"valueMac":{"type":"Buffer","data":"8U5TrK5zzD+GcNUSodH+m73uKEMCG+FIxUpUnlj4sOw="}},"O/oNEdBt6mb8qM666m+pcjRq13VlEdTm22zc+X9Om6c=":{"valueMac":{"type":"Buffer","data":"mhAghEl0d+GfpIwDKTL+W3ih3z7rbueWpQzVs8k9zVI="}},"TgnrV+YiO4tJhLeNUOvWHfsMGzd+p/TEE+tGFWzcwhg=":{"valueMac":{"type":"Buffer","data":"W+9SGcIWw23ctrmducl5EeG7N8fSIA9s91wfmTADP9g="}},"UYMbBxQR80tP1En+yf+At9ard1ehBle6gjBwVn2Bcr4=":{"valueMac":{"type":"Buffer","data":"tAkVnsJ+wvuZBy3A4cqou3rpb0wYuNyBh4s0ZbG1q48="}},"VMOki215avCTOr7uuIxWB8ts00ucTYRrJoomGRSyC0E=":{"valueMac":{"type":"Buffer","data":"g+gHA8MmYsPyRgEK28GYv/CSeyykFsKGMlorn7hyeX0="}},"VUGZv4LyjJL3MGWFkoCpuhtO4JARgVkuijkRYC6n5sU=":{"valueMac":{"type":"Buffer","data":"S9EqJd6qjTd080vJJwYzwRt+YFcyAOOqsAP/5yMj90k="}},"V00dLlmOiujq4mPUkkA/+KzwOKUsNJrU5+VEGrQfnhM=":{"valueMac":{"type":"Buffer","data":"BXtJVDi7pEgwU6GQrBvXhiqQsYnbqTHtMNH6Hm3yNK4="}},"YMDa1/EZoiR1DLq9dVOKHRjfgWGaS7LZzpED9nAGd6w=":{"valueMac":{"type":"Buffer","data":"8CjpWP2O8s6eiaifOilyuK71vRWQ4BDPWnkCQ+pwc+E="}},"bph8OjAw7uC7RrXBn1Q9tU22LwCumhSxSJm1Ni6A5iA=":{"valueMac":{"type":"Buffer","data":"QS0zfwkxFrsD+Qjg8wVWX/H0BwFZaO7c1abkqxwLvKU="}},"dHiaaBdrVje8bm+IjsKE7LYOTpjcf6yNkb/7Klx5S6M=":{"valueMac":{"type":"Buffer","data":"vuxWICf2uQosdHx8AsTIBQU31IyG7b9JgRtQ0qRoCWI="}},"eztl1RGUH/RojgKBqL+o6IK0XghIypQnoNkG/AEAKhw=":{"valueMac":{"type":"Buffer","data":"LIlHqpOpwu1inEumQbhEV0iby1HkqKWD3jMotylm2Sk="}},"gsl8dQagsMPMpvv16FHcRE8muinUngT9feVSaRkV9Ns=":{"valueMac":{"type":"Buffer","data":"uzG71hbjnNr7hyGjkmft/VZxHhfNYDFzv6IFjDd8K/w="}},"h4GwHS3gWquUV/rgVFeDoJUC4PD5Va9OwnldFIQ48Lw=":{"valueMac":{"type":"Buffer","data":"qUDGkqJRYF0y5M9VfNlCt5I1IyPSNX7qrQLzfTGJH6M="}},"kIlaoqqlgrf9AQuh1SYUxoAZ2NkM+zTqQalE5txOa8U=":{"valueMac":{"type":"Buffer","data":"3RiKPCuD/pFoK0XVeESQTMPe2ey0mkZhjSewBzQkpIY="}},"krFhDd/+qG4Jaw0DzkYI3UEPvixzwiHzi6WYwrKBOMI=":{"valueMac":{"type":"Buffer","data":"1yNdmU2XZym4FiNHRzwNXOt7rrW9D8uvUIsV1GUlr3Q="}},"lA6QpRp/QZosIarlMhlcknd6hRlpnwJ61Mk5Azzk/Fs=":{"valueMac":{"type":"Buffer","data":"+mWmvbh0uopqoz3gp/fW0Ft1Xfd5kb5vnHRfdJnih0o="}},"pKelsjLbU4Cea51ZJPCc9v8U5ygES3HJlpFQu0isloo=":{"valueMac":{"type":"Buffer","data":"0fJcr1e5rhAMI4tm5phIkSu9ub9yzNOsvsGj5bE5dNc="}},"qJ/4DZu54ecdemwbmYQgvWimhxq/zTi97RK6ODx3t3o=":{"valueMac":{"type":"Buffer","data":"UYXJIdbPGMM3qdiaw7PAo5O7CsHjxALTybKCmA22r5I="}},"rOPempGKyu6a4A2s5XEEFQk0dV9Ly8n/3QvMkWo+y0w=":{"valueMac":{"type":"Buffer","data":"fxD1Zmg7Y80Y1ehrxVLJpYQoxjbk9XnCo0pky4XbeLs="}},"rV07RgXYxjFlnIT4eAqre57Xr2kTaCD+ZQ7hTvLcixM=":{"valueMac":{"type":"Buffer","data":"XLW0y1ZJizhHdoDjRHQhlaF/0AqsocpZwDs9p46CZlk="}},"sK8sfsBkbX3jehNCnAGHN6CYkrpYHVeMN9V4yNPWfDU=":{"valueMac":{"type":"Buffer","data":"QbraxhCB5ZObAU9PTBwjPBn1yFlUSOOZG3KSgFKp3Kw="}},"xah7SAuojh/0j3frtmvkDAqvTwsCLlgm+xJMiG0fzh8=":{"valueMac":{"type":"Buffer","data":"DWwVsE1Q/codRjXxKzoeYtfMSQpw8M1vlf/CluDRVso="}},"xq76DrpnHFclPBn3TuaspA3mJfTS3IvHcSZNKRGLA/s=":{"valueMac":{"type":"Buffer","data":"hnbV0jl8Sr2S1vZ/yoU8N4taHHuHb2EZsElMMaH7ixU="}},"yDnjlxkyKNWJVJXFnS28KpJfTmm7q9mH1UokIPQF25w=":{"valueMac":{"type":"Buffer","data":"MuNdRflgpTpeciWMSl/YEhum3nkUq61dbLOx4tgV9Ww="}},"y/0acyeRqMbkTQEgubLVhEL1n/6jniE7QaoZXmG2nPo=":{"valueMac":{"type":"Buffer","data":"Z1yhSy5InkjYnUrBeVQxp9IWba4FhsL74h3GJwkxm1s="}},"y/9RqHAlfmzUn163HQB3O6UG3/fiR0btd/c7FKtP77s=":{"valueMac":{"type":"Buffer","data":"n+BBPoPennL9T6axqtu+Jp9d9M2/HGZuvQEd/qrtceU="}},"0pIoE0NATgmq9NK+doUfoS5RHRHwuOL/voSYcPWLNxQ=":{"valueMac":{"type":"Buffer","data":"zJPj0FHAEK+3sjX2hxeqrXrwFlIf+xaD5vr63RzqPGw="}},"2s81cnIweFi4SOJu2vzdB8OH400eajjZsdRIwjUlOMM=":{"valueMac":{"type":"Buffer","data":"Du1bB6UZrlWYo31Su7C5DIFmztakcuEdwIGETrA/mBM="}},"3/RH+HQQj12jGq1YEXPKitZO3sAGM/3b8hUDgQVeO0Q=":{"valueMac":{"type":"Buffer","data":"p9ybZmA3geHwMqLooiihlkT8TXvdPhanbKfojonyVVk="}},"7S6hTrV9v4uymeFH1b2eBPzulXW8TfmfV9bDuwQfcp0=":{"valueMac":{"type":"Buffer","data":"sUPtidBD5+/dbH/TPy/gzycQ92cCZlsZIS3mqkHngPo="}},"89h8Io7RbQ6lQjDNcIHRjwQf4LoB2Rnjue9g+MI8YxE=":{"valueMac":{"type":"Buffer","data":"oqdd8zNH/3aUNQ91qNLVVuteusHTfhM+IKnNT6p4rjQ="}},"9+TR6X4QUN+OUcjFi1PZFO3ajV1/9OskJpyd0vHeVDc=":{"valueMac":{"type":"Buffer","data":"39BX/SEo6AlJuTf+UbPNBHiAaj2RbW3jIoIB3pzS3Hw="}},"faXeAqtoS0KAn3oYRok+5t4B0+s0LKoUWmhh6PCutdU=":{"valueMac":{"type":"Buffer","data":"ja/cVEukyu6yp+vE3fZ3k7vU20lBbP5YaanqxNlE4Rk="}},"aI9wqanHKgZXGz/xvJRNLMzl2bdIBMDoA06sQxxg+Cg=":{"valueMac":{"type":"Buffer","data":"qTCKP5KP9Wpl9ri6h/nfPEtEghdF2FMho3DBYO4qH5s="}},"rZm7DMz9fdYUNgmg16gDyH0WYszu0FsxC+YWV1haHZI=":{"valueMac":{"type":"Buffer","data":"XF7txC23CUj0XuhcfC7JpLzSzRjwDH1U/W0kCTsAct0="}},"CF57cAWYV97tD/lOIAGDWpKFNJd2CgJy/kXsERZnJqM=":{"valueMac":{"type":"Buffer","data":"+oBYTk3HlpO+gU1E6deE/VttdiGFfn5Jjci3EpvWV1g="}},"87yP39XSo+FC42p+IAR7iZaZ0MuzgwgHRMmxGa+V7Ek=":{"valueMac":{"type":"Buffer","data":"JabEeMCCdINRA8AyHO9+BPHZmBCVcGtrk6gMLWFqUWc="}}}}