{"version":15,"hash":{"type":"Buffer","data":"UkKnMTl1OhkDndm0yU4Eg82/mFMiCxDuSDIACPJD95/2o/ggm6jbQhVpLGaptizR/slsmljww2Qkk3uI00/GnjhJZsEAu6xNrZ7d9jUhEJukoeD35/HkxIWOvodJvQuYOdrnLF+baUmzf2yLd3UfvGJYLzwGJ/rqIjzLaBwrfns="},"indexValueMap":{"ACx9XoZZqpW8It4P+HxM+1kwCExlC4NhWRSvEID2hZ8=":{"valueMac":{"type":"Buffer","data":"1ELGXgAqzWGQOwqP4FSKJjTZ/KLV858XiACw+oLi6ZI="}},"AFI5Cq19hVsCtxde/O9rD8dkkFNoCK4gribTxiIdqnE=":{"valueMac":{"type":"Buffer","data":"4Gx2/VMRkZXtA8yWozdhnROhjuxWHl7QXemYFmRa1fw="}},"AbJpaHRslfgdVaQ74vbgWPtzO1f0adRp6+0gEr9x62g=":{"valueMac":{"type":"Buffer","data":"gOQf33DPCnYbvo5Ryl8ymiyErpYGOGZCIrcoLn+76k0="}},"ApYGSTceYi/YcAXZvUXYTv0qtAeEfJNF15y93mMf8Nk=":{"valueMac":{"type":"Buffer","data":"30ZVk60Xv8J6wHYkqwixDsp+SMiEevWBPx58SKLe1sY="}},"A41WcN96Ye4Zy7TI+cfNhkmKxR5g+tn3THdX+4h6snA=":{"valueMac":{"type":"Buffer","data":"yDgXZWROoYmTMt6funzKnGZD37ojV7z6YJTf40vW4rY="}},"Be4wMN/1CXcvXzDlhVJRjRxwGhuUDqvPahKzW6oasAA=":{"valueMac":{"type":"Buffer","data":"38JIlTNTFK4OB2yf1VYbAQrJBRmw8ZiuX4B2jTpNg84="}},"Be5ykoe9PNsC04XWx614hkUvXkt1PRQioRlKTToHnrM=":{"valueMac":{"type":"Buffer","data":"zNB7o35dEjzWIyrYLWyM9d9Pr0LLG1A1osyJktpLL78="}},"Cl92rJzV3xOEYNZKHdsp/hHgwh2LbRaWrLv/2QShaFQ=":{"valueMac":{"type":"Buffer","data":"FeOUC+k+KC9ZE2GFcGBPjEBbt+X0WSSvS+CvFLZp5/8="}},"CoFvl7C3fsEaKib22GSXvh2yXhM80Un2RWqfQPPY1SI=":{"valueMac":{"type":"Buffer","data":"silu1Y5lHg0GHe8CxaAz/cStuwCCOL4VjjiILyfQTXc="}},"Cy2XMA3dzKTS7siVG8FSGeyrasQVIYcPcjjRcSk96GI=":{"valueMac":{"type":"Buffer","data":"UZ2JdzhMj7FXBsHPjuS54lR040qZ8BDb0iyjAjzTAns="}},"DE6UD6b7vYbkg09fVpVujSU9HNN2MxtGke+zPYLseK0=":{"valueMac":{"type":"Buffer","data":"NUxIIO2x/3aUfL4UPbTPLPFYIMpJl6xlivLDhUsUITo="}},"DLLoD1+r4exmZnlfILPznaEMBCL+5cIo3fHdhsfn0tw=":{"valueMac":{"type":"Buffer","data":"5sMqts3p6ZBRF4LJVMfuK8QLHevSE8UrqVcHn/t+GpI="}},"D4/Vp/FQbN2dVGbyId9LdzRBhoBy6neBMzjqtsEBjyg=":{"valueMac":{"type":"Buffer","data":"PirXdYq3o9l6DSKIha4LBLew97dVUbIDRJLIPtTremY="}},"D9e7+LqmEKOCAKNVmGsbla7HBGHR0c8ZlAKVuZFFCDA=":{"valueMac":{"type":"Buffer","data":"2EAX+NrLg7RXZZkqYFrePbEMjYw5JIzpsexFtksD0jc="}},"D+OJHJjZ2LezQj+kY86XxCgTIsW9j+d75LK0z9IUysM=":{"valueMac":{"type":"Buffer","data":"q+WcaF22DzGq6r5Q0E6Pq+3frcE0xKCqgrE4wARWqDQ="}},"ELBCqcSCkMrmpKvuAStpnSHFjh+fOvImkpwoiRQXVcw=":{"valueMac":{"type":"Buffer","data":"hu46Uy4OZrz2FlPO2US1dnt1s9HrieBsFhVkO36U/u8="}},"EZo60/2AgUy4105fwS8x+O7/akSwLkbx1BdCF8Ot7X0=":{"valueMac":{"type":"Buffer","data":"9tHYbOEEXRVpWI66KE/lxbmlZGblj+e7mQItwio7oYY="}},"Eggvatieb99qbKveWc8LmQYntCxPD6qx64hmFlbE9po=":{"valueMac":{"type":"Buffer","data":"6EUyTDAJwrtKQgiVmEWW+vg55bNEVMofMSsxOg3yqfQ="}},"EnWKegOowBM8GL3zTgaeCFnw2eqF67wdyW0sGdlWgH4=":{"valueMac":{"type":"Buffer","data":"LXSI/hQyM/p6mTP5Z8i69RVvK3kd1OSB7XuHHIZaqQI="}},"Eq6X4byqicSVL8OsJpYZeBFCOT6hO4zxQTiCqGUi2XQ=":{"valueMac":{"type":"Buffer","data":"clhBxdLTQfpy4s5XQ+DEY0rsljkR8XyzZO5CM+rBIJ8="}},"Ex24wMeR6+sj/bu1Vi1u1LVh678RgDt2XdTzr7RiqaU=":{"valueMac":{"type":"Buffer","data":"4cH/SNLJhMhz6GMlRpjHYXyc9Hxn12PacH5SzbEMcMI="}},"E/PcN0DUWXENRfGnxdsO3Quk0zoh9sSfcHF97df42ks=":{"valueMac":{"type":"Buffer","data":"QKvmBA6NIQfBq9I1zwEPi3XKmP5gWHfSFpAto/SfINo="}},"FUwvn3FCfMuZ7xNzHfTVZvLCLqgBntelrxqVzh0/G4g=":{"valueMac":{"type":"Buffer","data":"ccJeHbbpHF7R3fgy40g1rHtRuB8GzQ73/hXGVgbOvPA="}},"FbiWiyoX45HVShxnuU4Zsiqh5LunbsHPBFOfr1qvzZc=":{"valueMac":{"type":"Buffer","data":"0FY8Cojb+nNGRk39xpuA4UysLFZH/bakETDVW1EKp9g="}},"F5fUQjttSy/EOKXbs9WguDQhu/lwDJ/x0HP3tlaE9Q0=":{"valueMac":{"type":"Buffer","data":"eDYikruMllnYA4e5j4cn9UmiiKZMg1bho9tF2RFDA/0="}},"GEnZ92L2QVkoToXma2+96tGFRD3yh1CgtC9QFnqgvxk=":{"valueMac":{"type":"Buffer","data":"YiEA5kSRg6Ki6oDoCuuoAQ66t+dBv8Vsj4lJe9BhZig="}},"Gh/nEO+7OZmxXKHy728OzayhMwXak7pVChaT//6srIE=":{"valueMac":{"type":"Buffer","data":"0cXq82W8+jxT9glYHCjVVWz5Bej8+6l/PTWR48KxDLM="}},"GsY52qatd7p68N7LNCZ+E1P56p6H+p4U+NdfiP3GXGA=":{"valueMac":{"type":"Buffer","data":"+ezm8SLja2VgXz0s7UitOtXv6Vk0U/grJezUHpyFHto="}},"GtSOXeK0wF90bB5TMS1Nq7aYEuxa5MZEJ8VlFpOYV3s=":{"valueMac":{"type":"Buffer","data":"Fui/aKaCraiQWqRPA7jcrJ+XlHJUToJowsdbl6Y1fLo="}},"G2wFTztgyaYdUF90tB0NngvkGv8jPC3f03LZrEJDps4=":{"valueMac":{"type":"Buffer","data":"PB68HceYu1lBSdpssWVfOclql2n1uPp5ggvlx1TfQnI="}},"HEEn1FWXRsaaFC1kQAlCS1mKKKxaybPVzhbk9fHDrWA=":{"valueMac":{"type":"Buffer","data":"9y2ziBBuFZeQPpEmKIBgz+f6jpnkLuVPucQa3DeNNJU="}},"HTbfduhUrkAmB/YEdFNIUDjJ/uA4zK2K9OS4ECohQyY=":{"valueMac":{"type":"Buffer","data":"l6WOmfnDr+ZWd0Zp/EmlE2W64NmZlX9FDu8fSZd1OVc="}},"HZTQLg5kiQkohI1ucGkVjQykRuEBPvH8o9vd26BxE8E=":{"valueMac":{"type":"Buffer","data":"3nOn21/V3beE2iF+09aH3XSAuHT3CuyAobpRREvo/Qw="}},"Hvi2HX3St5J92C8g2csbwm2OxQsmzEbcBi3euN865tU=":{"valueMac":{"type":"Buffer","data":"E2r8muzRyCGnpSRfGPGMEA6bYgftIQj7HzTpuxXNLQY="}},"IKt1n1VOX4AiW6xDr6wKFQbkR+Mm9Ud/vsmx88Kb8dE=":{"valueMac":{"type":"Buffer","data":"84tsB5OUzas/e/4QeCMXBjS2cP1bcHZI0rTzz1hoyTk="}},"IQkLhKLLOIPnlpXmaGnzObnM7yTydHFbAOwjY0o/6Es=":{"valueMac":{"type":"Buffer","data":"tx3taR+5C5qIu3NWxwsK7bUSQF/yDFt4Z4QE6JENGUI="}},"Ik2Oy3kLlyF7selPP2GneBnaBtIKMlv/Jz7bgeJ+hwA=":{"valueMac":{"type":"Buffer","data":"/VuTfdkJ0ZJEf1x1198nXkW+ojfho8PevYE8T59pfRw="}},"IsqdxDJoaFYroktV82FC+Tyg5spl0wF+3bYv3t98Gxc=":{"valueMac":{"type":"Buffer","data":"R27A+CRqGcoeNH40JrCkdLU/rzvdbPSyTKvcwH9ZFMY="}},"I4z6OltP3mgPj04TbLM/bkax/CwkY0NtSseFvcq1ctQ=":{"valueMac":{"type":"Buffer","data":"d5U3zFMl8bHtF8Yy3gO5pMqwe33h9tUTQrlGUCtSFs0="}},"I+URoypxqJHIA6SLlf2yGzlrMuhDyP9P4+6rnkmgqL4=":{"valueMac":{"type":"Buffer","data":"EZnJtjZBBtarX+NxgolzvosvgrrIjyPip5Llxxkjg5k="}},"JCL7B4+RvaGwoo5wl9utSsK8kKAo3rFCzv1CpbozWUk=":{"valueMac":{"type":"Buffer","data":"/8r1cgrfote7wEfsZzVibfcGJuBoGyEfnCZcmSt8r+4="}},"Jju2ASFDQSnfZOgYJig3UoF8Mk6byuZfUFcqHKI1/is=":{"valueMac":{"type":"Buffer","data":"a0b45WiCbWNiNn+TaHy6kJoWeHtXAlVUTn9JUamesRQ="}},"JpnxMEnGPR61eUsmLgBkk4P9hpsnBlgHUn7FLbx9flQ=":{"valueMac":{"type":"Buffer","data":"GcqBXIP+auTU6opGH4OCJu/byRjDHgWLf3ZpARkqvIs="}},"JsY7COCQ9lBBuN2woPbnz6NN75SXYS7MrpC0V84Xwqk=":{"valueMac":{"type":"Buffer","data":"USSK1dB4x7MCvVpn6XTsx76086lVNq/AtakpZC2zm94="}},"KOYyj0BiUAmwI62vfVIEE/x+feDGT7rRwe3KsW58eE8=":{"valueMac":{"type":"Buffer","data":"1XHLYlWKCWY2es74S2nCXDlBirWzVyPHvqJy4nSK28Y="}},"KZVoTqSNg/asbvmITgDtAvbVHsC57VVMdSueG3hb3YA=":{"valueMac":{"type":"Buffer","data":"CP9ycw0WlXr+G5utjsoVSMSjHeFE/czUWJgiIwGRh+U="}},"KcaRZGmAQj21E4gWGjf2wihXsUUiiwCY09lti0oYTRc=":{"valueMac":{"type":"Buffer","data":"7lkn+CnXBrg5NE73uUzplB4YFbD6HJjYbu5UvOkee+Y="}},"Kp3HJ4HQYIr66v4sTygtS8bS/FNhzdl35lkfhgEg5HI=":{"valueMac":{"type":"Buffer","data":"1TDIVBt/IYxkHjeJMjFERULkmHcFvLNEzQxFQBjK3xU="}},"LKvuPPi017UWPkuLtnz6h8YkS9KgDqRjV0PiEJYL3gc=":{"valueMac":{"type":"Buffer","data":"dYc54urGnZnDsBLgAMUVDOeg3kp/GUAwAP+g8yFh3XQ="}},"Lb2ayfWRufBuDSaZ+nDOY33u4vmLFKLZpvosjFlVW6k=":{"valueMac":{"type":"Buffer","data":"LM+alB2dR9lV9YXkrfIVFvAPb/Mn1vV3XPQ2DAmgVWY="}},"Lc+YNcZsAgJRoZjfQDgjXT/PJDaQNPSkGFNWZyZPOU8=":{"valueMac":{"type":"Buffer","data":"8dhYdrlyuEGH3I0b7d48WABNjm9GxvI2Hvy2AU3FtDQ="}},"LoVhav4jc8vq18Wbn7sXCvBTva7EYRkIzBysTP291Bs=":{"valueMac":{"type":"Buffer","data":"jTqpaf5kn4Pltfk9wXR9/6BFJZUUnJG5PBl+4+ND9d4="}},"L3jIllYvEfySG2SBJHVuzr61epRSkFxnrX+7tTxFfUI=":{"valueMac":{"type":"Buffer","data":"iILmiis+U49HEcHOQkupN1DMveOz1CNXusbVTzteb+0="}},"L6dDdfvOhQ7WHQkE8aNdBC7fRnQYT4odfecXK4lFjJ8=":{"valueMac":{"type":"Buffer","data":"2Qy8ROYJrJw2sqrxfzvf/BGhJkFqrVfUoK09uHiidMQ="}},"L7Xrm4LnWW78VlC01Uk7rHc6wvswCDQW9yk4J2Zd/Vk=":{"valueMac":{"type":"Buffer","data":"e6/U35YEdwvc1NrAlwBCz/Xri8mwSGdNTQeeNW3Dqxo="}},"L+75JYNZytQNZ6O4d53VzzBAtuBjgEhvfD0Fur0KRYE=":{"valueMac":{"type":"Buffer","data":"M/NCXYX1LoVErGTi3J3E2y+epVrROXpkhhqGQMRNAxA="}},"MOFka5jFCoDNQ9THllW4jyvdXYATfKzdwzP7DvcviGE=":{"valueMac":{"type":"Buffer","data":"/2rX8itfK2DH8IHFcQOcG2Eot78upO5rXmbECeyrYXE="}},"MWyuE8eLkm6OTSAE2+7q6Nx6CDWtYgOw55ITYtgDQEg=":{"valueMac":{"type":"Buffer","data":"f9W11C2tCuptZivYDMJawWjsQ466Csle/kB0kYSJZEg="}},"MqUQKAUM7dUrg6x5axFJGfIdIWA3br2GNKMjygrQ6sI=":{"valueMac":{"type":"Buffer","data":"jBTKLCZCJ+gS22VAYdR6Hfri9dn/+28o96GtfyvRL2U="}},"NYJ314danJv0BV6na3pbJeaw6SQ0nmZFAwM5hMOk/mE=":{"valueMac":{"type":"Buffer","data":"+FkN2DribZADs0buAu2OZX8Cst28Ol1YJjEmSP3gv+E="}},"Nkp0ObSctsAIqdqKZr7jz9sfDIRJ1wAW3x8h3C7bsko=":{"valueMac":{"type":"Buffer","data":"4QdHxwWZ1lG8n8R/gL75cb0pse6vTB/xiwL2PwPDGjI="}},"NsxSnYAVG0l64+0q1obaKsFeNaN8nya2e5YBf8A7l+w=":{"valueMac":{"type":"Buffer","data":"wbh6XuPUqpEsvZarDVKaLgDpqUo9pQ/ieCPwwc19V9M="}},"NwHdTtLMpmsvs0qcY6DFj5G3JWVGjM2RC0PIstwPkmE=":{"valueMac":{"type":"Buffer","data":"sbuytr2YnsCTICaX3sgUAjsaOQekLf0V6vuFFaPiAjw="}},"OO5mzbBdtWNflHEehIQp5YERD7ITthW4B4lVtpwRXR4=":{"valueMac":{"type":"Buffer","data":"Y7Q30Gz7RTens7tSyYqkpk8lNb7LtR2PSW6LFRdWSRs="}},"OZ/OysGS9ldNzrpdAqWynJNyn5pLCeb3tfjnWP4+2jk=":{"valueMac":{"type":"Buffer","data":"mWQL28B742cE30UmYYiquf2l5NRiTvfmpxBnS1Fji7I="}},"Ody3+VKwK8HS1Zygf3sTauvuZVSyzW3WQM9x+LBJIjU=":{"valueMac":{"type":"Buffer","data":"hpZpQtn3juumuvoMUDozSCakNbP9LzYXQcm8+6KphGk="}},"Oi2pVBr4i7RGHoe386OT9RSWidiu0BI+G4jAV2V3bX8=":{"valueMac":{"type":"Buffer","data":"w+vE9Hn+B4e5/yoUkIiXZ+7xy7hieVzixPUlEbCvuqU="}},"O2N8Hm7/oxbMFyOUIvtoupP3hBFupTBDqvnus4EMtYE=":{"valueMac":{"type":"Buffer","data":"SBXOWnwp09b+9px1Y2S823Q2BjSt7IiXj7pSzcn3Yxs="}},"PAsltZ7ZfRgsd7LbnC1mb6D+OMF8u85E63incx/A0vA=":{"valueMac":{"type":"Buffer","data":"fjWasQkTvuAXX1H9aItem4P8tyKPC0jDYStvOanmTyU="}},"PA76Nk20Dz7qy6McNhaV+Ial1ZaTHLVx5ZO6baiZrgI=":{"valueMac":{"type":"Buffer","data":"ElFV4hIB4dqwgPKGHjOhF7ciY4XNMQtswB9KJc3gKJ8="}},"PXO9sqOcaI6n2b6rGqIaDtTrw6dY5R595TKkQczLHCU=":{"valueMac":{"type":"Buffer","data":"Dcn5eDscZgcr1gjaPLG4bUD1JmFVrWL5GhCCKcHE/JM="}},"PnveyLRnLLLtxUhuAByIM1exVQB/B7dafxzyU8JzHV4=":{"valueMac":{"type":"Buffer","data":"OS6xg5MqufQ97tmR9PnC7Ho2L2746Humv23vmy/Cr54="}},"PqG5WPRtjtJrWOo5g/Q9CSMEco0UhtcQbA399b5Dn3E=":{"valueMac":{"type":"Buffer","data":"Tyr+iBftCJ5fPKcuf1Ue7TKvNNotHwZ9ce7eTFXx//Y="}},"PuQQqVZltaZoPxqU5fFxNwUVi18EMVId1A2KBIEyEcI=":{"valueMac":{"type":"Buffer","data":"QpffbP/9nrbF+BUQl/dC09XnkTHoNgJd57JdsxIVQ7g="}},"PwNbJ1NYWwaDiaCsiT5ytvX0Vq232O2xdOdZF7PU6ug=":{"valueMac":{"type":"Buffer","data":"EO/660D1MWZh3iXoqXx/HpVRuO6XjH1q642dmkwv1tI="}},"P2utVhWbty31ldQ8vQf3dxGToruDAaCZZ0iQAdhNbtM=":{"valueMac":{"type":"Buffer","data":"pXKL3e6ULZu3KNQpmIYPYAgIq4cRH1VuVWHeJNhABS8="}},"QB+4nertENQPT6tnHoxG3IU2MFgc8qsfuxuK22q822I=":{"valueMac":{"type":"Buffer","data":"+phTDCctLsOAiUwi2UGl/fIkEVDSVavmwe/h9WRXUeQ="}},"QCcsVISPv0hXYllKn1wYF23pbJrGWAzdHf1pkOVycmc=":{"valueMac":{"type":"Buffer","data":"xXGeWiLF6vg13uGH+l+UiSPHtCRyIXU9qvg4STQyWWA="}},"QDsZxDqPAiSEt1Z9ROjySyV2axda7F3hHpAt53tg6vU=":{"valueMac":{"type":"Buffer","data":"dEornRd06uYHiMhLH7hYnOmbigwhCSkC10VclNOyeVk="}},"QJwyUGzGdtVB+0bibuA9u0kQL8lNGHh7d05dJrT281E=":{"valueMac":{"type":"Buffer","data":"HoUOxF80ExVjJOH567QcmD3fGcog40ETUDGC691aaRo="}},"RFItAW1hblO3HfRvAxBeYzp+O0JDqOdQ1FocFiV3q8k=":{"valueMac":{"type":"Buffer","data":"5vfM6tRTSd9Ut0++ODYVnMV+AB02VTqNgRYY18J/YfE="}},"RQJfosNdpxOZt1EMeDKvAF9mjaijkXX+gZwLMHtWK6Y=":{"valueMac":{"type":"Buffer","data":"Z9s6NWdCNavuOBqCNFOMHn5bZRi0axVNdMD1EkKNdbY="}},"Rof6nDGaGS0L8HlFr0TS0Xehszyb8yx85AnAyBl9PNU=":{"valueMac":{"type":"Buffer","data":"L8ehMvMWWGEqGDkMYtk79Xpq1XZTPBC5RZAS0OJwUTQ="}},"SZY7XRMvOz+eEfLXfxLf/NksSYz8bFtMJ8Fo8u4n7p8=":{"valueMac":{"type":"Buffer","data":"4I1bib2ZZf4qMs/O+xw8sDi3wHDIXxTcImSZaSuEUGU="}},"SbW4K4doWjqAvwD9MIhPpKXMxFnmazaa1vgVZdoIs6g=":{"valueMac":{"type":"Buffer","data":"TjUWsPXEQj4HxV3tRaU7Bid8ZFu6cjXQW+2HcjWnChQ="}},"SnOijCKy8uowVRH3ldkMDiF55166jCj7wH6o3Rcf3bI=":{"valueMac":{"type":"Buffer","data":"HYIvmsEpcK+kkEJ8+MRgPLAovQm5/xGNqH5fMbBwOjs="}},"SoEAmF/hH+RyGnGx2rvkwM1VJoUFk2oDxO6IfmmCoqk=":{"valueMac":{"type":"Buffer","data":"a0RjsQYmyTgq5k+Gwmtv0ln0jCjZb9CPPrn1xi5sIEE="}},"S9htapBGHdrKpysIKMB38WQZLX1qN0YcT46HUHqN6y8=":{"valueMac":{"type":"Buffer","data":"fLHziMVAB97ZmuEohO8rRCca8Owb8GwEerCXkEg/Jyc="}},"S/D/deMVzwP4bVO7mpdKfd+ii1t+YCX/WiwEAk9iGgs=":{"valueMac":{"type":"Buffer","data":"Zl9zbYmGmu8w8MGBsn/SFZhyJc2fFiYb/jZ8BZQsOps="}},"TPVFTL82WBy7oRaiH0z22I7wi4NKKLxPuxi/d7xW6L4=":{"valueMac":{"type":"Buffer","data":"7LBWNVJ7+esfTNbdowHMQa8s1NRjOCxVr+NfNDjQ2J0="}},"Ti2Jpz0ArAznsUMD0HfIIMorjcFM6YWCV/we0MEVEsc=":{"valueMac":{"type":"Buffer","data":"yrwUde9VwyoZL4A3i+oFrY5L4GR/m40ScGKHPeXlYV0="}},"T6TDKmlJtzwBqvPjfrYL7CTr/kqxKa/vfDnczrIhoBo=":{"valueMac":{"type":"Buffer","data":"9cBSEgbsV/8uPzgcsQfFN0mV+MCr7LwPMy/ybV88VKU="}},"T/399r0H0P8Tcm3y+jmx/UndaNzLCTs/FFvjOK9QRE8=":{"valueMac":{"type":"Buffer","data":"Sysku5mDC68KWDjfgquS0+KQG6DFPPfiltyzEV+StHQ="}},"UYC7yrCZneJq/HWWZ4HQ/7aWXQY8Y5vQMDDgGH6LywM=":{"valueMac":{"type":"Buffer","data":"EVMDPlW331acLhMGd5iSX8Rr5w7yXxw9e1g3ydipuew="}},"UnWD2BbAowj6mwHyFpwWyg6SqcV8oPg/0DMouOpcR+U=":{"valueMac":{"type":"Buffer","data":"ymj418T7/JmE10ut9GVfCiSFWQde5sDE+iNUM+OM4oA="}},"UqcHqpfRe3VQqR/QCXoALkr0DRIniDLCV0JVrIXB6Bw=":{"valueMac":{"type":"Buffer","data":"WCkcbWhpitkb8iyf+cejkWni1veGY3rRuaD3sN0z/kQ="}},"VEhqSukfkTf6j8cgo/oqa1qSj9H6NhlI3Hb68ca/DkU=":{"valueMac":{"type":"Buffer","data":"YV8Jwu/F2wGcp6VNFPFRJDMnWaD9ILJVRo3VxSbmN9M="}},"VFc9mW49Ck4Dk42BqJ7WPHL9rtdNH2HbIDs2Z299FTg=":{"valueMac":{"type":"Buffer","data":"4MRtGflyTy7IU1JaZNa+rGGl0zsEqPq3rPJkqjWdL8M="}},"VUCa68fiDHmv5LWz9OBwnGYWdz+2NdC0x7RU3SZ9QMc=":{"valueMac":{"type":"Buffer","data":"GHbOPR3mQKhPXhdQB+LT05mv/B3C9U63TPu16pXKPvI="}},"VhPTWeRAD6u+FDiaAuGHRqtwf4LdONDeiMX6cCvisWE=":{"valueMac":{"type":"Buffer","data":"dVkmih4QlPZxZHAS3EU5j2aFXrPtF3a91ttJjawM18I="}},"V6d4r0QlDTtEIj2rrAijar7vfKaE4+6zr9t2H8fq6KM=":{"valueMac":{"type":"Buffer","data":"Lyd7lYi0FSxO5gi6rMJkYz9UfsjUKe8vMLkqt8E11vI="}},"V+dpKNVt1xPgPPPcfcTjGwN4X5/VznvuD9g9oeDHYkU=":{"valueMac":{"type":"Buffer","data":"YDUKTnVwY1ng6709zwwxUWljj907ML772T5uPUMde+4="}},"V+o92UP0n8KTD4vlBlmG4ZLrf5mchUw5wwzyfppbMAc=":{"valueMac":{"type":"Buffer","data":"wxJ93sJj0+kVppdAiskZ41QZX86kaPtRJ+PMH6eLRTg="}},"V+xnJlEuO1jGo6tY8eCUvE28xwD9l5f/MStci0TH5uQ=":{"valueMac":{"type":"Buffer","data":"3hHlw6zjIzbCx1XSYjhipwXx++d0HlpOPgLzVeY09M0="}},"WkRuYByynkLA2hzkSQDjIPr7tpzDeM2ehB9I7Z56FjI=":{"valueMac":{"type":"Buffer","data":"J7yDnbe3hnrx85beDBqGuHc3ll4fmVRkEpx0cOs4SRU="}},"WyzP1BHu3k76tcp6jsKSmUGl9deE8IJeglOS1K0XdpQ=":{"valueMac":{"type":"Buffer","data":"m/pJpTw4AivtCXDk+q5h60ANy4rEH9nAY3CG15Dd63s="}},"XDrcpPDzK3eC6ljjoOBaM/XK/L//JnTB2erQHD6ilCA=":{"valueMac":{"type":"Buffer","data":"AwdKxLgBTGZOa3fWIh78bo77OgXi9Mkmhvlss+V9ofs="}},"XS+nJlLbX/zafoxXHPTIvYF9IyvBvtUNTUQD4lJtcRo=":{"valueMac":{"type":"Buffer","data":"uDAj5hZWr6ypKoD/2owuIhXXPvxDIAEK0AvQ8wKc3gk="}},"XaFn6/GfPDyOUVprMokfx8zpUvNAFiIFR6dP2F7F97w=":{"valueMac":{"type":"Buffer","data":"ObhgX0o1cVjB7tr8H3tzvxIH8MV8xYD21pyAB8TfUFY="}},"Xp5RhOQjvRN0KOwP/Q9BeSdqEli48BB8uZz0O5rLRdI=":{"valueMac":{"type":"Buffer","data":"aISsR0UZmnD0Bovp5laZnJCj5Uect28ypN/skmV2N5U="}},"X5ib+g8YZrhGbJKdp8ZH7jJsFsIkIQfMmPUsT8eLKR4=":{"valueMac":{"type":"Buffer","data":"imCHJF9fM7oImhxRNKQP8EfLeBaqS7XmXw5THAoFvxc="}},"YDuxp1HYIH3UXk9BrgBaxKLUqLCTV4e0lQcj5JVZjsc=":{"valueMac":{"type":"Buffer","data":"HEu9BOh3brdEjSkmPG7Bs1mlnFa+n2BoFZJMGl93P7g="}},"YFHUHCeXMKKrvHbEmRSTjMJztBobWlvB1X8Hunmk3UY=":{"valueMac":{"type":"Buffer","data":"kvCm79swai32klLV4qyagEYhYGGRgCaGdVeZt3cPw00="}},"YNKBqkNHu69cMYxxqaRwv9m5UjCX+HL7w7CkLCXuvAM=":{"valueMac":{"type":"Buffer","data":"z0uzw6f68Wbl9UxAMb7FDtO9SLhPViJQATODrr0t9OQ="}},"YYyU/pkKAkdL23/aM1o1x5DBHDxHjnVfRvQAShBDK4A=":{"valueMac":{"type":"Buffer","data":"RiNRCu8MKRypGApwo/mB0XakAqv+yIemHh8YC6cI9mc="}},"YfHPlra4GG15j0nBbm9TR6TfKX5TR6M7nolxwgO1638=":{"valueMac":{"type":"Buffer","data":"NcGv3CGKy3VFDNMs2eWUSBOTh2zRYbdM/GnLkUkqzus="}},"YkKxLLrqP4lvKJEoolwcYvGC0Z45ioM8D7T8JcoOato=":{"valueMac":{"type":"Buffer","data":"uC176FV8GnodXBD6pUamgDL0zcPYNSz0sAtKxdXf++A="}},"YyUNzb0MkYvpY4vUx8sYDPCw9pe7eCP8seRuLYHe3GE=":{"valueMac":{"type":"Buffer","data":"5ZrFdxCNbkuRpK6AOr8OgeUDzmmTvhem7xKetsJorz8="}},"Y3ciqMB4u7l48uSR2pzgh/mxc+z3+r+PlZf4JqMfaBg=":{"valueMac":{"type":"Buffer","data":"Itac5ebV8dYLTMy12EJY0d8d9Ep/P2IztW4ac7wrqUs="}},"Y4R6SCYbwjA7Yma4pxhRAUF5ylvMz3H2fqmb93GLq7I=":{"valueMac":{"type":"Buffer","data":"ZHDWSULFzYuM1iKalmDoR+JuF3JhAntGu1UEdtPtK3Y="}},"Y64CTgPFa8B8GMLeEbuSF6qZ+A1ZzrDBbmCP3OV5Ntc=":{"valueMac":{"type":"Buffer","data":"jwT93+2Eql9JUNO6pErTpKIZYjZgVf2TDqKWL4eV5SE="}},"Y8S0LTDuVKA+cCkMUJgExu10ROfmhsAs0lIDjn9T89M=":{"valueMac":{"type":"Buffer","data":"e7X9sJ1o4GZkHVnhJMQOsRczeBEEI8cfSE1R0c0ZncY="}},"ZG6Ds0dFE8P508aGW7I1k38uLxFXFsdzKIIpJpAi3o0=":{"valueMac":{"type":"Buffer","data":"svHHIpHv0BaNMopPvfugHXLx24D64xS2I3L0XqixwRs="}},"ZUy6brjj9jARUEEq6w7rLWZeMApam5nIbwZWbq0hJ4U=":{"valueMac":{"type":"Buffer","data":"UliuDB0nuqDLXp5nouvjXAC1JdUWudnlO7Dn6XjclF8="}},"aB9yxwsQP/Tkfz1VTeuaklYTeIYMv71ST06Wa+YOYLE=":{"valueMac":{"type":"Buffer","data":"5LS0o/B/bVIINSYoEY65XT7lI9zfmiik1XBKUcI5gLY="}},"aJmX1whJTEfcBLUoUlNaXKAKBIoIbGOuiP19piEh8Ic=":{"valueMac":{"type":"Buffer","data":"STEQR3kgofs8hhC2g1UzrayiqhNUfQcw++Gt34q2nAI="}},"aNyVMOsQ8JVkd+JtO6Z044bLoMYjH4K9jmcnU27igAA=":{"valueMac":{"type":"Buffer","data":"vI0B8NzGPEWkgT8S3lywD7Cly0xCb94nKHjrtFWqRTY="}},"akX4CksqO8C3pZyyXDTypq0GXhvXnI0Ws5NrI8IXpkc=":{"valueMac":{"type":"Buffer","data":"qdWRbhwz03pePg6wXyVp9mKlfKY62nuDWv3EkooSuC4="}},"a48S4h7ri3ovP55E3Vue9LbuqN+2Why91/NyOXAxOHo=":{"valueMac":{"type":"Buffer","data":"Hf+3ce/qGQyy6zX8f4JOvuSqLsoUbkPhG6638VyZAag="}},"bHkou4QTecpGpfJchnv/hABvf0mh7fgludbnGepRwm4=":{"valueMac":{"type":"Buffer","data":"rxEBSSnDqg1IKnuh0aIyZvYqvLN4R35YXio+Tl/glt4="}},"bIFF+VRo17uOH6ZdHheA3gL6AnY5YBsf/vClDbcGLHQ=":{"valueMac":{"type":"Buffer","data":"bw8oNjbTKOzSKPHvE6b4yWGfna/nyntJkdzdV+j9Prg="}},"bRNI8P0Q0O2r37wDN9qfHToDPwYX5zcRwBjvFQiVJoU=":{"valueMac":{"type":"Buffer","data":"BFe9ocPHf5cflqmLIQxuwJPGzZSG1QKX0Yrc1e0Cz54="}},"bdoIvAd8mQx5tN2x75+ASXn++5c3d2qOfCff1tMh7PA=":{"valueMac":{"type":"Buffer","data":"zzyudTIloXBaRn4BH6CtGlVs11SxFNBjCsFRo0EjGHA="}},"bfsO+XxumrHyGGlJOJGcnBSn6q3aWGuXjHUVpPHOlZ0=":{"valueMac":{"type":"Buffer","data":"10EHkTTw2dDZO5qH8Yc8qeM07IxvG+LYvjaq7/fcZO0="}},"bhKWeed/PHoiat9dwZqZbRwcNsjv0Lu5AB5qC6tqJek=":{"valueMac":{"type":"Buffer","data":"pXprWVwWZwAglLqHDJUO9QF0Q2YaN+bGLBEGF27Dg3g="}},"byoQk779tUWr+guME8orkBbf79jeMuKrK/N4VWKKo7Y=":{"valueMac":{"type":"Buffer","data":"N8Fxy0EUs8DppSwrVHf7ZG7qjnAKgiTN/EaAOKzxIrM="}},"cMHdfcUK5dE5FDnVPGI919VB75lg7v7wucUTESyaDBQ=":{"valueMac":{"type":"Buffer","data":"IrlSSpFdJJhOLf/jP2oUvTjqNb+lbdk9mAg76woARGI="}},"cNU3SqxkO5nAxVH2PIXJwgono6t8k9KvzcmQY9w/rbI=":{"valueMac":{"type":"Buffer","data":"gFfznU+x8Y+H1adDQymFzhjtNk1RpmIYRuZd9FOBqyc="}},"ca3ttttgG4AEXDaVmHMDq3oO6EeNEsT03lcAYlzW3BQ=":{"valueMac":{"type":"Buffer","data":"zNwK1PzmfDHEs9UDkGEXJDmFuyay+KMM39pRg6aAWTg="}},"c0hw/ZJmVNqY406uCs9QhivHyBNs7UBPrfUrgUPvVkQ=":{"valueMac":{"type":"Buffer","data":"HG6lzhxYV3pPJk/E5RSllN8q4VKCeinNUhls8VQIKak="}},"dUunKPe63XYtjFKdraurxHX4b72t9WeIcC0y03BSdLY=":{"valueMac":{"type":"Buffer","data":"S7EqpYXGiwFR71UOH9ny9+FEP/wveEin2bC6faIGS7w="}},"dxOKc5UXuNNe+KxehskjVfyPvx4CMZVMZ08bLjKN/FA=":{"valueMac":{"type":"Buffer","data":"ZIoAN91sNamnB78S2OQ3dz26BI60qCNjIXC3nIq0dGY="}},"eJYSsr2McGP26xrBpruqfQYU7VObmnX4RUk58tnQrMs=":{"valueMac":{"type":"Buffer","data":"ndCF4ywUBZPEWxb6OFaO48h99Fl4m1nx0Aeh7rKwRL0="}},"eNWbbMjo0LImQH2R0FDkb4UC8m1OBevgYDsyFI6HoeA=":{"valueMac":{"type":"Buffer","data":"5f+LAT/BIOpCSdwqGOi9s6HSOCMT8aX+l86GF6lqo+s="}},"efhQNdTyft60MA/tAf8D3sk5PkC9F+cn8h9OdZLiZWE=":{"valueMac":{"type":"Buffer","data":"YgRqhUtXTTInVlWIrYKofFIRAFS1a317UF6dvdAeMEU="}},"egp0oT29jnVzviMVKx+31w6Zp1IJRj71yRb1YI6gODI=":{"valueMac":{"type":"Buffer","data":"ZHX8387qF5O2HiNFjB0i5ODT2TAWjRu8/R14K6r2Nig="}},"emUzRCNnCdM8PJM6l+8nmyYZtQRJagGm7f7JWYOp1co=":{"valueMac":{"type":"Buffer","data":"2Uui1BlMWpeSCiQ9WyxkIat67jUkDqRK/TVXA8VZnnc="}},"ewosSjgpDpv4CmjZFYFvmYr0zDpsiLKJH/w+eza+WHY=":{"valueMac":{"type":"Buffer","data":"dGvdEK+CUF6How1eQhCMJ/2dtAJQWQeZlKPJrmBOA7g="}},"e8heWZPJxur/9DZFR4o/7ms49p3O6a7bXY7V26MgjSU=":{"valueMac":{"type":"Buffer","data":"LA4Q1lD/ebOrR6DdYCUdq/+szzYCOLOEO6quyXM6jOQ="}},"fbCsHuAXiSa5VpkchXKzMVN9zMn7SMO30kYc3XS+jNU=":{"valueMac":{"type":"Buffer","data":"CWGhxyfGhHpe+aIS2n9Wp+b47AgywxiOCD/6sXUPdeg="}},"gBdH24uBBq7SYg1gFhsVS/1n/JbsMDOSSpV+bYiNwx8=":{"valueMac":{"type":"Buffer","data":"HBuGMIls5KtUjH7ZSKrEhlNrzL6mY5GmkO5/TTpB9Xs="}},"gVjr4N4N+riyotTtT8QKix1AMjpYjFOVpT1ZovHzXzk=":{"valueMac":{"type":"Buffer","data":"CWsoEAb8dgmKv6erQ7GYeWj0bMCtpz/Qff88tdAkKuE="}},"gax9+cuUZLj9noaa+QGQuss/thChZTD9L6as2Mj+nbQ=":{"valueMac":{"type":"Buffer","data":"wIUi4IgCdhXg/yEWoaMr2VO2OdyPzKVxc550sZRjdMY="}},"gc0ssCn9RrtKHg/JApt2KVzQbKIr22V0+fc3Yqgumaw=":{"valueMac":{"type":"Buffer","data":"N9/KubeCsXc4VmSIcSi5dw5C5l60Aic0JrUXEZh/5v8="}},"gk+Om05Lp9gjfK5G24vo+EGL593YmPCLvm0lekOhARI=":{"valueMac":{"type":"Buffer","data":"j4JfB6+DEiKQhNIUmU/sQRpLtEDs/yFnrkYuJ/s70T0="}},"gphqwT9hB/XivUqNeG/pHCGOrIxYQw2jJ7Wog2xrhb8=":{"valueMac":{"type":"Buffer","data":"lZBvOm8SvwonrkUbBZPO0mmGt/MtLJMG/gYHFKs+kMI="}},"gtLAR1m/N3mRc2KQugtvJPu7sCknCJLVrV5oOplu3hs=":{"valueMac":{"type":"Buffer","data":"r6cOC3TRwtiI/7Mmy0K0hQzXwlHyRIUTGv06RpN7JMs="}},"g1J0CNmWk15wndXLtjuy2ioYXecogt3oRwROmhirZ6E=":{"valueMac":{"type":"Buffer","data":"FqvNe6JC6H2511RYmLjiap0EstKW2U+Jt3VqKNBNUhM="}},"hCWQIWshyXdIsltMbuFzNKEGEW/yjSWVxj2M03kuFVU=":{"valueMac":{"type":"Buffer","data":"vm+3dNv5N4iD/F1ccAgMv+DQjwonPX75I7k+BGyLQLE="}},"he4VWgAsLh3Tx2+CBBkNV8HlgTrIg+nSJWmavJzqUng=":{"valueMac":{"type":"Buffer","data":"Q8xwGUGzshh44+AWzidfktO8/f+WL20uXudn3qYcYeQ="}},"iGFyokIA3wzuvyrlgigbUGOHfk4DIZJSgnYL7TjaPCI=":{"valueMac":{"type":"Buffer","data":"mpgkkcYtiaTywbqUWbRbWCEUgLmeKbV82fC9i266nhA="}},"idVWd1gOmvPuWODhuAC2jJl8df10tFU95KY+R/zaW70=":{"valueMac":{"type":"Buffer","data":"tAYBSfJk/VTwkADdh07dZQn++u2+R0Ppn/scvuvH0TE="}},"ifxxVcgk3rmTI36GTxwEbgB3dZx6/h6jELa5H4DBPsQ=":{"valueMac":{"type":"Buffer","data":"uOZ5D6zBQgwBIg2sWrMtpO6yMEIhDbXIKQuB5du5RH4="}},"irWpR3oEU6HGCX1wPgGRtqGUULOjlrcha8UIlMTnS30=":{"valueMac":{"type":"Buffer","data":"wxi71YJEmKd69WjV8Q7BuTPhtgCYJvcdcuNnGeVAnq0="}},"itQDTjaonnuJjphSjfEcVNsvawAOwLC47ZAFPbL6k/k=":{"valueMac":{"type":"Buffer","data":"05F6BN8/RyAYCfD2Vs1JoThWfRpTQ27mPO0+o64k9kY="}},"itts98uylZ2TL31V47qusXCHL9OUEmsZPhMLleZfIMA=":{"valueMac":{"type":"Buffer","data":"m4AZ1tJhBtKpMXb+9ytDpVVVEztbh8PdmoW2o6xBjT0="}},"jAky1SE8J6akDV+D7EXrncWL7P7WQ3o5NnKHh97vAIQ=":{"valueMac":{"type":"Buffer","data":"mr9vsnSArXLAIX5cIGZeY02xFSJHkGR1NSmZXrJYOm0="}},"jH8b43mRWSb9fz1gsE5uh4dPQ1+c3JUrerU/OeAMgnA=":{"valueMac":{"type":"Buffer","data":"bozYBc8SRgKAWMeopkeIfv5cPFw6g4Ku6cnq5AT+W44="}},"jm/pDu6xuDw9ca+Buy3Q8cDq2/w1ysqjehSiXzhBYG8=":{"valueMac":{"type":"Buffer","data":"8m8UJzNwXZGZxo18O6eCAoa85O1QG64Lww5VEy+8qQg="}},"j/ATNATaFNNbQrsmaQa75V1l1+WPiseLdmqX/m7k7UM=":{"valueMac":{"type":"Buffer","data":"1eQmEKO4iBcJsA1dva08YXBVNq7/3BlOlfGjOyjgkUA="}},"kE3eKR5bNL85s5MF5itQcVM/hi9q6Ie+c7wP8oCaRUw=":{"valueMac":{"type":"Buffer","data":"Tz3EeYqNEgKUT0M0GTNYijPRxwJRtKxhz37tTDqHFwg="}},"kSwke7W9F8U5To9e2W4C6wwrDE88kTYSfcnklkQBLDk=":{"valueMac":{"type":"Buffer","data":"8+smtf4CyOJGsPM0fK/LtNLJZw1+haop3j5iR1d6Hy4="}},"kT1udt4+B1tFCnH05VNI7MCzNOpbXhlC/S7b5BgzTvM=":{"valueMac":{"type":"Buffer","data":"2YWHEg+x/a0uUTwbStvWhr3bpFBVMiI8lM6iBcK7150="}},"kUiE1eLTLS6VmGOrZAhTVsyMwVNhDWMT9X05oW4902k=":{"valueMac":{"type":"Buffer","data":"dffVM4QrkCgpiyk4rsowMjQoDl23Yfshd+f1+naWaBw="}},"lH/R/ZQidRksRQDRxh1LiAxr0VJ1Ym/pVqA6UGnZYPc=":{"valueMac":{"type":"Buffer","data":"07PypLQCOa33Bgq8Jz5Uci79s/c8/I9zAy9+PqMj2a0="}},"lVksRkSNMNkieDWihE208kWGJKLys0G0iD8qw6stgc0=":{"valueMac":{"type":"Buffer","data":"Ikjdh5ovaWR3jnkAu1A9XCcuyFV2jyp5r/BNeSEa48c="}},"lenqcChYTTXWQCjs6DXP++x8VNuneZP8I+YdV+ExYCE=":{"valueMac":{"type":"Buffer","data":"aSjxAciInrJuF1VK9rB6NT23TO3WsY7BBeM/FB3rfIU="}},"lm1C7DtjbJJWmtLAIeCk41nkHAZpbDJsRYVBNhOh48w=":{"valueMac":{"type":"Buffer","data":"1VN1tWyBU7I9HURTxvowvmDZjxfXcWBU26bsIi2nQok="}},"lv2njqlDEMiwEEFmfkrxDTXeMkDHbRe/8o8xeUhn2UE=":{"valueMac":{"type":"Buffer","data":"fJOewUlLFSCRQhCTPw7PXjtcL1HrOd0wlEZbooYTydk="}},"l0lb/mKpGKGPHIE6AHrASaYAcnV0cggUEsgA1defbgQ=":{"valueMac":{"type":"Buffer","data":"oxNJAXmmm7A+9Y6ov5IHlElnc2HAt7/rFJjKHs6rVwk="}},"mn0Q4eqV3TpaIN6EmmOGvcrMPYvVb419Maq6QwRPZPs=":{"valueMac":{"type":"Buffer","data":"6UJEvYcIgS78PWhBMhe67EnX4kyaLprWcfeWhr2E01M="}},"mrUKEQHCmIHSIH/Gm947zf8uNtVGbQrWY1I/Qi7GJl0=":{"valueMac":{"type":"Buffer","data":"UgdHKNsjRgOyM3Ok6ydLuhaBu6bA8bd36tRsH91tjew="}},"musc2FZ5iR3PGqRlxhYS9bCs5e5lE/IyZUI38eZAj5M=":{"valueMac":{"type":"Buffer","data":"keMR6SN2jBCraTC5ALFebMB6IiVxou90vnXdL1fvYDE="}},"m0i2MWCd79U/0KodiuVkavXyOeULIlzVD8h/nRtkL4M=":{"valueMac":{"type":"Buffer","data":"DdYCMac5hP0vOayP5+PjWL1ND5jonEIBhpCTY18CoZM="}},"m/vHYuNzf59FTEjVY+f1jnsdC0lLSuXD2fwW9H/i+38=":{"valueMac":{"type":"Buffer","data":"j/JeAPuDhKaF6F3YwRnXXaGzvMd/iFeBIT/CNx3TkyM="}},"nG9M3R6upcsnOist/AweqczuUWQx63X3r8DIFyK5hXc=":{"valueMac":{"type":"Buffer","data":"41LIwZt50aEBXNG7Wm5ulzOmxWeEE4LerKQSuHAKQoo="}},"nKZ8FJwxOe59R3ikg20U0ivRJ6gPBcPpIv6aIoBzK/0=":{"valueMac":{"type":"Buffer","data":"yZzSGGXpE5nyovd9LdH6nfH/2zOYT5uQ4AbwncotsAw="}},"niACOm3mWnRJy99AnXGWvn9H7+D9Df5XEOWAv/LoQOQ=":{"valueMac":{"type":"Buffer","data":"3yzxEWNEl8yd/MCNek6QTaNjgBDof4dtFeoSLg4tfSg="}},"nux61g/cIy5Xg7GIM1JNb/nWrSC7U6f/1aeWcAVsdNA=":{"valueMac":{"type":"Buffer","data":"SbRwsKL1Jsdo99yRKS5qjNgpW3m8n8g5NoMlAKiuosw="}},"oJH55tg3QWFmrEsZrpn5Bz0X+qqoR2LENgK55P/MPOY=":{"valueMac":{"type":"Buffer","data":"jXQl11G4wjMyfVk7ulDuskEYkTwcn2oDuz6BW5/B56A="}},"omBsMxIN/PG81Pi4Pmy5z6udcxi2xU0xzlfy/O5JY+k=":{"valueMac":{"type":"Buffer","data":"rLQ/cUJWSQpb07Sg5Lqbtq6say+vNXQUktcO8jaTvME="}},"or+8BWV4HB4GGXTgrDoXc5VaEeXhTi0vbe5TCR35mxA=":{"valueMac":{"type":"Buffer","data":"sEX3vP8DvX5OUGbnw1J26impDWhWFQWmYsT3RuJVn7Y="}},"o1qQQlRF1arqUtqJY+DymgQ9rkFFDXlT80xVxA8Qr8E=":{"valueMac":{"type":"Buffer","data":"VGFvoLXlrvAz3mY5sM7RMDEDvhiR0s/KSKjSYpbcPg8="}},"o6A8LyhkAdxP1WnVosUWSCWMCRMFEo5AU1qAZ48iA9Y=":{"valueMac":{"type":"Buffer","data":"pBaWggZGdCZCxaTrPwpsvJBy8z/9NqBpDGDkoSqSnwk="}},"o6ORub76EL9RwE1KDxiYh84Ons4djvllhW39a9kNL1Y=":{"valueMac":{"type":"Buffer","data":"VbjkhjFRtGbsfyxUFaJxYK+m+/eliUScQCqsa1FncDE="}},"poJVz7KvVln4MklGS9t/fUm82u2fxG+jLp4ddAtekKc=":{"valueMac":{"type":"Buffer","data":"iOTBcDrS0dIzzXMck2ze1To/0hzyZ/0sStON8+/zYro="}},"qLj2/zQsF6U2nBDOkZMwfQHjB50GU37b8mXZ4YEJW4U=":{"valueMac":{"type":"Buffer","data":"cAXKCU7SdRQj5vVgTjoTp5eJlTr74xtYVx8Gi/azmQw="}},"qRT/UyFuSguQLagNn7KThafYwhRkiafYW7cV8zNk8I8=":{"valueMac":{"type":"Buffer","data":"niuWOi1E4PqPowfotdOpESAdpcixQ7F+8qbjAJ24kag="}},"qRubU/Ipq3n3Gj4A9UYRINDBHjqsA6oWBMSXFqzPXBw=":{"valueMac":{"type":"Buffer","data":"FVesUrrjdQcmtOc5qMPHERuSFB28mf5YweBbedgloHA="}},"qUV98GM3vNtCPKFt4D0Q3Dlo+zH9fUr2v3Bb7umNaCg=":{"valueMac":{"type":"Buffer","data":"0ScavOaIkSALJBuElTn37e6bj3SbQzetiume4COLmiU="}},"q+vFw/EFkGhIzq87PchYt9qGzDmEDxqqgoJfAem0Ddo=":{"valueMac":{"type":"Buffer","data":"yzhBvCD5dPTHT6lD986UQwSTI2sdk1CWyWcLGtqEN08="}},"rOUnQ9JGGZSE+VrMSRWKZMTak2iNDnaNZiukutBgRFM=":{"valueMac":{"type":"Buffer","data":"jHI1vofHnP0Y4ldOlBcP6wy437iRUdEsj+Fj5D2bGqM="}},"rWHa8b65oaz4wQb6bD8xDW2uyJcfUsBenj6z+epZBEg=":{"valueMac":{"type":"Buffer","data":"mVFi4KnatnCh/H3fDw/96v2DL21Hw2/GEIvBOFy6uuI="}},"rcbwQim1aev0lUbc6QBDHWDUIUahWkTSL0ajR8wrd7I=":{"valueMac":{"type":"Buffer","data":"iHECjuhxtDgIglWX3WZZxbGQrt+hJQZwQSWrwMyg4BU="}},"rywi5tWC+e6XKbpHeix2YKiXG59w1ZYQbcQT8FT08UQ=":{"valueMac":{"type":"Buffer","data":"quBiUCpPpwHHymHZrQf5WaRcTFk7Bj7h2Gk2P9m67FE="}},"r3rufLRPClq+ZTyh9fKITBSS//ofoTxQdRVklQ0O89U=":{"valueMac":{"type":"Buffer","data":"A1l3OVhdeUTypaXZotcMISvi0aafUaLPBdEs1/xhu3Y="}},"r78rfpL0kS0Vl4g8zMG+KWenNoQOLhOhn0yiCdR2Ezc=":{"valueMac":{"type":"Buffer","data":"47m+rffKDYjRKJkUovBQ/X6Ddkr+ScTFgOn6YjWgKkU="}},"smPNhiv0TPHB03/7WITIOCkuMPiHV+N19PbwttvEDR4=":{"valueMac":{"type":"Buffer","data":"T0ZGOGJbGvse0qc7bp98RQs+DPvA+S5spWaaBnDoHGU="}},"s95z2G+5dO7kbmUQszZZjYdc59P/j7X3sZLT9lA+bIU=":{"valueMac":{"type":"Buffer","data":"LRxqtcRL+BRmckQ1jirv79yZYtZ8Mer3JdCCUHh8zcY="}},"tCxhumT3nNmh5yDWobr+4loSR99tzYd036ccZk7pnTY=":{"valueMac":{"type":"Buffer","data":"vY5SyfVS8rP05qLLxpuONobnd/XlGxiCpXUqlANdG78="}},"toG30ER2JG1iJwjsGcCdOwURhk9sTqtGYOCZwOkNkFc=":{"valueMac":{"type":"Buffer","data":"JRXaI/k8p9dW8kCE7fDctIDpz53RNYd7ONZ7pcSu8is="}},"t2z3hX1+BZawm3C7/3mq6lABbgLQJRYrl5em7F6Is0g=":{"valueMac":{"type":"Buffer","data":"LH8V9CdEE/RtPjUHfjJfbyddmiGo9DU3AMa9o4K/CAo="}},"uXl2lxGLWb6SlfxVTzkhe6R1VeDWG3ArCyr4Jgzt4k4=":{"valueMac":{"type":"Buffer","data":"k8evw0UbYZoZhc1xSWbfO9D9HwWqDTnGQpBjXTNhBMM="}},"uyB7egVtiy55Kvkqj4WD6TikmTKwBgCN33+eGYSwdP8=":{"valueMac":{"type":"Buffer","data":"Mm8RfkKgycJZMjkfSdlmCU7EPu4gMuc5qqebILmgVKU="}},"u0oB65YJnwg6ujA0rv7tsasWsvnoFs+D8kmy0gjM8iI=":{"valueMac":{"type":"Buffer","data":"zeKGggR296cUkd05JJbtiIAtlNeWl9PN7zDO6RUfiwc="}},"u2q80oxP/M3Fpgzk6z8ObzQP4TMQJxAmzk+9w8TY5cs=":{"valueMac":{"type":"Buffer","data":"NwLg3TbNg9Qx6NJ8sCuItNRrHtT+pblBEG6c8bhG6UU="}},"vL1fwwBt1bFNUes6qWWaZw/+6+WakqXO3u0lgrtu4zw=":{"valueMac":{"type":"Buffer","data":"X9W/HQ8EalZfSvos+unWmW9xfhGmygSSijef32SlkhI="}},"vZI73vQtVPIDw+sd+Cqiml8ltfeqtMalktLfN7TJoMs=":{"valueMac":{"type":"Buffer","data":"HWZ9k8thYgBe05EF45BizqXWZ8mYZ5sCqFg9t6s1Gms="}},"vdyknTu3c4GzJuIIKHE8KlhfRNMsQ+qIFaRrUNBfYZw=":{"valueMac":{"type":"Buffer","data":"ntk7tsWUjaiwlj7om9YSrYXWTxKL9qH5VVo6oq3qSzw="}},"vxri+JXwrM3WWIR0llRMECRZzRwbdAQciJUFos53/RQ=":{"valueMac":{"type":"Buffer","data":"fG8KxhQ0kWSBU2U/rxK3CiYPUvF4HpLH1ULDsgxBTR0="}},"v1yJckdhGgIlyXxYu8nVqnacSdSGsS40ietnPb764Z4=":{"valueMac":{"type":"Buffer","data":"e4iVeKjp1yzrSZiU1tqkclfUKpnjX/jeihbOmxEmiVk="}},"v9/kEU257OAvPg89R4g+iX7fbC7Amt7nAPw2ycs38Jg=":{"valueMac":{"type":"Buffer","data":"JgWf4mdjxD8UfhyLhydb0d2YexqiKvdBp7g++BNhNAM="}},"v+XmSOUiu019i4TZ49aq2poXuMMwzMT7W+/pTz401s0=":{"valueMac":{"type":"Buffer","data":"uqgMQJQ8PHd+eRJDrIfEGMLxWbeX09IuVvl/X8C9fEk="}},"wEVqmNhTyUY9zdW8mD++0IoaZFdHdpvKkmz34zHEgXw=":{"valueMac":{"type":"Buffer","data":"2V4FXvh2PmclahBzwJa1i8BvWC6IEXdTXmdDmXpkVlM="}},"wFtF6y9bbKRoFSyXHRdN4Az8VHpmD6Z26Qeek5AcYQg=":{"valueMac":{"type":"Buffer","data":"lCzJqT6SPhPHo2ycPH3LRQnwH7cbxsrOczt+1wOoLys="}},"wHU/g16kQ0SktdlC1ydu7TnQCHITg5xPROwv/cNs09A=":{"valueMac":{"type":"Buffer","data":"Bj67ZJPMdiLhGO0HKcS4zUrqUGwRvx2cXpMDVxfSWNk="}},"wMp8MgMEcIbxOy6aTDIJMEugmY1xLU8OggiMADj2Utc=":{"valueMac":{"type":"Buffer","data":"Nrj2xzJ1a1E5+iEIYANpAzTSZf/z1C6k2JTjmgtN6B8="}},"wMwZ+AAN7FK0rS3yWYQz4ZkmOyvRtcaGNYXwiBvT0/8=":{"valueMac":{"type":"Buffer","data":"vmTeBYWNgUzY4Pg6D+tqO1doj56eJt9gEB6sY18UOT0="}},"wMxbDDvWMugexWFWFGZjaPyoklbfolOZw3Tq2wxtFM0=":{"valueMac":{"type":"Buffer","data":"BcMb/+ljcy2rCiNnXyoZurh+cZkoNWyNFnKrybNANyE="}},"wgE1J8HGlxX3RLdEZXT/MyKU9CrMDMbTOxNKArK3DkE=":{"valueMac":{"type":"Buffer","data":"tUrIHqp63ii0IrvscnVyjwI4GwbqsfvFdAeJMMynX/Q="}},"wi5yUz8s+asHTsBtjD0LkxjrnAsLX/weh5rcCQD6qlk=":{"valueMac":{"type":"Buffer","data":"hRRsCJUo40VHeezhX70IFVj7SbWw7geg99uiJCNIh4U="}},"w4h3PeqLWKbcTpdMlQNs1Z45tFXjjjdSo2GIci5qMRo=":{"valueMac":{"type":"Buffer","data":"aWLW1s3PyZKKgc4fUlwmDslpvIHt8mgADV0SFSI4nQY="}},"w78S+RjbgoI+DK+3Ybvjci6Bk7xQMHDmp+dLs4kgzb4=":{"valueMac":{"type":"Buffer","data":"8mWoJ18aISOVBbH46U0SkEu0QyFNahKiVtW+/mtHQn8="}},"xHXEuS6jEwQpFd+XpLKuCvoarS5dqccNZDUxkwRDEXE=":{"valueMac":{"type":"Buffer","data":"YJzw7ZiqKxJ0g6Xg2MQcUy+x4zsyfhBLFa1xWYLSkTk="}},"xLhg5G8piWdWW5wFXBVFaev/ROFrVtIsosejQdTx1Bc=":{"valueMac":{"type":"Buffer","data":"M0lm8inP7304p7lxzYWzqLwG9En5I+CIxUV4f8ynJRo="}},"xP+UCgZEyOZZt/8JprW3LoLJ6HB7VLdXXkjyVfEmHI4=":{"valueMac":{"type":"Buffer","data":"Rj7MA6osfkF4ueGqJ7d7+y/I2Qvc7XUbX/s4xfv3gCg="}},"xUTWUuRe3CpVqY5+m6mHJrw2oDhNcMbkMplD8WYqZzQ=":{"valueMac":{"type":"Buffer","data":"6tp/NbksP5ARkiMgR70kS2/m17aLUUZNUEAO9SkVCSc="}},"yM+BcM5Nt59Gs3npIK/Zq3hwsuD31om046GC9r7b+qQ=":{"valueMac":{"type":"Buffer","data":"nIpFUDUEE7zHQcG/vv5OQCEcU1A0xdJuZIaB52dMplE="}},"yRlKI1JgCu60vbO4HrAEgV/pt7dKkWrd+x2sM+a5sCg=":{"valueMac":{"type":"Buffer","data":"phGEKi677UwUl0IIPh8GCuFpcvatTp9ucUQUqZ8lKzw="}},"ypSnJGZN26qaprYU0RG7ATMDWlQSTdDNCICWQTVkY+k=":{"valueMac":{"type":"Buffer","data":"OtpSWINbL/Wo4skWdSy3TiPZBLn+eM4T1u2Z6IIpG+0="}},"y7gQzzE4+3NjMiZBrJ48Qa/vBbJbbV62VkFvqyAgwjQ=":{"valueMac":{"type":"Buffer","data":"ywQNMJN5A19/R+O1rNNlwd5/wjFI/nUXVvsiaarbJ/Q="}},"zOrW+KWrfKCxx2dymmTwy88gUNKQgjTtbWUkA7OnyD4=":{"valueMac":{"type":"Buffer","data":"5SUAI11AfHkm23cSqMxQXjrMIE6M4YaziJ89pJZGRHo="}},"zpq+Tmcz/uV50QJNuXzOGc90aGOvqrSh8HqlQNheioI=":{"valueMac":{"type":"Buffer","data":"Okh5aw8IifkgwFTLvjjle9P9R+e73VRTwXBqb5Jnayw="}},"zqnl0Zzp4+9jf9GFyH8vx/jP9KwZns2CZ8Y7Iyv6o3A=":{"valueMac":{"type":"Buffer","data":"LEORUAGclA/xdJreh6z/pft6LaIzSBMYNqMnY9oOocE="}},"z0vA7b3iKU/tOtCy5pNR5+olX8F3yFGHxSCMGFHkm2w=":{"valueMac":{"type":"Buffer","data":"pyEcAOyY8t+g3f3Y9BwbJV/4Iv9Zip901I6zzFl9rUw="}},"0RJEI/tQBOBwm0mEpLJD3gW73YBomwE6ZKj+4R1t15w=":{"valueMac":{"type":"Buffer","data":"Eud4tKpDcQq0aXvJMjiIGoERF3UP/2t/xaB2dUmlKYc="}},"0mAZHZsGYv4JLrApYjyomXzw5A6nyq4P0tI0NbFXzVI=":{"valueMac":{"type":"Buffer","data":"8VqIBsBkUB8VzCjmcIxibink9u7pT6ASIXM/+8wwP/8="}},"0qV63ASD/v2mijprxdjSOVdWDgW53TDMgOCJchj1Soc=":{"valueMac":{"type":"Buffer","data":"7psVLhBWx/ymXG4MGhQVstuz+DKcv47KqeQ1OiaOXEU="}},"0sgW2m3eZJ+paU6a0X8r3TwkvS8npVc+F6RTmAHeP0w=":{"valueMac":{"type":"Buffer","data":"WNYSifsjCzMl6b8qB/8p9GjJ09T0JesMpTOzXj+Ia8g="}},"0zvH9H8up5FbY0NTspQOVF/C5w9ZhdhiZuVtt3GLrTE=":{"valueMac":{"type":"Buffer","data":"oytG8R//ykFnI8gyhfRtZIG4iwGKqDET5cPDxukfV+4="}},"04agQnpubsycwOzS/uOIEnpUd0/1SApEi2MZZQEY/UE=":{"valueMac":{"type":"Buffer","data":"65sl+WhrRlffga5XxuqW4AXJpU6d8VBSkAZQrF2n010="}},"0+2Nir+HP/4YugISwrd7WnrFU2fJ3o0i3aUo/UJ92Us=":{"valueMac":{"type":"Buffer","data":"+PG1kXf6G1DKUL7pSvkppxiU5+frgrSclxmCeCAwlAc="}},"1Tosa8d4cwjfPjN5VPj8lRxX0PMa2QHJij69/URVU/Q=":{"valueMac":{"type":"Buffer","data":"me/pNHDbK+v9Z87HyuFoFAfElXBVVbI5NW5isJgDmgY="}},"1Yv8KBh08z1hUVkgfc/WLSORfpIOfdAleCRGgAkoPsE=":{"valueMac":{"type":"Buffer","data":"ZsY3PgwdAbprV9ueTzR+z+11ATVHXUQhSXzu4rKfre0="}},"1Y/iNvnEOixtLoNiMmUdY2rEn5u/YAp71bCsj2pHFx0=":{"valueMac":{"type":"Buffer","data":"rQuqQbwMyyYfWQ/bNyvKYes/XdWaYGV07BbI0q/CMfE="}},"1wLdu3IRqOhFM/1LDsJ3Wrg9LqLGeWev6gmiARSPgw0=":{"valueMac":{"type":"Buffer","data":"meMfYEjbXvUon7NSXIOO1v8OF9/HaLiXDbMZkHEK4TI="}},"11T88Nvg8YeeSYOjScT7CTx1mAf3nx631nBT2rL4bKQ=":{"valueMac":{"type":"Buffer","data":"2V0m8UQtcsdBEuJ9fuwJav4CsDMF2me99gmX7ASLAow="}},"2HSGsoFJJfrfb2p8OSCxBLiikZ1auZf9fkBfY2O4h6Y=":{"valueMac":{"type":"Buffer","data":"rdc6Qo7NJ3WUtDh2laHsJsL0/IFuzQxCn1Fv/u4QcdA="}},"2oCrY6knRi25QUTbXDAaNkSYr95xTQG3WhuWuYq3hHg=":{"valueMac":{"type":"Buffer","data":"f1N7YxnZttOMsKibz6V0KmQzeziolkvwSvdBlmWkQ/g="}},"20IMINUT6CEVSWNdcSOofxFvHQwLI67Jh1btuquybJM=":{"valueMac":{"type":"Buffer","data":"bPVpkkQbiWwton6vjh6aGXFEnRqTLeIK2WgdFJio1MA="}},"20n4pnrAU0dhMwEoKc/a9zydo6AfFsH080EHJDWks68=":{"valueMac":{"type":"Buffer","data":"dCqyp1lisvsnxjpExvGC/yHdETdrMqAxpcyF8uK7/yc="}},"3ELyXVBbA4zzRXY1QzSiILfRAQ9X2n1aDYNJ598Hcxk=":{"valueMac":{"type":"Buffer","data":"2XEjKh0NqUoprTUur7vzeZC7mQyoiC9IPyVRKsC3LXM="}},"3H4O+R+06PhsvQRMmNsvb3uenjTBGyrei5jD1OCCvdY=":{"valueMac":{"type":"Buffer","data":"ozc8ZGjewaEO2WhMd357zCmEBILjPp4QCoAfUFBQQec="}},"3RqNAz+vZRjaibSMjMK288WpM/MKkJAbxZErHlMlJM0=":{"valueMac":{"type":"Buffer","data":"GJzGJ09sKdg6ea37C29jLpDLSwP6JtRdOrsAkFjcO80="}},"4NwgUWpOrv2B2d9fY0JfubDqAqmRgFgEce7eS/U25Es=":{"valueMac":{"type":"Buffer","data":"UKrrGiZcnUdR8ZHkQC99htw2CZPMyblzoJa3FL1G8EM="}},"4od1aPFSkaJT2N6mgJZGtCLr+vEPHix4Z83HGWYXhE8=":{"valueMac":{"type":"Buffer","data":"xZxPqQp2vzEyNpWLcUPCa98E0oCAy9aGR+jiKsKGhyg="}},"41hxNGBwDuPRDrqzwCOAYacwU6j35SzS66V+lVNxrPU=":{"valueMac":{"type":"Buffer","data":"D1KUTksbRVHSvKrZ66XqyCYBrb4I4RpF2aTKZhlvt5M="}},"5As56ovH5TavF5YeFE8hKXmjOdWJBEUtrGvfxn1VE8k=":{"valueMac":{"type":"Buffer","data":"t+Hdz6k27Y20fSFt2bKHIm+fPCmnQpqisridbznW5Fw="}},"5K7s79gJLfGWPIUVn9YsI6Pf7o5ju54HUqCq/JvQXpQ=":{"valueMac":{"type":"Buffer","data":"RsF7++PWfT7eOADENexzULDWGO5rGraWJLbqRtLErIo="}},"5QJJNrp84KDtrzQCK2kOXtv+N8W4+2DZrxiD8SFzTuE=":{"valueMac":{"type":"Buffer","data":"Bcdd4Lp5qCS88qF9wZHVfsPEuOGyrVqn2CqdceKIDNk="}},"5Qdub4DsBiXAOU33VHuCprYDe8Pj/BrKB04FAbNPkWI=":{"valueMac":{"type":"Buffer","data":"/pdO2VvFxBb8nxl/hOATvsjB8nO06IRENGrVXMxhAuw="}},"5g0wT3UD95IX5/ZDb4nXsrdVfKKnNxAyWG+bl0mvnDk=":{"valueMac":{"type":"Buffer","data":"+LIB7bbgEEpSd9MW9slO+uT5r1XgLbbsTkhkdkLwuiE="}},"5zs7Vvsr8XdNish/YWCTxBPmv5grFeYirJw9SfRO5sQ=":{"valueMac":{"type":"Buffer","data":"CpK94orKevvGg6zSe3+BrCOVgwbDb7ldtOY9Dbn6RPM="}},"6eM1lBP0qEkOOjUuQK3NfuGIDGMuZmRCfXeu9IVhW+Y=":{"valueMac":{"type":"Buffer","data":"SGd5Ozz08CD2Me4DALau5zyfE9yvG9G3+9euUI+2qj4="}},"6jYPjT7R5+JWFj+rnRy9hDRw/A5he7+MoHgVgCyXIcI=":{"valueMac":{"type":"Buffer","data":"Bje5ly996/FR3Vmnw+znrfPHb1jRjfqsES6v+cISVK0="}},"6xbtLmZXxacBL/c0SD1qXW/rdYFWzVCRR+RGJl7V8RQ=":{"valueMac":{"type":"Buffer","data":"kots2soNYiWbF2Wb78jxiv2SQ6m1nwjuXOVOALC4MHw="}},"7KFE7f5YNJgWD8NFYGkzuonhyDk56x1aJVdiNuhZSS8=":{"valueMac":{"type":"Buffer","data":"SI3HblrwkyiCBGNIYrQ2Y03jhr5zEB9ccyPuLO2ESfc="}},"8V5IJMyP2xibtcoo0rIksmqZIzaSadw5tkmVwUy5h/s=":{"valueMac":{"type":"Buffer","data":"BW379ajZywie6xf8uOK/uCgk92UsG6Pp9PjrvJQbmEk="}},"8ZSXDqFKDOBCOS8T2g8SifWHdUvHni5tIDLpFUnusYc=":{"valueMac":{"type":"Buffer","data":"blEryMPCX1X+eEdeCCjiYDtYA+pPR0PJmNtgfLtuPO0="}},"8n7SQTAwTq+egOCrffdXhBVVQu6bLUYd/SDjsuewBd4=":{"valueMac":{"type":"Buffer","data":"A9X+Jwj1gZKhqrIyW6+Vx1vuuYEDRUNeQ2rSc2cdHlU="}},"8uXZGxprRL0vzfNqvW2lB9KwMyX4N+ojPuA2+fjuT6A=":{"valueMac":{"type":"Buffer","data":"u31mRrtUITfbuS/SULuH823Y5YQCWLZjMEr40rJ71rg="}},"8zTtaWo+rx2Xa6jcP9n6ihqJogKPC1URW7xM2kT6Vco=":{"valueMac":{"type":"Buffer","data":"HqT/OY6j9I1Q6eJocYyPAIXvTAblq/kAoYwIThNAc/o="}},"9U9aUTeDyTnQE8nmI2iwEz/r7bPAv4C7qSsYBZkiRyc=":{"valueMac":{"type":"Buffer","data":"7BrguMXelNtwTGtGGV80njXagbPu230G9zuU57Ct5hc="}},"+LOErqFbteQkgTeumtDJMsz2hyCfVDGi7zBohUdD/rY=":{"valueMac":{"type":"Buffer","data":"34s2JKyfXQnBY4Z/XsNHm7i9LE2Q0KVtxooLjWnUDNA="}},"+qeYX5Yv2edxe9MIu9Vha12HlfskoiNngZtWOqvT2FI=":{"valueMac":{"type":"Buffer","data":"9S9MMAefUs5owN0cunnGV9dVoZWtKxZGlyn0HXbWiDs="}},"/Ku1wV+rj91Ukk/d1bMmjL/FZnN6kMrjN+1WqdBNpRY=":{"valueMac":{"type":"Buffer","data":"UU94Kgr3phYZlMoBNZI+RUyPxpx2VhoPEsxCxL4rRAo="}},"/bUJWeLnFlwlkOpQQci5p+YzO87s50PYE/6lLJ+09A4=":{"valueMac":{"type":"Buffer","data":"9+euGSrvyVBHrXBLp7oQlzKd7rxzlrO0P/ynWPCYwWs="}},"/erHqLGiOcKMiDSviCXDRv7Ti3+a+55qY+5rXPIA+ew=":{"valueMac":{"type":"Buffer","data":"gRc+hKHcFomn8N6OVC43/F5Yq8p/GzaitP07kjmi7ZM="}},"/gPNOkEBQPdzNsP/DB8BiXSYYXr7U8jCKSEbVnveyG0=":{"valueMac":{"type":"Buffer","data":"iFAGYai0Z+lkOK/IZhX4X30Al6c3yk17JF5iTdeuyEE="}},"/o+wsHFaXNUhuZa7ZvFO02G1paox7C6KMTl4EzYa8qc=":{"valueMac":{"type":"Buffer","data":"07qvfRyZtPIQkeA1IDCllj7E7oBP6z428j4Td9lFI9c="}},"/0mOzc6agd8iXplUthhBh5qWAWmZP2UIcujekc7kfCg=":{"valueMac":{"type":"Buffer","data":"5d6d0BNQEskbogtQXpB9qM+igCHFtRzSZV3nOORcvg0="}}}}