{"version":6,"hash":{"type":"Buffer","data":"0ZYKCvVxo4I/EqbT6iSdmSkYnWAlnBpno6cWiQoNxasjy+8vaVR5ImdEWB8S3LTniPkDdYagJiEmfUAE21kGfQVKGvGyOlP7BYdSRtfcXgXxNNk/ZN2u+bH33bJZK2VlIr+shcH877nAYc0XJPq2UvfO1/Ox019C2dHE3/vhp+k="},"indexValueMap":{"AI5+AuZ656Unw7TGeGZbKqOeI+l10FdcckGyUUDghD4=":{"valueMac":{"type":"Buffer","data":"8VHXbFgq+BUx8SarlpGxuItJoSvvsdyhjEYJNplNDG0="}},"C9qZCt2SW3qnyVkxazN1Um3j0XEHmIkmEH2e6QjGpCo=":{"valueMac":{"type":"Buffer","data":"eAjFAV0qCU9sJrMBaQwuifm2ddoF95kMnDKu1FDLetQ="}},"ElvMqAV9wwqGDV/7i2NIljHcSvEQMn+AqPsSAJwWpxE=":{"valueMac":{"type":"Buffer","data":"DHbt/5uF0xnNXolCuqYvRFHwz156kCvjQOrEn2IJWlU="}},"E1FV+hB+fqLmU8+DtKaRmA2A/vLoYM0Vzl4VMHlQ0z0=":{"valueMac":{"type":"Buffer","data":"HBHYW86VKvE4CkyjwKZL6FGEK73HHRv/YQn7If0v6PI="}},"E7sYjZ+sMyjkaBW9OGCn494yzGe6y/dUXnvfFkY9R5g=":{"valueMac":{"type":"Buffer","data":"hIJsdsMxaPCVGhw5FnScRBlU0ywslilJQUTgHu+qWNk="}},"FCpOu7083NAXgHEAQz8dDX4XrKvNeuxbZtiobC+ZKR0=":{"valueMac":{"type":"Buffer","data":"likkS0Fdsj6gyLimJEJGNSFwngB/mLzLjyEHPovObtg="}},"GNZt3/mGdORMvU8rwIMAQqjo7BLdAfK9JE2+Yt4eFyc=":{"valueMac":{"type":"Buffer","data":"7PPnWNanrTLpJbLAdZ3HRY+M1/UbNoe5XuseYuhOy2s="}},"GbvoFL3CjZM1zUKy3UX+ij9AxGs13rC11c9+B7JlclU=":{"valueMac":{"type":"Buffer","data":"bFl+W0JHpMxMoT3eYFYgmNoAy+ZBIkt60eiWlsmy1eQ="}},"HD8+H4uFKtMnSUeFVJvovk5NQbTcoS1E4P2jl1a4yEc=":{"valueMac":{"type":"Buffer","data":"Vi0mI9YaKRAw6uuL/9aIWvqmupNkxPCAISZz7prbObQ="}},"IQ5JflRp2P5WrPyZ5py+i/wn8c+S+1rZ8ieTj9xMwVI=":{"valueMac":{"type":"Buffer","data":"0+CaVyHnKqQf5/Hjdz3m/Rw1nfDgSi2oZPuZBQxJsmk="}},"IcEA2GU5CZU4lLPEY47htqMPJCBz0Cu+9fPGJ6q20PM=":{"valueMac":{"type":"Buffer","data":"DvxO3rJ7qJ59JBMz2n77pf+b8Ce9LxnDyjNP147xHTY="}},"IlSZKqGiRpJuiNAAZz9oys/kpGCsxUPe5MvNaq29LAc=":{"valueMac":{"type":"Buffer","data":"g3GRZHGv+BABvnqj37RtvsTGiHaPMY36O+AVmYNn/ZY="}},"IpSr8sI/6p8YdFvxFHuAMXvg3AeKUJ9xQYAclobnrq8=":{"valueMac":{"type":"Buffer","data":"T1ISXr2UE4nAX6+rG2rFgh7WUxZlDI0H05oQ02bHS0s="}},"JGzKAOjF1U2fMH6Kp5Ungqf8PnwQPG60k0tiK+poPao=":{"valueMac":{"type":"Buffer","data":"qakN4RRrL7TqEwcuHgA0buLGAiOk8ts/W0lBt76TJYs="}},"JsjqG7cFcyei0hQ5q1FwT+teRDihCqnJpQP9LZpefrI=":{"valueMac":{"type":"Buffer","data":"RN+bKtUDte+6C2IJiD8KWitD2NdobB2v04qCfjKH+So="}},"Kf2sxeuCZzM8Lorc2T9F3H4XPO3RvQjUzWDoOwNm4jc=":{"valueMac":{"type":"Buffer","data":"slgUSoD4FkYPIS6xQpapR3LV4oejvFwr0VYjjeM/M1k="}},"KjSTQEnwmzfbYoYdi1mPonQ460pBSAyZ/7E/fAw7qak=":{"valueMac":{"type":"Buffer","data":"e2XYavhtDeV9+XG31it7CjgLuC66EwdwBQTJeII1bFA="}},"Ljo0cL8EurU9xnbV5n/MVxOpE8CvDmfvnoF020BvDTE=":{"valueMac":{"type":"Buffer","data":"UMv7BuxOEPJp7ZKX+0bhGt504mMEcc9oVTPuikdI2BE="}},"MpN+8EhLj2OyjhjBrwckpzO8buOAKUhnLAosTUaSUoE=":{"valueMac":{"type":"Buffer","data":"cIky6Iyy4yJDabFnbzcdEWnKDD3NATM+4rEY/YGhQuQ="}},"NxFXPPrlXqTf5dGD53J9A86fZnJULA4g2b2HDaGwWbQ=":{"valueMac":{"type":"Buffer","data":"1IvtTi5c1u0tP+t4DG7ahk4OlqnwWDG6U2uutUd+Hpc="}},"Oi2N5ql2oHlSmXIWCLCiQkWMnVFV/vgAmAm2TR6Prt4=":{"valueMac":{"type":"Buffer","data":"c2AbR3iK/0MUEmxy0yQ3cFrHqbSWXF88IZhhD33CwBg="}},"PEX2Y+PcTcqZEu92fXiIhyRAy6fDksF8hmSQDXiORgM=":{"valueMac":{"type":"Buffer","data":"mGvqaFqQOjo0j8IpuU6GwfdEufht+VBVAvBK5FOO5ig="}},"PS6GjWy4AvdWI22+Q2AsMPlk073ia5an6oGq9ysgKt8=":{"valueMac":{"type":"Buffer","data":"1ptDkLPGOeqCNyii7hqWn3dMT+Et4p6xRCgP7IuIQYE="}},"PXpxUczCYSvdxmybMXC1SOLZ7vL7uCkZqUVE8kz8TGo=":{"valueMac":{"type":"Buffer","data":"7CSytrLv//UfxqZGvVMtQWbhfxI55XJJz/KXik/EUjc="}},"P1nTzTMxDuqxNcATl5Ygpg4BapH5FRjHWQqoXkN7Lhs=":{"valueMac":{"type":"Buffer","data":"Mzo4SKI4FFplOr1RPAEbV4ZW30Ruhf3N4Z/m5/YwyE8="}},"RNtdjb0jJccXJyXnChxfQYGr4B4TktK51iImVAUywCk=":{"valueMac":{"type":"Buffer","data":"HqabgCmv3r1k19yCGJBvLWwO4nA1SEvieBIEiqriEfk="}},"SeVCPilWy24aXVPnwQP60gXoB4a5XGnlaB4CzNgPfu4=":{"valueMac":{"type":"Buffer","data":"oi7NAHMUYDczRmxZfARf3sp1FIQ5MSmeqj1dIlvzlhw="}},"UHPll8+50sVihm1lwh1u6FEdPUTTOtEeQVZ+a1dhUks=":{"valueMac":{"type":"Buffer","data":"Wwes2kpggYrjjRxLxqVFL6Gj1AaVNcsPbMhKlLiuofg="}},"UgAP7svSFxnp5k1vXgoFf/YOXjbMvR9fBoNLMM2UpT0=":{"valueMac":{"type":"Buffer","data":"n3l6HgdYxSkXqfVtlfNRgQXuRKhNhwHLqVzG1vAI5f8="}},"VIAlz/DZ37UlyKZJteN1reZln3Tgfc58MVqChzbsMdg=":{"valueMac":{"type":"Buffer","data":"K5dQWuLiX3LhYNaykrNSaO4c4cUHVSu6mVF9IzhbN6w="}},"V22OdfdyGyXRjUs/CPkZNqfnBJUFkmf5kMuk/bZt0V8=":{"valueMac":{"type":"Buffer","data":"F/w8BOKME9iziWKaDAwkfYXxQwn6Il2lLjnDYTsN98k="}},"WmnGXX+hQY9c2OMuP8qQrf9xyOzDtQGpUadS5zlvAq0=":{"valueMac":{"type":"Buffer","data":"qwrGeWLrIjv4mz+B801OOKbn4qp26KncdQuoBrSofMA="}},"W75h58C2SEU0Gaifr0NI76tI444Ei511lBMM5CBJ0Eg=":{"valueMac":{"type":"Buffer","data":"noNxnzdzZOdXvb96rw3tEYFNI754+CmU0mScHNNG1AE="}},"XHENhic5QtZK4SATbUttxZYhjfqQdHLf2RIdfjA/D6s=":{"valueMac":{"type":"Buffer","data":"Ayi7b+MEPb/I3HZzZ5WRh8GmcZmkdq9UBPumCPmoOmI="}},"Xer4IrtQmWxQwTgj9qdxmedFNYNfalegtdmXxWjXZlw=":{"valueMac":{"type":"Buffer","data":"fF9dYDvHPp4o/aHo/Oa/T/8VcgMOrc9M5embgwd2S6U="}},"Xmx01MVQAVuNVnDBx46K29fiKmjBbsdKnvqykWJ+50E=":{"valueMac":{"type":"Buffer","data":"XUeAsC5DfYECEIeXo597EpydsGsGiC3tioLjPT1ftBc="}},"X+DWBZTFvSt1mrdxKfLBhtGOUWj8NV7HHM0cqTHPVrY=":{"valueMac":{"type":"Buffer","data":"M2h/JcQyu/aRz7bLeO8QdA8g50mXEyD+H0B5Qf44C9E="}},"ZNRRYDHQGMDDNKj13FkE27+ootzZ3OlBnZqRDZDu4uU=":{"valueMac":{"type":"Buffer","data":"WNmVLQ5Jo2RXamrKcWD5H9UWr1sSSWZw6auopTMuGUc="}},"ZaeiCUUgi+yUWK2eJKGb6vMv1GL8lMS2uQt8JYniWOw=":{"valueMac":{"type":"Buffer","data":"nU+A2SQi6CBLMXpWU5d2zziGg0bLsVkK6SAt58L31rY="}},"ZbrtroCx0QDYkhFKhmaAEtHDWZUEmWkdS90hVCx+fK0=":{"valueMac":{"type":"Buffer","data":"jZKVtqmz9A9ovqAPtf+JBJ341NvXkEvC+7Ci44YSF/0="}},"aTmhD5CPlTZqZHgzt45RTfxM8dgUHF0Il7YpkX0dH28=":{"valueMac":{"type":"Buffer","data":"eqhVpT1nre2m97lPy4UldT2l6xdxWRpoDNHAfeXcXys="}},"aabwbvSqP0qWpcBL7CpQz42Pibj7rVBeKMkJ5+T/YJI=":{"valueMac":{"type":"Buffer","data":"0fr6D2BM739kyaWZeoQInhN1RKI1Kk6vIu5aDqIpus4="}},"cNR6alPCWw2kl+km0hizdU4zndPB94JPa1qCURAbMpw=":{"valueMac":{"type":"Buffer","data":"xXSh/L2mO0N0CU5EjHy11s4x2ZiUniH7Mhvf2UvhrOE="}},"cVJ8346Rd9tDTIQ5MdQPWo8wqImeQ7KwM/dRud0BowI=":{"valueMac":{"type":"Buffer","data":"Sv+8/CI+ciW1XwP/UkgvumvO7dRNcRHWWX/dA9jl0fg="}},"dGTd1Ey+Qks8pWm5HVmqbAoX3vgMUbaXIV1hcQ2SF4A=":{"valueMac":{"type":"Buffer","data":"7+WNzjiqOV/c+Ub593ZivQIHfJOG2ORfCqFptvPr1+g="}},"dN4hZyurxZ3pUTkZIhNaG4XLlE0liREwK4vY1SmQfpA=":{"valueMac":{"type":"Buffer","data":"DZ1hqlvt3pxgxRLx+93LaTHM9ZKU3PVowzDf0DxSI94="}},"dsiLffDhOxHXXN+cdzn6Swu8hFNc3wyBP8zWP0oEy+k=":{"valueMac":{"type":"Buffer","data":"cQYDIEBoNScl3nP59P5Q7GeQwW3icOkPXXyfeuRZoJQ="}},"edVWr9D4zw9Q/a0V9aQ7AJ5BrJrZP7yzrKTkjwclatc=":{"valueMac":{"type":"Buffer","data":"c9EbBeOJf3N/z+M5xNT2pksaqY3h9aHBAWPFOb16Eko="}},"e0p/urhFb8sX9CQSBu/Dzy2nKghPJddG4I1CUmTbHCU=":{"valueMac":{"type":"Buffer","data":"602MKNL5/k8muGCGfrbfdpIvG6dwghhDoDT0pYPZxn4="}},"e8qLzs0BCeYCdrTomvf0zhY9/Mi59DzMEK54OBddqiw=":{"valueMac":{"type":"Buffer","data":"DdPIEFaCBCvSHmEku6P07GtdSW2r0SR1XY8v9Ly/ZRY="}},"fEdQCIWlT9WRj5WyZFQTNyNO6Zl8JBjfLNph0gDrmhY=":{"valueMac":{"type":"Buffer","data":"nnj+oF/9I+5S7AaFfyrVdbH9WBaxVY4wx7jb47pqf/A="}},"fbyshu6J6mFV2xB1vUnFqe2C1WM6je7hH29PxyO6JOQ=":{"valueMac":{"type":"Buffer","data":"LYa0Fu6cuTeHf+ppeIXj2QBsyrAIddvF7uX7AnAtb0M="}},"fgJ1EhateX2k7z0fz8xBUN2zaa1JykT0kdHZBf7eC9k=":{"valueMac":{"type":"Buffer","data":"eheqXz3O+Rj7h58WUje11/vpB5LL3U6KeLAT64Qx/Ns="}},"fkskmp/q+DLX0rTJIbP90khq4+L4KGnjVzVxhrKXYns=":{"valueMac":{"type":"Buffer","data":"o3k9/wTo+udRRO4oSbMFUe2VAi+Yxa6IzfBMb1e6324="}},"f0yrmdTjtlqCnAOvLPuuUZ/TnJb3vIowyGE/nDvgVzk=":{"valueMac":{"type":"Buffer","data":"vDTJDNjJJSKoCZCYh+yryTd8R/ccHRquIydXwJKrmSk="}},"f99hI1Uo1/vOImlQcldmZfTHbvLKasDX58syMaTATdI=":{"valueMac":{"type":"Buffer","data":"fkA6yjDHL+RlH2vvLkTUnrd8AvWA3pcQ+rv5Py9DpEM="}},"ghsNwGp6eU5KCWpAf+wUrcyzPM3UNBmueNB2PwboqdE=":{"valueMac":{"type":"Buffer","data":"f704j7jCAoYGC1vQlVj472A4CbFabJiFgwjHFJg8RJU="}},"g2SimsoytEmqjFquN4vBufm/qo87WVgeJkVGHm3koKU=":{"valueMac":{"type":"Buffer","data":"I82hLgTR0UwS3bBpAxk8vyGiVMubc2pSs4g/aA8BQqo="}},"hCLLfSaaKFwqRUAq4Drxe01jwfN1HQVNMjy2t1K8gC8=":{"valueMac":{"type":"Buffer","data":"1M7a9h2B6xdXLYOvi+gkrZ7U/+Mlz0C2KEokwA6Zm6M="}},"hrR+VJtTtdcnQCvtEZBfHlw7f8o1WdyB0i0l80kOhWc=":{"valueMac":{"type":"Buffer","data":"8sNEDPo++NAey+9BspYFqZQhK5Z7RulVWnl/c1N5Mkw="}},"icGqjP+qSkuoUW9b0SiULiYx/39WyVC8aWQ0RdEgo+c=":{"valueMac":{"type":"Buffer","data":"RfJhXyuohU+EfAbU2KpL+YNuP754xNKvcvvEVeeSqao="}},"jGZKFVLRkPvJP0gEYEFgshRyuP5NtT1AAMea4tWKGqo=":{"valueMac":{"type":"Buffer","data":"DmjRjbYAjaR3vTCKw1kscJHuztDrbxgfVa53+JbNzfI="}},"jKYAwzxNKxxoW0EpLYNZm/0f797wS//W1PZISgSprl4=":{"valueMac":{"type":"Buffer","data":"aPMCxR/aypbzMr7MpyHC8QMd24/MN77INwy8mCI3i8k="}},"juDPrDMgiHtgyJA5ls6PTbs4wkEJt+WpfF3jkfbh4tc=":{"valueMac":{"type":"Buffer","data":"dRQGluXmw8UyIUPYCNKrILa+gI0040ikHBlyu+IdNYk="}},"jw2qEkeqEWmW65cKb5BeFkxh11RBqLdL96ABDrqOEic=":{"valueMac":{"type":"Buffer","data":"P/DJ1wadudaDiecYjpqPPg24b+mz9PzP8qWHBYDSaQE="}},"kd6YZgAS5EspTInRMoY0abBh9WLvBRyT54muAo28tVI=":{"valueMac":{"type":"Buffer","data":"rhoUlSDwOQtCuUGjmYaEUW9AQrIVAWE7US2y65gOSSY="}},"kseRlH4z8wKHWH3b3P1ohG637tHmjr6j3W29zg3HJ/I=":{"valueMac":{"type":"Buffer","data":"odAIcsZ5wcPjFr5ciInaGYx+Yori6NmKMwwiaT5H8aA="}},"lOiAI/ld0fP/NDzpz6MRQVePc3LVUKYWWmexekePvN8=":{"valueMac":{"type":"Buffer","data":"Q/V9DL1IYMCXEbGhm/TH0L4swO14wXk2p5/HjVKaDro="}},"lcwhyPQgXNP3JZmPmhYT/12jr/YmkAHwp/Do9agwZuc=":{"valueMac":{"type":"Buffer","data":"kmNZ9pT6nM4f5Jr+KOsZenkdOjImvpxNXlTWo+9d/V4="}},"ljyopJuSqlOQ3R6W+fztttDOnQ8Gh3A9KBigYtiBKs0=":{"valueMac":{"type":"Buffer","data":"DW5eQC06V75U4jVDiiKAnCeucL3rrWHswdGCC5vPDbs="}},"l7R5BVjFfzX+ixuxzYJSifI/xXwk8NGOWFDmauvyTj8=":{"valueMac":{"type":"Buffer","data":"881sVQgx5poYYuGh/FU8YOzNieUCv45Sdw+jpidtlgk="}},"mBFZSBtj+/D14jghM0ZVVUubx7baM/UXZoqoO9vAXbo=":{"valueMac":{"type":"Buffer","data":"fYQO28TXMbWTHMHsNc1hKFK83R4OgtMTv0qqCjh+Zm4="}},"mcn35ak8sOWfcNrGtHrVr6Q03wSwtG56J7OsfpbrHTg=":{"valueMac":{"type":"Buffer","data":"4ZRM9dZQ1N9FuZSMQbWRA91ZAZ4l0A/XQwrj2KayO2c="}},"muwP71uNtEg2a3jxwc5NsC2iuENdHx3TTqG4/UL3V98=":{"valueMac":{"type":"Buffer","data":"n/3dmPf1fgRPme1br6JdUQ1LBrnaPrhsSfj/RZ139Bs="}},"mwLeFNG83QWxwbP4OHn1cuuewam3Nb/8Mh7h5m99V3I=":{"valueMac":{"type":"Buffer","data":"m8qB1QMsFmKtroe0aa9dDf9qWk7/D/Uik+xYgIe4ckE="}},"nPh52uIP+1Ji5QQR7dCjPdWD9ge/jekO/yfpCr9ZO84=":{"valueMac":{"type":"Buffer","data":"C6C1eg+fhkmx+sFkKvmwqIBcPLZbsyzHqt50dXO8d/4="}},"pdbdx7QlhubNx0mYhPEx2/v4PGzMuzzVIuDC8EQQQ7A=":{"valueMac":{"type":"Buffer","data":"qpXedvPiui1oDxj2FUY74ewv0/N+irbQsEq3xdzas8Q="}},"p2iacgUsY58tf2lsFMAr5GHO3FrNDeSHux4NHQ2Ml2k=":{"valueMac":{"type":"Buffer","data":"d41TxD4Dw22VG5cwIdtHzb4qboGuWpd3dJjU26j+meo="}},"p7nRErScbJSvvjEvQekuZjPEo9KbTE59EhS1K9TveG8=":{"valueMac":{"type":"Buffer","data":"NLTv5/Ss5QXxjFTzI+jxBlnVUsgV+zyGuAy+seT5bl0="}},"p8D7t/BisDV5iOppEhLdq+/xc8tvjAGAU2Z3RXZP3d4=":{"valueMac":{"type":"Buffer","data":"xrvzyk/P485oJFnbqEP0RxgE8lBC8cYp8UmyE9CYvO0="}},"qLZIPIoT1Xw2UXReoJs/RlBhvh80goziJipQNOmNIjA=":{"valueMac":{"type":"Buffer","data":"a9I2cPT+1XMIy6cq44rF0omIwHvXT1b2/ZhZj0gKr+0="}},"qizN8lu/nytzTwWaZ+6NQwTqVFvmxmLE8sOWmGKnV64=":{"valueMac":{"type":"Buffer","data":"0zEKD1vTIWqejO7nCHGRKYrN1NfFS7q2U+HrIJUYlD8="}},"q7IF1zB7le2Pa5YaZWOWmxr/MC/s5UumrEopzzwhpIY=":{"valueMac":{"type":"Buffer","data":"d8rNm7v1dJROfR1Gl5Re6kAL6WklgGeinRFpX/z5VVc="}},"rjhqLdTUYSz8S3KzJKMsUgXHqkJSK1oo1XIW8fzUIWo=":{"valueMac":{"type":"Buffer","data":"XaPYbndr7BpW/nxzKELGeKjUWFZWkzfjgQ8nlFWgdVc="}},"r/BQILBWHMDmCDOb0CdeDwRPmRU2Uur6clCiEQV9hJI=":{"valueMac":{"type":"Buffer","data":"yGteEbmpaxYkbClIE7du5nhHTEjU4lqT5oSJuACI4vc="}},"sMgbvktw2oWHZzc5/0axbu5Wvii1DDNlVzLdofd+9S4=":{"valueMac":{"type":"Buffer","data":"L+gWG3I2fmYIGUr6YdHDnh72pa2zaqz9B7aIRGd0m1k="}},"sVWb8rWZHWw5g/HKLpj4/7Nn650m+bYC9mz2BESoAQA=":{"valueMac":{"type":"Buffer","data":"RpDhAZSBYe5JN31JmoWhAKRns9JqxtjXaGDEluUzG1k="}},"tCBp56Xn9Hop9BMZ/9qdXsb0kO+iq+rauV45lZ8Uml4=":{"valueMac":{"type":"Buffer","data":"XTNsNWq7IDrSItzQTmSC4yUwQGCduauPa+RNfq/gqOo="}},"tjw8MuwE+W9i/cIRv59ogEe9id2iYuQjc9wbHFJWc+Q=":{"valueMac":{"type":"Buffer","data":"YOC0QH+N5SGt+pGUk7XOef329aF4vkf/CN7HYRKbyWw="}},"tu0AlwsyRS/ZeV0j3CG/hXzmehcqhVPmcxTVFXA9DYU=":{"valueMac":{"type":"Buffer","data":"efS3ASxvj5ElqtwqWI8rCoBWUCqUHOqjvPWyS5rgr0g="}},"uWKSBoi79sTsjoogi/L32V852Axhhzfyi+z1isNf0Fo=":{"valueMac":{"type":"Buffer","data":"SSyZQi14ZWxx9xyAgXIRES38xxBiWZOYw+0/A6v9+6U="}},"vgOxEjxAYGeDs16UmVVMdwegVkzIE1Kw87hozkE7fWU=":{"valueMac":{"type":"Buffer","data":"7ZcRgjTV7yYnGb3HasCyz0B4A9MrLCYKyYkr7l9AZY0="}},"vrBbLTRLBK3wTs9gb62OBpzdMFd+FBxPQZks0uvLgvw=":{"valueMac":{"type":"Buffer","data":"Bqmlwh6xA2mtnyKvm2AbG+3AoD9U0JogFfa6RQbTk3Q="}},"v8Nl5Ih7qlKtxI2ulkgToSQQT6lG3WXvcTi03BBnzXs=":{"valueMac":{"type":"Buffer","data":"BHxSRiH8T2DswHTElPmTv5GGgboiJWH8QLCu1cpocUI="}},"wcni/3EB0nrvCdzLAF0t9gp1Ebgr93b3c50c9OoekKA=":{"valueMac":{"type":"Buffer","data":"SXhOpLPoM1t1e2Ba635IK97ynAwBx290VvJD2aiie50="}},"wmg0QjnZLHiU+BzL10NeVVS4Pw6HrNp822HzDnJ/6mc=":{"valueMac":{"type":"Buffer","data":"kjC43Aazz5hTM8pJElxtMIfR5kuxVEZOgKwNCfzx86Y="}},"wp80c1XBExj8Q41i3Qs2v42W8bxC36ZINO6oeqKZxTk=":{"valueMac":{"type":"Buffer","data":"fNX+dUzyxIrWZono61y6zrMq87ge7m0TpDZrhNigtZA="}},"x2wwvS6HkMbhVqK8ByotY+wSWK98s2sNOo2tpcOIvrs=":{"valueMac":{"type":"Buffer","data":"WASqnGBKk1CRmeZNUOP+L1xdK1hlOL5YeR2OsBTK1s4="}},"yCK2wlIIL+NKSB8LcnAueZNIBVXgjNlB020wexH4OZM=":{"valueMac":{"type":"Buffer","data":"pGcXPiznWW+AWwJCMFTL/kIsAkJpiD2rX31Vj7k7kRQ="}},"yFM/GxdJMrAesy2dijKaZm7MSG39fLwynTPLjcpcgGE=":{"valueMac":{"type":"Buffer","data":"oJt04Bk1OJS85xARGHfa1IFC6MEGkuxpslZAyK7nY2s="}},"yRg8X5TV2j5cDnS0bm32bSuZWelYxDHjJ66Jw3HiVOw=":{"valueMac":{"type":"Buffer","data":"mCakqQZkJNJpqvpSyY/5kfBKWMgsk06QPUkVYovDOYU="}},"yU/hmOIBF7lFJFYJjx8vJ4z8UFmc92czmZCP6juR/M4=":{"valueMac":{"type":"Buffer","data":"0r5CX9ojJu150p30NdSdZbEzznTBkOsl4CTCxqYFpSE="}},"0Enk42jFMmUIaJmDa3bCBZonEZQDdcxn35dX7FNbr/0=":{"valueMac":{"type":"Buffer","data":"oDszFekzdMb9PFDgTHTsOIsxGBY7sMC5fYWzzK3+uDM="}},"0X1iELs7BqoXev8bzb3i0Lif1j/vqA2E8QkQMTNNLIo=":{"valueMac":{"type":"Buffer","data":"bbviiLNubhPeMwwstdLEo27ed/aTaGil49sJ9G8IHnk="}},"0irMBftCuCs7F+7pnllUK9mNeWqbV8pApJgLWXB+QK4=":{"valueMac":{"type":"Buffer","data":"RFd3XED1b2QLm90GYqW2oivdLfp4s4kb0dVc3VhA69o="}},"0ye0S3e9h74N87XEWsG7Q0C/EmqRuVW6Jv06zyP8Kcw=":{"valueMac":{"type":"Buffer","data":"a1jA8PsbI0YAjBM2PZoTlsXIqC8lxEeft/+P/hiMSwM="}},"04p/aNCVjZ2PYn6hGSSHdvAD9bDim8AvoXD0S7hNLLo=":{"valueMac":{"type":"Buffer","data":"aR9iE9cQD2009agLucvS8dTl7rVrBA56xGLgLtRi8q8="}},"2L2ZEqs3m4pjS1WWOL+dZgcZH3DMq3ovg2Nz+P/ZggM=":{"valueMac":{"type":"Buffer","data":"yWKj2PcD+IJT0kLIyx4Q/kUquftxdFx9hLa9dLT1tBs="}},"2wy1Hflx7/df4gFGf7Wb8z/baRXrk9VAjXMaAd2wA2Y=":{"valueMac":{"type":"Buffer","data":"ZDoRXIgFwM5V1uKAsGIyuhshU/20h11OrE5QBEhRyzk="}},"2/K3O7IC940iIDlZcXko3zDS0tluRiKEW7za2LcE9ts=":{"valueMac":{"type":"Buffer","data":"eVAOAFKTEvxwXNEjWGPw2dJiMWae1wdhIxvm/CsNsSI="}},"3ffgQiwWnSBzrqaG6PjALl9/9llNe9bsjfmvuUKw59c=":{"valueMac":{"type":"Buffer","data":"QL5TuMMN3F66rKq/BMNScwt2C3PcR2c8//GFKmT6Xvo="}},"4Ja24K0u+W7NnpKNYgk6+3lBh9CfR9rzKG/y0QUjI3I=":{"valueMac":{"type":"Buffer","data":"/vJk39ITGw8i06JFQb+HX57e3Q04EfhxQqQQyFkKSS0="}},"5PcFiwFZr520Dz8aMlv3uF7+Yw4JFbYZOwj6AQ/4P5w=":{"valueMac":{"type":"Buffer","data":"xeSgI9avu4W2+mM78bHwoiOqn/sYWgbGs8qImghNT5E="}},"5YRmNaLUWhZjjnWqpBc15wxJWlYweb5YlZDg1MArcMQ=":{"valueMac":{"type":"Buffer","data":"81KZ5pfZElzxQOT0YNV+HRSUa4Fy2rzuss7/jE4zxWE="}},"6VE2KCB7OTpUWknyFDmhIK05UXmyVFE5SZmjVo9w7IM=":{"valueMac":{"type":"Buffer","data":"yB4kmg/eGRVZZx/+88hdWaTgqGhLIeiFU8q4cW56y3c="}},"66PEVqc1ek9KY9pIsC8Y1IeFzEVJPzJlzUujoj2nuPM=":{"valueMac":{"type":"Buffer","data":"qN3YzJOectaf6xuWjDqXpfGjzoRnaTo9yWS8D/Mkn6E="}},"7LIANiLvVsBgsJVv4PN368HqDBeakSKSdi3cdsD3p2A=":{"valueMac":{"type":"Buffer","data":"xVkP8T382/uyLx5SMYIHd5XSJJ/JXzfozxWb14QcrhQ="}},"75qSe734AfCg1L21Y9O1yZYFMjIj5ZVFPJdS+mMnqPk=":{"valueMac":{"type":"Buffer","data":"FtUvW48pWcJ1GS3bWDyRPyn+Zh9iRqhWHsIAWhF0h8U="}},"8EGCsERgjOsxdwuvp12kGXxu4LnEZWO8DQTXuhFWFZg=":{"valueMac":{"type":"Buffer","data":"sF8x4y43rYMso95bom+WcPTg/XgFhThc59CDEyuHoW0="}},"8KEzDipK36a3l2Xx6k1WUTu5h8jTnA2lSvjhpyxBQPg=":{"valueMac":{"type":"Buffer","data":"WI2m2QtYceOKIMyPvNMcVjCHt95kgtS2sGRqJO7Bh6w="}},"9awnHNUIaO9+X+nsz/icNmblFxru0d8cDhTTC/HcVAs=":{"valueMac":{"type":"Buffer","data":"K+Lt3rMOv58W4lR+mORNTVat4gVmgL1WgUNVKv9qKK4="}},"+d1erlbyF/gghNASkrQBl5E38mUjDC48iKIZDqbN8ew=":{"valueMac":{"type":"Buffer","data":"OHry12vNw7b/7USWAlTmpi692VkhbNi+MU1EG41+kSM="}},"NMlPC31DW2MwgXqa4D6LfosLsQUTqcwRERElhl3Z18k=":{"valueMac":{"type":"Buffer","data":"4waQEjVyJfqlVoUlio+VNRfK4CxRtDnItjdC2bi9oCo="}},"9OJdeoxps2Z17MX5teHfkEWungdZwOG5kzOhJlvlNpU=":{"valueMac":{"type":"Buffer","data":"oaXcAE30+DSKplbjgV+7FKftbrCTVAQsaUG7Ye7EK94="}},"y3VVTGIcvjl1+mDuO6IlzGYPZk7IuxVzo+13S1Vm5es=":{"valueMac":{"type":"Buffer","data":"WLgGdiomBZlC/3FeUZvHBvnw6UoCzVum1RLySiPW4Bc="}},"nn90CqKqcwMVMahxHiMtebC6Xz0LKWczMqAeyDJJaCc=":{"valueMac":{"type":"Buffer","data":"PpSRif7Ulc3p3/ng4BkjpmF7Zl4CI6CEfqovB2fZqp4="}}}}