{"version":1,"hash":{"type":"Buffer","data":"Jw/H83MbDavqsXP4KYriKPYDHqIrJTWMraNWjzaLcEJtkXDPMiYCgIKpCyYnMUO8CvT386fSP+j8cNAWQIyekQjxK83YobHIWaHYieo+EvxUbvxFsDnpVufqEgmakW+L52E7L9hbvvhPDV1S7s00N+8OzT5rfVm8da9ElBC9l80="},"indexValueMap":{"rjMUZewUeu3t4z9+hBqrCIdYtjcS3m7oM49Yxp0yE7M=":{"valueMac":{"type":"Buffer","data":"aXXs14rFj5YwHCRMITsUoH+4A7c/I+9n170bnSJyCBo="}},"NNW3gU4rbDCCKgB6IU4ra5wn7RfHDY3XqGK2gbCNx2o=":{"valueMac":{"type":"Buffer","data":"8qKdEbcTUqzMAnWM+gk1DjUiOtZSkt9GnvD1UGfAiSE="}}}}