{"noiseKey":{"private":{"type":"Buffer","data":"UA+V5lzPbg1QAVLPq/GS3IqljuU7hBZfsUudI6J+aWc="},"public":{"type":"Buffer","data":"a5J588DEiTE6ftFqPulgOmxDO2vQiqKzYFquulXU61s="}},"pairingEphemeralKeyPair":{"private":{"type":"Buffer","data":"UIb3vtk9HEOAXiwK9p9RMO39mi83GEv5CbqoIO/z8Uk="},"public":{"type":"Buffer","data":"TtPJSUNJy4MdMTG86tT3YG8tz0dAYB399Ieg9IrcmA0="}},"signedIdentityKey":{"private":{"type":"Buffer","data":"UCioNMqUB2cDVH1pyaAkOofBZEQ6WhYuJD0WKcOyAXw="},"public":{"type":"Buffer","data":"fmUFKtxk0yxIRxyG8yYtZrQAISzz5rZBlsyytNtwz3w="}},"signedPreKey":{"keyPair":{"private":{"type":"Buffer","data":"IAaEP9qLelw/C35Fw6fLp1h3a77AIQmBXpV5ySvzpVQ="},"public":{"type":"Buffer","data":"u7YUJp0WwwTaNURh18CPeRTxeV2rY6pGCKObJWS6NE8="}},"signature":{"type":"Buffer","data":"Y2pJsU/KPSoVmCUg/uL/H6HYbJcbFDJIyTpYlq54mEvcjTEpBF7WMlHGbp/5CMdy5aHyje+63f4+8PVIRYYggQ=="},"keyId":1},"registrationId":6,"advSecretKey":"KCXnFlCQnZljslP1ac/lVIa6hR6Ib2Y+qKz6OY3I8wk=","processedHistoryMessages":[{"key":{"remoteJid":"6283890931278@s.whatsapp.net","fromMe":true,"id":"38F7FD60143BE4B5EEFC29A39FEABE16"},"messageTimestamp":1730469394},{"key":{"remoteJid":"6283890931278@s.whatsapp.net","fromMe":true,"id":"EE3A710DB505EE9080F64B9F2ABC0A3C"},"messageTimestamp":1730469394},{"key":{"remoteJid":"6283890931278@s.whatsapp.net","fromMe":true,"id":"AFC9BFAABC601F10FAF4CEDA60BC6A20"},"messageTimestamp":1730469406},{"key":{"remoteJid":"6283890931278@s.whatsapp.net","fromMe":true,"id":"993FDD3F87E3925057C3F9AFE5EE65E4"},"messageTimestamp":1730469416},{"key":{"remoteJid":"6283890931278@s.whatsapp.net","fromMe":true,"id":"929BD82BA00C696C729A42198774AF48"},"messageTimestamp":1730469424},{"key":{"remoteJid":"6283890931278@s.whatsapp.net","fromMe":true,"id":"13AC55263755D37782AD3D5816D8E771"},"messageTimestamp":1730469432},{"key":{"remoteJid":"6283890931278@s.whatsapp.net","fromMe":true,"id":"DBE2C496F34AFAD3D98957564D7C686C"},"messageTimestamp":1730469441},{"key":{"remoteJid":"6283890931278@s.whatsapp.net","fromMe":true,"id":"9D8125BB8CBECA0E4762FABC397F57F9"},"messageTimestamp":1730469457},{"key":{"remoteJid":"6283890931278@s.whatsapp.net","fromMe":true,"id":"321E169C52FFB028E3C1182AC7EAE8A6"},"messageTimestamp":1730469466},{"key":{"remoteJid":"6283890931278@s.whatsapp.net","fromMe":true,"id":"04A2646538011C2BA1634C2B65111D5A"},"messageTimestamp":1730469467},{"key":{"remoteJid":"6283890931278@s.whatsapp.net","fromMe":true,"id":"9D92BFAB7811DD45E7DCBE0795B24F33"},"messageTimestamp":1730469472},{"key":{"remoteJid":"6283890931278@s.whatsapp.net","fromMe":true,"id":"FB50080EBB853FC176B307ED231A518F"},"messageTimestamp":1730469526},{"key":{"remoteJid":"6283890931278@s.whatsapp.net","fromMe":true,"id":"1EFED60630A0779B2BE291D174ED8A8A"},"messageTimestamp":1730469536},{"key":{"remoteJid":"6283890931278@s.whatsapp.net","fromMe":true,"id":"2D126994BD75E79999F8EB6F2234A2BB"},"messageTimestamp":1730469549},{"key":{"remoteJid":"6283890931278@s.whatsapp.net","fromMe":true,"id":"DCB62925DB1C039E16FC31A9346EF7A7"},"messageTimestamp":1730469570},{"key":{"remoteJid":"6283890931278@s.whatsapp.net","fromMe":true,"id":"68F7DA53CC76B92E34DE059F1D487699"},"messageTimestamp":1730469648},{"key":{"remoteJid":"6283890931278@s.whatsapp.net","fromMe":true,"id":"B085D9B9C1EAD9E6EE1842568A2E5E7D"},"messageTimestamp":1730469659},{"key":{"remoteJid":"6283890931278@s.whatsapp.net","fromMe":true,"id":"6CB8A58407252A7022297B5A9159529B"},"messageTimestamp":1730469670},{"key":{"remoteJid":"6283890931278@s.whatsapp.net","fromMe":true,"id":"77AEFDAFEF461D6A41EFEF431FBC7F32"},"messageTimestamp":1730469679},{"key":{"remoteJid":"6283890931278@s.whatsapp.net","fromMe":true,"id":"26AB2849B2B29442639ACE398F5CA28C"},"messageTimestamp":1730469689},{"key":{"remoteJid":"6283890931278@s.whatsapp.net","fromMe":true,"id":"F10C995D970945DF69CE7C06C4658803"},"messageTimestamp":1730469698},{"key":{"remoteJid":"6283890931278@s.whatsapp.net","fromMe":true,"id":"76B2F7BFCF6E850CA226CB7202CDDF83"},"messageTimestamp":1730469708},{"key":{"remoteJid":"6283890931278@s.whatsapp.net","fromMe":true,"id":"41B32847DDCB206814439E1B49FFDD15"},"messageTimestamp":1730469719},{"key":{"remoteJid":"6283890931278@s.whatsapp.net","fromMe":true,"id":"F88743C9E7AD4A2A1B6C20FD7CEB031F"},"messageTimestamp":1730469727},{"key":{"remoteJid":"6283890931278@s.whatsapp.net","fromMe":true,"id":"E17B2DB8C1224C5263339633EE711440"},"messageTimestamp":1730469737}],"nextPreKeyId":131,"firstUnuploadedPreKeyId":131,"accountSyncCounter":1,"accountSettings":{"unarchiveChats":false},"deviceId":"K4XAFCUhSUGYBXjL0DcPiA","phoneId":"dd5505e4-309c-489c-9c14-7c31330b46dd","identityId":{"type":"Buffer","data":"t+XyVFLOADLrP0Cw2poGdB/BEG8="},"registered":true,"backupToken":{"type":"Buffer","data":"1QlM6WdWUtGz/JylVq3YRMCz9C0="},"registration":{},"pairingCode":"C75NNQXC","routingInfo":{"type":"Buffer","data":"CAsICA=="},"me":{"id":"6283890931278:44@s.whatsapp.net","name":"Ariyo","lid":"254193512226986:44@lid"},"account":{"details":"CMbn5l8QiryTuQYYASAAKAA=","accountSignatureKey":"SDRcDdUctqZ9BCzdQlvwX1xmgtFg516rdm1UDRZ4MhI=","accountSignature":"g+zW7LGWa04eegp5mD2h7Mmm6gfvrt2CPd/lrTXggm9Ride3sEY8fDEnuNtskvkoAhBFSxdhi7ZFw3vafGjjBw==","deviceSignature":"Fa1GK47OyObYCgWBdplRwi8BDluJL4eJsPI1brHBPXi34Q4cZMgEBLSH1hMLQrY4dGWk5pVoMCMmVNxnDjawgg=="},"signalIdentities":[{"identifier":{"name":"6283890931278:44@s.whatsapp.net","deviceId":0},"identifierKey":{"type":"Buffer","data":"BUg0XA3VHLamfQQs3UJb8F9cZoLRYOdeq3ZtVA0WeDIS"}}],"platform":"android","lastAccountSyncTimestamp":1730617836,"myAppStateKeyId":"AAAAAI8w"}