[{"senderKeyId":1641750167,"senderChainKey":{"iteration":7,"seed":"Xy0LvVoXvJLnpdoJMih9LDrYdPVh+rHB6DIueMLT9gk="},"senderSigningKey":{"public":"BXfKlwFBbf2ZY5K+4NcnELjXyWLRvX5kT4DLjVBGueBJ"}},{"senderKeyId":1641750167,"senderChainKey":{"iteration":7,"seed":"Xy0LvVoXvJLnpdoJMih9LDrYdPVh+rHB6DIueMLT9gk="},"senderSigningKey":{"public":"BXfKlwFBbf2ZY5K+4NcnELjXyWLRvX5kT4DLjVBGueBJ"}},{"senderKeyId":1641750167,"senderChainKey":{"iteration":7,"seed":"Xy0LvVoXvJLnpdoJMih9LDrYdPVh+rHB6DIueMLT9gk="},"senderSigningKey":{"public":"BXfKlwFBbf2ZY5K+4NcnELjXyWLRvX5kT4DLjVBGueBJ"}},{"senderKeyId":1641750167,"senderChainKey":{"iteration":7,"seed":"Xy0LvVoXvJLnpdoJMih9LDrYdPVh+rHB6DIueMLT9gk="},"senderSigningKey":{"public":"BXfKlwFBbf2ZY5K+4NcnELjXyWLRvX5kT4DLjVBGueBJ"}},{"senderKeyId":1641750167,"senderChainKey":{"iteration":7,"seed":"Xy0LvVoXvJLnpdoJMih9LDrYdPVh+rHB6DIueMLT9gk="},"senderSigningKey":{"public":"BXfKlwFBbf2ZY5K+4NcnELjXyWLRvX5kT4DLjVBGueBJ"}}]