[{"senderKeyId":1043334907,"senderChainKey":{"iteration":283,"seed":"HfFBno43jHGdFdpf6uoakFLQ7lZiGGQx29aqDLTNSJM="},"senderSigningKey":{"public":"Bc2vfmRysCPmh9yzRSlvgayCARYeNT9IkLEFgxuPflR8"},"senderMessageKeys":[]},{"senderKeyId":1043334907,"senderChainKey":{"iteration":283,"seed":"HfFBno43jHGdFdpf6uoakFLQ7lZiGGQx29aqDLTNSJM="},"senderSigningKey":{"public":"Bc2vfmRysCPmh9yzRSlvgayCARYeNT9IkLEFgxuPflR8"},"senderMessageKeys":[]},{"senderKeyId":1043334907,"senderChainKey":{"iteration":283,"seed":"HfFBno43jHGdFdpf6uoakFLQ7lZiGGQx29aqDLTNSJM="},"senderSigningKey":{"public":"Bc2vfmRysCPmh9yzRSlvgayCARYeNT9IkLEFgxuPflR8"},"senderMessageKeys":[]},{"senderKeyId":1043334907,"senderChainKey":{"iteration":283,"seed":"HfFBno43jHGdFdpf6uoakFLQ7lZiGGQx29aqDLTNSJM="},"senderSigningKey":{"public":"Bc2vfmRysCPmh9yzRSlvgayCARYeNT9IkLEFgxuPflR8"},"senderMessageKeys":[]},{"senderKeyId":629252932,"senderChainKey":{"iteration":98,"seed":"tA5IXZKxRpWVkx7Ys5S1xftIUYEpe4obaaefxaMw4gY="},"senderSigningKey":{"public":"BTlW5MN3dECDrhnDvsVKJ/OVjmlxT4wvpj4qL9RVL99e"},"senderMessageKeys":[{"iteration":68,"seed":"tVG6FXvoWZFYEXqOTj/xy/7yKjVo7XApdAMMXdefpX4="},{"iteration":72,"seed":"6Rgc7FxwlnUIlrn7/YcMIoU81hsJzZcB2Av6KiGD02s="}]}]