[{"senderKeyId":724332214,"senderChainKey":{"iteration":80,"seed":"ojqbfRv5CGCwT84MzC82QPoLX4jc+ewH8lvNerpgORQ="},"senderSigningKey":{"public":"BeYe9qkdv13Bex7KYDuTdMd6Imwq7Kd62n3ThTTmF7YO"},"senderMessageKeys":[]},{"senderKeyId":1145585122,"senderChainKey":{"iteration":145,"seed":"sTX4Keek//Ew6fnYyLZ0uypnmFTTlDaVKdgB0Lg4kEY="},"senderSigningKey":{"public":"BZ+dk1k3jIXhVyfY46EoxWjmFtLTM45hihcajwc+FhNw"},"senderMessageKeys":[{},{},{},{},{},{},{},{},{},{},{},{},{},{},{},{},{},{},{},{},{},{},{},{},{},{},{},{},{},{},{},{},{},{},{},{},{},{},{},{}]}]