[{"senderKeyId":1532554300,"senderChainKey":{"iteration":317,"seed":"jnJbpUbl4n7wyR2Ty1NyjvLXLrsCfJun4Lvxq43kQIw="},"senderSigningKey":{"public":"BfoyStzHVUW98Bq8HrTlht5k5vwT6yt/uXtTwOCbn7sj"},"senderMessageKeys":[{"iteration":1,"seed":"6giVDRDoo3DLn5f3powr6VwztbGGEXvHTElzngcSlFA="},{"iteration":3,"seed":"vC3/l929WSrWm7v+fyXLvPfYvLclJhzyTXF5rzsaV1E="},{"iteration":5,"seed":"AcsZGaxoACawFxZU/4NdVAv/LWO9Vdnx+yYpkkfKMjI="},{"iteration":7,"seed":"mW82n3Z8jhoxvEQBs41p/AWM5g+IhF7Zu1Yql8vfUhs="},{"iteration":9,"seed":"mAvif8x4jnLGGDQQ+DStTyJx9LEhNDst1pyLTH1HjDU="},{"iteration":11,"seed":"7N0jOytzWjAAOueOnGJvMIUPHz4MY1ng9CGToamScnQ="},{"iteration":13,"seed":"yL+JLLdM6UeOWwhenpyDcaqGniWvyP/pzTZDdcVq1gg="},{"iteration":15,"seed":"3L+a+Q5eirNUlZhs8ossGqHeGGO1kwr/fW/hLUg3l4s="},{"iteration":17,"seed":"LJz3nWJtXuT2lbWxB00HZBHPGAZsIGj40qWe2nd9Sl0="},{"iteration":19,"seed":"cHeyjKTwCw2M9D/jrL6vdNYvoe1+N8MYQzs2k7rmbfI="},{"iteration":21,"seed":"E9NC4iMjEHA5zba3GpFAevrgxHP43FoH/U8ZPQZ6zj4="},{"iteration":23,"seed":"Uook/cWMABagmfiVjiBwgOxKwdXQz/nMAo24PAJaaqY="},{"iteration":25,"seed":"25AFZbxAJO2tkP6ePVP80d6jX0dBWbL/LdmXXx/oXV0="},{"iteration":27,"seed":"GZ1h2Ah4X4EqvdJk6/S2m/44fLEZXQ7SMRFqY/OER1c="},{"iteration":29,"seed":"vbsyBHS5Z2kdheq+ZR0qS5hOOnVy/rDgqxMMpgrGvoQ="},{"iteration":31,"seed":"KC6Xvfri8Xe7gCVzHOrpo6/wdKzoSwYE7k/ZMLw2mx0="},{"iteration":33,"seed":"hp5hy27/kX3NQ38Z/vCkU3FjmpjOWB4RI48bJDgoOE0="},{"iteration":35,"seed":"Ar5Ni47gbhsFigof7hjNiu0eY4F/OHl0Z7uDLsQddvA="},{"iteration":37,"seed":"3Ekl2NQpaYQi5I0tZrS1xZF5v55aVoqPrCBaj12gAZA="},{"iteration":39,"seed":"JWcqyy0L8AA8UbFGMj3klP6dBAodequY8PNqtaDQVAs="},{"iteration":41,"seed":"qMOHSKoUUoQentKcujJ8uW3YVjp6D4wGnVeqXiQ74qE="},{"iteration":43,"seed":"PQbia4T7WT2jfaiF+45AJ+43AVJQE5nHd7FFHj0L8ho="},{"iteration":45,"seed":"PN0LqJQRGRpBKvwekElFykeTgRc6PKzYIm9zlTvM3ZA="},{"iteration":47,"seed":"JYxXdXVP+JMKvEnmlJMtoFM6wdpjlftRmFbbwtU/nFI="},{"iteration":49,"seed":"GLxzAVo0DeMQoHuyC5wReMd+OUvIQJ5FggBIq4BZkq4="},{"iteration":51,"seed":"r+cjS/4LER/JJaw37UEquGwrjhfiz4TNukO4CcgK9Uk="},{"iteration":53,"seed":"E0AM6mT5uyNfKKwZevIFGsRbfwViBJ4ARPP4e2nrME0="},{"iteration":55,"seed":"LbxSJjNW6e+siwZppcFM1Oh7LtLIspc++uJbAnDg+7o="},{"iteration":57,"seed":"lthSMv6KoYcGY4rvMv4U+Xzjl+QTdcztBHVgWGzONog="},{"iteration":59,"seed":"cJupBP/efNUzPpHJ+25XnqkCulvJAMB2zPni+JYpwl0="},{"iteration":61,"seed":"8eivj1UVzQnZLhJwuOxiWw2/tVxQhwu4+CLWczGbAAE="},{"iteration":63,"seed":"n2PQiJM6lrH6iv4mqtvhL7Et5Ev5gPOh5UUz8zCWIP4="},{"iteration":65,"seed":"G8Wu8zYQ5vkxSBq2hN73KGUOTaWs1pqmECxAFrfNHAk="},{"iteration":67,"seed":"m0okRC72y4dmZzjIPh+RLDP9ujptClcRmmZzHC2oS1s="},{"iteration":69,"seed":"RcjLv65b1bphnCllL4W9jd3CCTd1uNqVQNZ6XMG1KSY="},{"iteration":71,"seed":"Ko9aS4HxrB9k0fUXHzXkknx5plk6QNVz3svJnYTDRgs="},{"iteration":73,"seed":"ARscIzOJnv3Ljy9xCETiJ/UBsNJZMlG5tV3XVylEtsM="},{"iteration":75,"seed":"4ROxCPQG2W6hoETZ4k3V3NRQlmGnR4gH07ilyfdUZcQ="},{"iteration":77,"seed":"bagOIJo5Y18k92+rX9MIfjWRJRhwI0nU9k/xTq3quHc="},{"iteration":79,"seed":"QqWr1dpw0OUqtO03MoNlfAe6f7f6RsvFLrt2yILOiDU="},{"iteration":81,"seed":"TxCGs09pQgasAt+xKE5Or9u/5KRVVDVwJyynuQTTKPs="},{},{},{},{},{},{},{},{},{},{},{},{},{},{},{},{},{},{},{},{},{},{},{},{},{},{},{},{},{},{},{},{},{},{},{},{},{},{},{},{},{},{},{},{},{},{},{},{},{},{},{},{},{},{},{},{},{},{},{},{},{},{},{},{},{},{},{},{},{},{},{},{},{},{},{},{},{},{},{},{},{},{},{},{},{},{},{},{},{},{},{},{},{},{},{},{},{},{},{},{},{},{},{},{},{},{},{},{},{},{},{},{},{},{},{},{},{},{},{},{},{},{},{},{},{},{},{},{},{},{},{},{},{},{},{},{},{},{},{},{},{},{},{},{},{},{},{},{},{},{},{},{},{},{},{},{},{},{},{},{},{},{},{},{},{},{},{},{},{},{},{},{},{},{},{},{},{},{},{},{},{},{}]}]