[{"senderKeyId":522730483,"senderChainKey":{"iteration":1,"seed":"/YTjNdRSEEYenD8uIORY+MNvLYzvavvwxxvVPOpi53A="},"senderSigningKey":{"public":"BWOj2Xr2bbKkvVByAl1nyxrHQgPza/GN4uTkmJq6Nhsi"},"senderMessageKeys":[]},{"senderKeyId":752264903,"senderChainKey":{"iteration":1,"seed":"QgUVrVXM5bkYclrIhE4iZaK+6GNNr7TcbJImdI6t2Ik="},"senderSigningKey":{"public":"Be5glFi3kuFqiVQhMNru0PdncUSUWOSVlKG1EyXBRtMN"},"senderMessageKeys":[]},{"senderKeyId":2075936803,"senderChainKey":{"iteration":11,"seed":"SoPieAh27AaClzd/iGzb70CSO2b9Taq7A8EhHYSe/Og="},"senderSigningKey":{"public":"BQDSLy2t9rR2OvvSHObmoYnPNGTkmxMoyr56s/JFn7sF"},"senderMessageKeys":[]},{"senderKeyId":2075936803,"senderChainKey":{"iteration":8,"seed":"AfR2ba1w+VVlRnyUSMJJOp9V8LG0u6h4Dur2nR5+Ekw="},"senderSigningKey":{"public":"BQDSLy2t9rR2OvvSHObmoYnPNGTkmxMoyr56s/JFn7sF"},"senderMessageKeys":[]},{"senderKeyId":2075936803,"senderChainKey":{"iteration":10,"seed":"ZbG+PabADgVB+GH9rCEigf7q0Gf7GJNv2RqvE0z1E2I="},"senderSigningKey":{"public":"BQDSLy2t9rR2OvvSHObmoYnPNGTkmxMoyr56s/JFn7sF"}}]