[{"senderKeyId":1001176170,"senderChainKey":{"iteration":171,"seed":"R4sgl1NraiN3DOrXu9dHdayuzUROVRmqsnUJE+AQzBI="},"senderSigningKey":{"public":"Bdj4qLtxDTbpYtD49pgknBeK2jvWkn7CoZyaWGQ+zhA4"},"senderMessageKeys":[{"iteration":47,"seed":"xJUu5vlMiOnsL1lDoRkMMUf8nl06DjEwkNeJILUdGl4="},{"iteration":49,"seed":"YQcm2ysff/jDlr4aV80tl2srUIRnhmvfNKUzTM3gS7M="},{"iteration":51,"seed":"iV5IT2Wq4JqQ1NrFXwWGHqCd1tsJmzo63J21Lpvlub8="},{"iteration":53,"seed":"iZVFtF7tz6tbMvQnvtxkadhf0eECr/PLZ4SJeFsCkyY="},{"iteration":55,"seed":"nrEIn9YrQCI7Gvgn2s3Vbm/eely+Dpws5H+hvcX+dKM="},{"iteration":57,"seed":"11W7u+fBze9KXzH1NSynlFENOiQRRiyfh3/Q3A5w290="},{"iteration":59,"seed":"1PVhCdKenugVU5CYKK3gh8GM5/OlnFTej9pxODDh0nQ="},{"iteration":61,"seed":"MmO/n6XStPcs4HnXUbYGGIxfYkZb4i1lRDpetyakugg="},{},{},{},{},{},{},{},{},{},{},{},{},{},{},{},{},{},{},{},{},{},{},{},{},{},{},{},{},{},{},{},{},{},{},{},{},{},{},{},{},{},{},{},{},{},{},{},{},{},{},{},{},{},{},{},{},{},{},{},{},{},{},{},{},{},{},{},{},{},{},{},{},{},{},{},{},{},{},{},{},{},{},{},{},{},{},{},{}]},{"senderKeyId":1001176170,"senderChainKey":{"iteration":49,"seed":"xWnYIQleDqhJwtfwdvdqCwCkHLBWc6vV/86q7Uo6JK8="},"senderSigningKey":{"public":"Bdj4qLtxDTbpYtD49pgknBeK2jvWkn7CoZyaWGQ+zhA4"},"senderMessageKeys":[]}]