[{"senderKeyId":2086922267,"senderChainKey":{"iteration":7,"seed":"S951WCW1fF53AgHrNSWfVlXfOm7hN49839mvQZbnGyc="},"senderSigningKey":{"public":"Bb3GgrJTvJ8skN5F+PQ1yRywPWjWQurnepFeznIN9LM4"}},{"senderKeyId":2086922267,"senderChainKey":{"iteration":7,"seed":"S951WCW1fF53AgHrNSWfVlXfOm7hN49839mvQZbnGyc="},"senderSigningKey":{"public":"Bb3GgrJTvJ8skN5F+PQ1yRywPWjWQurnepFeznIN9LM4"}},{"senderKeyId":2086922267,"senderChainKey":{"iteration":7,"seed":"S951WCW1fF53AgHrNSWfVlXfOm7hN49839mvQZbnGyc="},"senderSigningKey":{"public":"Bb3GgrJTvJ8skN5F+PQ1yRywPWjWQurnepFeznIN9LM4"}},{"senderKeyId":2086922267,"senderChainKey":{"iteration":7,"seed":"S951WCW1fF53AgHrNSWfVlXfOm7hN49839mvQZbnGyc="},"senderSigningKey":{"public":"Bb3GgrJTvJ8skN5F+PQ1yRywPWjWQurnepFeznIN9LM4"}},{"senderKeyId":2086922267,"senderChainKey":{"iteration":7,"seed":"S951WCW1fF53AgHrNSWfVlXfOm7hN49839mvQZbnGyc="},"senderSigningKey":{"public":"Bb3GgrJTvJ8skN5F+PQ1yRywPWjWQurnepFeznIN9LM4"}}]