[{"senderKeyId":955909051,"senderChainKey":{"iteration":225,"seed":"x8a24jami5epCrslgDRSbGnGbzfO45nXGPX0UQWusx0="},"senderSigningKey":{"public":"BZVPtwIutDDUlkf8IVOzHcUU4FH6YmoLSHQlaOFCP7RS"},"senderMessageKeys":[]},{"senderKeyId":955909051,"senderChainKey":{"iteration":216,"seed":"FZTqXI8mrILy0gJHS78xPvAY6f23ht+Y6iKz6g4uO5I="},"senderSigningKey":{"public":"BZVPtwIutDDUlkf8IVOzHcUU4FH6YmoLSHQlaOFCP7RS"},"senderMessageKeys":[]},{"senderKeyId":955909051,"senderChainKey":{"iteration":216,"seed":"FZTqXI8mrILy0gJHS78xPvAY6f23ht+Y6iKz6g4uO5I="},"senderSigningKey":{"public":"BZVPtwIutDDUlkf8IVOzHcUU4FH6YmoLSHQlaOFCP7RS"},"senderMessageKeys":[]},{"senderKeyId":955909051,"senderChainKey":{"iteration":216,"seed":"FZTqXI8mrILy0gJHS78xPvAY6f23ht+Y6iKz6g4uO5I="},"senderSigningKey":{"public":"BZVPtwIutDDUlkf8IVOzHcUU4FH6YmoLSHQlaOFCP7RS"},"senderMessageKeys":[]},{"senderKeyId":955909051,"senderChainKey":{"iteration":216,"seed":"FZTqXI8mrILy0gJHS78xPvAY6f23ht+Y6iKz6g4uO5I="},"senderSigningKey":{"public":"BZVPtwIutDDUlkf8IVOzHcUU4FH6YmoLSHQlaOFCP7RS"},"senderMessageKeys":[]}]