[{"senderKeyId":2072099497,"senderChainKey":{"iteration":162,"seed":"kp3CJg8TfiJIzvaS/UwpQ+QbOKn18cT/Bdyyq76nmfk="},"senderSigningKey":{"public":"BfOROIqTKK/5a40UhcHkk08/QQdVUX8OgbaP9XovNt1L"},"senderMessageKeys":[{"iteration":3,"seed":"C1LjmU1cDfqVdIdugJ2u9j0zMDz3qkMVd1Sr/JpWEo4="},{"iteration":5,"seed":"VuyrwKiekR5uqsSUITGIORUzS2T1G0V1sZh+xH9ZJz0="}]},{"senderKeyId":165709671,"senderChainKey":{"iteration":107,"seed":"YgjNmNr5OlafeHBU95mTUP2Qpu/PiNVpdtacxkRtO+c="},"senderSigningKey":{"public":"BVmZy37rS5R8hAvQVyJlkFdptXjZoURXFGcOXFniCP9l"}}]