[{"senderKeyId":1822921254,"senderChainKey":{"iteration":123,"seed":"68PSS5zTCJ8Vq2kCmwBVIVPJwgDjhh8kuK8LZOq+GVk="},"senderSigningKey":{"public":"BaoALLjWQtHS/kJ8LP2akLxNJhkM9taNIbK46Hg5a6ZD"},"senderMessageKeys":[{},{},{},{},{},{},{},{},{},{},{},{},{},{},{},{},{},{},{},{},{}]},{"senderKeyId":1822921254,"senderChainKey":{"iteration":23,"seed":"0R8A6YdWSvlT4VVBluUynMZeCcMc1z0NzGxnHiBGd4g="},"senderSigningKey":{"public":"BaoALLjWQtHS/kJ8LP2akLxNJhkM9taNIbK46Hg5a6ZD"},"senderMessageKeys":[]},{"senderKeyId":1822921254,"senderChainKey":{"iteration":23,"seed":"0R8A6YdWSvlT4VVBluUynMZeCcMc1z0NzGxnHiBGd4g="},"senderSigningKey":{"public":"BaoALLjWQtHS/kJ8LP2akLxNJhkM9taNIbK46Hg5a6ZD"},"senderMessageKeys":[]},{"senderKeyId":1822921254,"senderChainKey":{"iteration":23,"seed":"0R8A6YdWSvlT4VVBluUynMZeCcMc1z0NzGxnHiBGd4g="},"senderSigningKey":{"public":"BaoALLjWQtHS/kJ8LP2akLxNJhkM9taNIbK46Hg5a6ZD"},"senderMessageKeys":[]},{"senderKeyId":1822921254,"senderChainKey":{"iteration":23,"seed":"0R8A6YdWSvlT4VVBluUynMZeCcMc1z0NzGxnHiBGd4g="},"senderSigningKey":{"public":"BaoALLjWQtHS/kJ8LP2akLxNJhkM9taNIbK46Hg5a6ZD"},"senderMessageKeys":[]}]