[{"senderKeyId":396252710,"senderChainKey":{"iteration":162,"seed":"LRe4vb5r+QXH+DKNML+vnMoC3kCw9W1ACj+m3RHZu48="},"senderSigningKey":{"public":"Bc5rbtGdMO5FwRQXHZ42yZcqtPVMQdWlxarCHwc044s7"},"senderMessageKeys":[]},{"senderKeyId":396252710,"senderChainKey":{"iteration":160,"seed":"1W/TAp1EwKvMajxAbyKoirOyMyKlBykg/7v9GkE5PuI="},"senderSigningKey":{"public":"Bc5rbtGdMO5FwRQXHZ42yZcqtPVMQdWlxarCHwc044s7"},"senderMessageKeys":[]},{"senderKeyId":396252710,"senderChainKey":{"iteration":160,"seed":"1W/TAp1EwKvMajxAbyKoirOyMyKlBykg/7v9GkE5PuI="},"senderSigningKey":{"public":"Bc5rbtGdMO5FwRQXHZ42yZcqtPVMQdWlxarCHwc044s7"},"senderMessageKeys":[]},{"senderKeyId":396252710,"senderChainKey":{"iteration":160,"seed":"1W/TAp1EwKvMajxAbyKoirOyMyKlBykg/7v9GkE5PuI="},"senderSigningKey":{"public":"Bc5rbtGdMO5FwRQXHZ42yZcqtPVMQdWlxarCHwc044s7"},"senderMessageKeys":[]},{"senderKeyId":396252710,"senderChainKey":{"iteration":160,"seed":"1W/TAp1EwKvMajxAbyKoirOyMyKlBykg/7v9GkE5PuI="},"senderSigningKey":{"public":"Bc5rbtGdMO5FwRQXHZ42yZcqtPVMQdWlxarCHwc044s7"}}]