{"_sessions":{"BQu7NCtRHEXFCZ5kC0MRc5qPk+U2J570aMaI54i4qd0/":{"registrationId":1402623851,"currentRatchet":{"ephemeralKeyPair":{"pubKey":"BZQ61EjwzcxzSbdoXs5867PA4gZHU7RSDa/Y6ZwGs3lY","privKey":"kE+Lohn195jYQmc4oiHpQaIymhzLyI9moX5XnyvTrlA="},"lastRemoteEphemeralKey":"Bb7pr2UhuRszF5bT03y+XcS2GgZZB8nNEjkQvFURjvdh","previousCounter":0,"rootKey":"IqaxA5HRlNB1zDBz8K1YWNGYG1CBmafwYt9Nc7u/BVM="},"indexInfo":{"baseKey":"BQu7NCtRHEXFCZ5kC0MRc5qPk+U2J570aMaI54i4qd0/","baseKeyType":1,"closed":-1,"used":1730617939798,"created":1730617939798,"remoteIdentityKey":"BdmQvR2nC1vHYbRGlTDC/JPDsjhoY7fxEvhDDEqYl9Ii"},"_chains":{"BZQ61EjwzcxzSbdoXs5867PA4gZHU7RSDa/Y6ZwGs3lY":{"chainKey":{"counter":0,"key":"UUBzObfFntIB31PCKmRHX6r1LASR6v08YpBkQ8XgRhM="},"chainType":1,"messageKeys":{}}},"pendingPreKey":{"signedKeyId":11,"baseKey":"BQu7NCtRHEXFCZ5kC0MRc5qPk+U2J570aMaI54i4qd0/","preKeyId":14016250}}},"version":"v1"}