{"_sessions":{"BQ3O0lDDJ9BRKWuxExVMBK69l2pdXJ94RyN+192BAIhj":{"registrationId":1211838500,"currentRatchet":{"ephemeralKeyPair":{"pubKey":"BbsEMgh19JE7sm8xHGajQ7AfOacZJqpXWVtZX+jPg5p+","privKey":"+AH+ecZkek1YBqT0IfL7aed7m0Qz8YUv8izYjUyM+U0="},"lastRemoteEphemeralKey":"BfjCxcKxqTM4HGpSMwCHHjqkVqknJHeCTLQ3xRH9duRX","previousCounter":0,"rootKey":"dUTtsqF/hWKl6v83k5jhUrlVPKly5Db8cZisFETHzO4="},"indexInfo":{"baseKey":"BQ3O0lDDJ9BRKWuxExVMBK69l2pdXJ94RyN+192BAIhj","baseKeyType":2,"closed":-1,"used":1730512120996,"created":1730512120996,"remoteIdentityKey":"BQhzn2vS/AlUfsEgBrDGbj1YbKmOAWoV9uZSZNsCfWIy"},"_chains":{"BfjCxcKxqTM4HGpSMwCHHjqkVqknJHeCTLQ3xRH9duRX":{"chainKey":{"counter":1,"key":"L1uZx/CR1sEV4ux1xhLSTnoA0ykQevnreYnxJ8i1bEk="},"chainType":2,"messageKeys":{}},"BbsEMgh19JE7sm8xHGajQ7AfOacZJqpXWVtZX+jPg5p+":{"chainKey":{"counter":-1,"key":"NroruVQ2a2BGX09oKiagtoHvA6h+QXqMFOK/1qBuLtQ="},"chainType":1,"messageKeys":{}}}}},"version":"v1"}