{"_sessions":{"BeQ1JflT3lbe1ehKy/o6O/5k743+mx4ziKIfo6fTY10b":{"registrationId":765297596,"currentRatchet":{"ephemeralKeyPair":{"pubKey":"BQ/7bAxyIRAdrkEL8B7rS3MEWDKE06keVCR3KHKMl21x","privKey":"wAgg15UTQ9OGvwB/d1cU8bz8l24EJy5EVlmlkHiMc0U="},"lastRemoteEphemeralKey":"BQkD8ErQvIMLirakXY2sv0uA0A96ZIR0wJ/fDYC78d4T","previousCounter":0,"rootKey":"uIaCmgHd/50myw1/6nZ08HW8NGxm/JS85fWrkndzk5c="},"indexInfo":{"baseKey":"BeQ1JflT3lbe1ehKy/o6O/5k743+mx4ziKIfo6fTY10b","baseKeyType":2,"closed":-1,"used":1730512119955,"created":1730512119955,"remoteIdentityKey":"BbguzzUwWxAZ/nITaUE+JRVDx0RMfcLAdklNT0LJarxr"},"_chains":{"BQkD8ErQvIMLirakXY2sv0uA0A96ZIR0wJ/fDYC78d4T":{"chainKey":{"counter":0,"key":"aTMRlnQ95JEy0mYUtOkPOp+Fb6M3uq0nDTQFQWO0fvo="},"chainType":2,"messageKeys":{}},"BQ/7bAxyIRAdrkEL8B7rS3MEWDKE06keVCR3KHKMl21x":{"chainKey":{"counter":-1,"key":"gw+2XUfPCXga/hrN3xD23IAa6EY7JXPKskgNOhzzDUM="},"chainType":1,"messageKeys":{}}}}},"version":"v1"}