{"_sessions":{"BduTTeJeGoYT+KcEEpMmHGYq5etdSRE/vOwVmvB7LkAp":{"registrationId":1984156551,"currentRatchet":{"ephemeralKeyPair":{"pubKey":"BeTi3lSH7buD332pYwXUsKEAPsCbirFqKGnZJHrireMr","privKey":"GOVOvtsRZOzTpedGDU69yB5rX73Z+r0qHJyxNgyhd1E="},"lastRemoteEphemeralKey":"BcG8GnMm9cgXRCmey3VzmdDJcGdEBva9iob+iCr1414q","previousCounter":0,"rootKey":"Uv6fu+Y0p+lsXDeTscZb7ee1rChkgXtdO6uzr86bkH8="},"indexInfo":{"baseKey":"BduTTeJeGoYT+KcEEpMmHGYq5etdSRE/vOwVmvB7LkAp","baseKeyType":2,"closed":-1,"used":1730617849652,"created":1730617849652,"remoteIdentityKey":"BQ+StrxiGEtDzIdlYR9jkL+hpAH1LtEAkUEBA+y3a6MT"},"_chains":{"BcG8GnMm9cgXRCmey3VzmdDJcGdEBva9iob+iCr1414q":{"chainKey":{"counter":0,"key":"Z6gnqDQbCyKcoMMOD7QUnD1xrAKg1rdJ+bTxTMwSsSo="},"chainType":2,"messageKeys":{}},"BeTi3lSH7buD332pYwXUsKEAPsCbirFqKGnZJHrireMr":{"chainKey":{"counter":-1,"key":"jM5g0ByhlIbI1sk293jYf2GRuJ0uyTQH01I5rxDas28="},"chainType":1,"messageKeys":{}}}}},"version":"v1"}