{"_sessions":{"BUjgg4Bgsj9ZR26pQEoMQko9/kDOuxhd6Tm8KbiazNgR":{"registrationId":1304944950,"currentRatchet":{"ephemeralKeyPair":{"pubKey":"BTJ6HyDKsOJembmi2ybHl5Z8+yIcg6xOh1pKGjhdGTEH","privKey":"UJ1QssFcB52VGxr6mfGfurr3honIvKHtruMeXAGGX1I="},"lastRemoteEphemeralKey":"BUJDKSd8swwljEufD63/un4XA2ewZz4pCO6jBRpHgfVf","previousCounter":0,"rootKey":"aSFGn3v0ZUD9DKAnzg5fodTXMNlEMj3gq2L2uar5t30="},"indexInfo":{"baseKey":"BUjgg4Bgsj9ZR26pQEoMQko9/kDOuxhd6Tm8KbiazNgR","baseKeyType":1,"closed":-1,"used":1730617939915,"created":1730617939915,"remoteIdentityKey":"BcbMsFzaxI7OGNsO4HLf3bRdVt36i+k0rlXkIYUXP95A"},"_chains":{"BTJ6HyDKsOJembmi2ybHl5Z8+yIcg6xOh1pKGjhdGTEH":{"chainKey":{"counter":0,"key":"FVJYk/1BC9lxBGOQbZzDrIeadQ7LfxhesWbAdsGhsRE="},"chainType":1,"messageKeys":{}}},"pendingPreKey":{"signedKeyId":26,"baseKey":"BUjgg4Bgsj9ZR26pQEoMQko9/kDOuxhd6Tm8KbiazNgR","preKeyId":15134039}}},"version":"v1"}