{"_sessions":{"Bc4z9M84gMTH7gU7IEhnCn63yI8CRbE0fy6IHRrUCX1+":{"registrationId":1103830586,"currentRatchet":{"ephemeralKeyPair":{"pubKey":"BdIlc5zmqSjgbLAokxkzLe5Te/ykzF00XcjbaaP7aPVW","privKey":"2NovFjiL4ptIsLsCL/L05ABxbQT0Ig2hmsg66a0K00I="},"lastRemoteEphemeralKey":"BTfe18YO6/+MxbriqtEbcD56PMH42tIC/jRdUTFHDnok","previousCounter":0,"rootKey":"yYRd3Lt0QZr2EzKTbzdRAAJp/dD62llyob0QgVqBgDI="},"indexInfo":{"baseKey":"Bc4z9M84gMTH7gU7IEhnCn63yI8CRbE0fy6IHRrUCX1+","baseKeyType":2,"closed":-1,"used":1730523258345,"created":1730523258345,"remoteIdentityKey":"Bc3KjECeqWu0dqMFvVkzjrh3fBATwH5ee+s1hXMREZ9c"},"_chains":{"BTfe18YO6/+MxbriqtEbcD56PMH42tIC/jRdUTFHDnok":{"chainKey":{"counter":1,"key":"b+c41Dt19Y0AKei8GI8BsKAaQCVV8wtvSJeDS5v6Zm0="},"chainType":2,"messageKeys":{"0":"NpElkJd3vR58kbu5RGFR7N0Kp40Q8MPON2CNhsSUMPw="}},"BdIlc5zmqSjgbLAokxkzLe5Te/ykzF00XcjbaaP7aPVW":{"chainKey":{"counter":0,"key":"eK6inl8drZiM7LQA7oTOwfkqpjwD7nLtPPoqWDGpGik="},"chainType":1,"messageKeys":{}}}}},"version":"v1"}