{"_sessions":{"BWUaCO8elmuxT1hyd4+g1deVhKPWFBYDtiOw5ybGMpsT":{"registrationId":726133887,"currentRatchet":{"ephemeralKeyPair":{"pubKey":"BcXQu4mX9MJRqd5se+5+DF39sG1z3nsza7zZh8IgRqEB","privKey":"4PgLVg6DHDoYQT4lH8GSe7K7Qe9PwNpJCiDa+79V6lA="},"lastRemoteEphemeralKey":"BRDZrcKF6PGNQr03Q22D+WcUF/yz71cGe7ZZ2T8fv8oz","previousCounter":0,"rootKey":"ME4H58EJzk3aYk1QSiv0muZNr6khEUUeLz+8y4rsRsI="},"indexInfo":{"baseKey":"BWUaCO8elmuxT1hyd4+g1deVhKPWFBYDtiOw5ybGMpsT","baseKeyType":2,"closed":-1,"used":1730523249792,"created":1730523249792,"remoteIdentityKey":"BV2TxN95H6dSWrL6BRnMhvpM5lMQgeror168KQWg9a0C"},"_chains":{"BRDZrcKF6PGNQr03Q22D+WcUF/yz71cGe7ZZ2T8fv8oz":{"chainKey":{"counter":0,"key":"P8e1g9wpNYhxt81MnVxHy7ktjU1OHy7+NUohs8nnVkk="},"chainType":2,"messageKeys":{}},"BcXQu4mX9MJRqd5se+5+DF39sG1z3nsza7zZh8IgRqEB":{"chainKey":{"counter":-1,"key":"jRJ/h17RRKKaHDGOyo/70JNEovrA1cy4JYlpC3FjVLQ="},"chainType":1,"messageKeys":{}}}}},"version":"v1"}