{"_sessions":{"Bbi2gcX8ruJtGDu8jEUf6GErI6UTQF1Baz4iR75E2HdW":{"registrationId":1511427442,"currentRatchet":{"ephemeralKeyPair":{"pubKey":"BQgNHqEdwsn3X32xABwKhcNM8SG9+tTjnPYJOZ8CCV57","privKey":"yELt3fO+U/h2AjYyvulYTKWJhcHvDt70qQNPnLOWSF8="},"lastRemoteEphemeralKey":"BTsbMA4h2KqMwYMFfhnngEyrKdOvF1gRzM/+Gyh2sngB","previousCounter":0,"rootKey":"z1fBdut+ztU5sZNF+PSsQ6pqG2rBHzO1g9GJyFWkNyM="},"indexInfo":{"baseKey":"Bbi2gcX8ruJtGDu8jEUf6GErI6UTQF1Baz4iR75E2HdW","baseKeyType":1,"closed":-1,"used":1730617939806,"created":1730617939806,"remoteIdentityKey":"BcNKTMLPtoKKCjainb8eX+G8nLBPoat/yMW/mibPIRhH"},"_chains":{"BQgNHqEdwsn3X32xABwKhcNM8SG9+tTjnPYJOZ8CCV57":{"chainKey":{"counter":0,"key":"Wr05qqw9UL+Iq37FpIuwL0k7clmSl5KVgQKQKlUuwqA="},"chainType":1,"messageKeys":{}}},"pendingPreKey":{"signedKeyId":6,"baseKey":"Bbi2gcX8ruJtGDu8jEUf6GErI6UTQF1Baz4iR75E2HdW"}}},"version":"v1"}