{"_sessions":{"BfRgoPxgzQsgEFl7rjSCVZS7UvVA7Gn5mAH6BJpuDIkF":{"registrationId":61,"currentRatchet":{"ephemeralKeyPair":{"pubKey":"BUVu45eBge5MB10MS6O1fkpjuNX/SwmTCxx4Mgyhv5kU","privKey":"SCZglgcOhTzycywBl7dTHlerGHIGBesgqWNQXgYJMmY="},"lastRemoteEphemeralKey":"BVyo2whp/3wnsJ4Zs6F5XHsD2hQHZb+gEuGFIry+/IED","previousCounter":0,"rootKey":"MDm0QOnjPPNBSDCp5drIGzW6YqhvlHNVTs4GdelNLsw="},"indexInfo":{"baseKey":"BfRgoPxgzQsgEFl7rjSCVZS7UvVA7Gn5mAH6BJpuDIkF","baseKeyType":1,"closed":-1,"used":1730617939701,"created":1730617939701,"remoteIdentityKey":"BbrLmaCR3Ze44i84GNXXW4cpe6NWqIBE5VjvynW6J/4+"},"_chains":{"BUVu45eBge5MB10MS6O1fkpjuNX/SwmTCxx4Mgyhv5kU":{"chainKey":{"counter":0,"key":"2TRU1UbceHU01qKewWibJdq6DeMFLAXsDcYtjCa1dO4="},"chainType":1,"messageKeys":{}}},"pendingPreKey":{"signedKeyId":1,"baseKey":"BfRgoPxgzQsgEFl7rjSCVZS7UvVA7Gn5mAH6BJpuDIkF","preKeyId":5}}},"version":"v1"}