{"_sessions":{"Bb1XsaVmT6OJsJwDB7p4HJdYZFdisPQTbwibtBpeP4Zo":{"registrationId":514306600,"currentRatchet":{"ephemeralKeyPair":{"pubKey":"BTxMOJD/MyRisVfiWNTGz3EbQJbs2nrmzs7/grCQSLd9","privKey":"KFOhh3cz8+tjMb7a/21ApwgVk3zix2UqVgR8Sp+V5XE="},"lastRemoteEphemeralKey":"BUYwwxIjC0IpYQRDnRdyVoeooJ1e8XU+tjLI7NPzFbQo","previousCounter":0,"rootKey":"9ZXEDBD7cSzoSz50Vig7oaDpACGktRTNL3XRR5AY6Gc="},"indexInfo":{"baseKey":"Bb1XsaVmT6OJsJwDB7p4HJdYZFdisPQTbwibtBpeP4Zo","baseKeyType":1,"closed":-1,"used":1730617939958,"created":1730617939958,"remoteIdentityKey":"BULz77Vq7mjFFQJxPXs7GEptdXX6QzAhn+BytBxZ8Sdr"},"_chains":{"BTxMOJD/MyRisVfiWNTGz3EbQJbs2nrmzs7/grCQSLd9":{"chainKey":{"counter":0,"key":"0xj3V+ieDMImV7AGwRz83nJIy/HLX5XdNz8E4MV0Dfo="},"chainType":1,"messageKeys":{}}},"pendingPreKey":{"signedKeyId":0,"baseKey":"Bb1XsaVmT6OJsJwDB7p4HJdYZFdisPQTbwibtBpeP4Zo","preKeyId":4808928}}},"version":"v1"}