{"_sessions":{"BSxBZFPpEdQ1q7a24PR7jOUJjnuW53TQd45AO40B58Nn":{"registrationId":537811247,"currentRatchet":{"ephemeralKeyPair":{"pubKey":"BeynbK41LbIkfga+Q5bVaCpGvUdP9h3J1cXGBgn5n0Qz","privKey":"uO//KwMpCHPKb1H1F/fTswvca2c0WpgTh0iuwAQID3k="},"lastRemoteEphemeralKey":"BWB0ayv8jvAzRGbOyFywcNSBpBZM2bzMzo9xjquARuAR","previousCounter":0,"rootKey":"hFP3kcT+hWFC1wgo0P/HgXiLj+adiGE3zbVPf6wwKrs="},"indexInfo":{"baseKey":"BSxBZFPpEdQ1q7a24PR7jOUJjnuW53TQd45AO40B58Nn","baseKeyType":1,"closed":-1,"used":1730617939868,"created":1730617939868,"remoteIdentityKey":"BYy71O08fyFYTOrR99n7GmbF6JfDweGYr8DlLn1q3EFk"},"_chains":{"BeynbK41LbIkfga+Q5bVaCpGvUdP9h3J1cXGBgn5n0Qz":{"chainKey":{"counter":0,"key":"ZSYu1ctv/3ulMJZMnCUMvFzYxAh+ZjpiRvzQ1KNtTzQ="},"chainType":1,"messageKeys":{}}},"pendingPreKey":{"signedKeyId":1,"baseKey":"BSxBZFPpEdQ1q7a24PR7jOUJjnuW53TQd45AO40B58Nn","preKeyId":15455922}}},"version":"v1"}