{"_sessions":{"Bax1dIlWYJvaSt8vq4s3wP8sv92fiyfjVD//9F6wneIO":{"registrationId":1301954910,"currentRatchet":{"ephemeralKeyPair":{"pubKey":"BepMmy6OIwV6jWEYEixCEIemoXHbLuJ/FSRQ0Q+0hF8M","privKey":"4AlRVqacQGCxu7rDihZBBqodUnVBhX/r1ndkT/0H7nA="},"lastRemoteEphemeralKey":"BeB8Fy19t2txA3CddCEaMsvt+mYoQz1/cjx8SLF5/Xcx","previousCounter":0,"rootKey":"NAi3eUEmsEKxN/WbEgHkBLadgBlmOGFvDIGQhC3JPT4="},"indexInfo":{"baseKey":"Bax1dIlWYJvaSt8vq4s3wP8sv92fiyfjVD//9F6wneIO","baseKeyType":2,"closed":-1,"used":1730469553392,"created":1730469553392,"remoteIdentityKey":"BS4pQKdn+wTP8QrGYgMwa5P7yh+CQsJuVy0ZcY+C9q8Q"},"_chains":{"BeB8Fy19t2txA3CddCEaMsvt+mYoQz1/cjx8SLF5/Xcx":{"chainKey":{"counter":0,"key":"Dg9HxRW0WXSUwZTskfq2FU48oOcy1AtLt3i1zHJbfaE="},"chainType":2,"messageKeys":{}},"BepMmy6OIwV6jWEYEixCEIemoXHbLuJ/FSRQ0Q+0hF8M":{"chainKey":{"counter":-1,"key":"TF9vAPNNYxIXvEWgXDOOWh7rEM9MgHnUi995l56Jvx8="},"chainType":1,"messageKeys":{}}}}},"version":"v1"}