{"_sessions":{"BbsxybiCmainBmf8rtSMAr6xYqw/rFQpWsoiF5NB0ust":{"registrationId":1454503100,"currentRatchet":{"ephemeralKeyPair":{"pubKey":"Bec6ayFJ/u78FNxyRJ8kUJ8TEafEWWvRSMjjuztJyQoP","privKey":"WD1jRzH1x/8enId988hPiWJxR6oZ59b3Pudt5uDvcHo="},"lastRemoteEphemeralKey":"BUKKixQpUesxvPl8/yxJO9IRrxk9lk1gLRxspBbcfVth","previousCounter":0,"rootKey":"tjFTZHZIpyQqkYwjQOkqdk5VwE7p1/OwcDpEcaJW9pg="},"indexInfo":{"baseKey":"BbsxybiCmainBmf8rtSMAr6xYqw/rFQpWsoiF5NB0ust","baseKeyType":2,"closed":-1,"used":1730523235946,"created":1730523235946,"remoteIdentityKey":"BdjfBl7JlOWpVAvggWBVRmubls1z20igzDQqb9cNaicR"},"_chains":{"BUKKixQpUesxvPl8/yxJO9IRrxk9lk1gLRxspBbcfVth":{"chainKey":{"counter":7,"key":"/qODlMouJuE4t7GerGJe/FghqpeLRhBI/kxVZsX4NYk="},"chainType":2,"messageKeys":{"0":"7BlQN6GJ963mvf1kIFGkEfUNatbeAj4zZO9I7yuuKXo=","1":"881ErRgvpon4f49tNSuy/uhYd/yuK9/9jA6ftZvWcl4="}},"Bec6ayFJ/u78FNxyRJ8kUJ8TEafEWWvRSMjjuztJyQoP":{"chainKey":{"counter":-1,"key":"LB5hjBtQbzuz7qOlxFkVBY/UZEFEQtpWbFqJV9Dw9tg="},"chainType":1,"messageKeys":{}}}}},"version":"v1"}