{"_sessions":{"BR6lDJSau1Pu+hwrgX2+6Hy2SlXPeqFqAix2nAREerQG":{"registrationId":20332863,"currentRatchet":{"ephemeralKeyPair":{"pubKey":"BVzymSW0HYo8jSRLZfjSpFkXCH79bVyRBB0K22eDFw8s","privKey":"OPdDQwKRZHQjVQb//8yig9yzBZPoFKvxDhRnAaCJPEY="},"lastRemoteEphemeralKey":"BWUvzKdXZAugLLucVD09Ct3zG1uazVsVPNIV0i+tN2Yn","previousCounter":0,"rootKey":"FWJB5eFzEmvRRBKRLPyYWEwQIHuIgJ+T9nmRvf9SwhQ="},"indexInfo":{"baseKey":"BR6lDJSau1Pu+hwrgX2+6Hy2SlXPeqFqAix2nAREerQG","baseKeyType":2,"closed":-1,"used":1730524847220,"created":1730524847220,"remoteIdentityKey":"BU55IrOypmHKvBBZk7GLbvnPmqclm/0wdDSjijeAZV4j"},"_chains":{"BWUvzKdXZAugLLucVD09Ct3zG1uazVsVPNIV0i+tN2Yn":{"chainKey":{"counter":1,"key":"VnNaUyb5T+TPbh77XSFVDpfTNGQCE8g3cI7TwouagQM="},"chainType":2,"messageKeys":{"0":"WQAdDphc25H0fBVpFzcwm3eN8h3h7OABg5irlUVhvQo="}},"BVzymSW0HYo8jSRLZfjSpFkXCH79bVyRBB0K22eDFw8s":{"chainKey":{"counter":-1,"key":"x6b9kC7bZrvLHPFjNYZH0xXwziBL37TG3vaKK1FPRYo="},"chainType":1,"messageKeys":{}}}}},"version":"v1"}