{"_sessions":{"BZhTMX/Kjm2YdLqlYdtKRUOYZSRSB1ra5FmwZOxuPIoG":{"registrationId":15753,"currentRatchet":{"ephemeralKeyPair":{"pubKey":"BbbTehqyXFHm9UpmsM1e4vIcpOuO82rcI7Lwx9FL2OFc","privKey":"OMy5VlC0MoCMdnYfsxYU6v6XLYvbrUJmCIa/rQ6bd1M="},"lastRemoteEphemeralKey":"BW7IB7nC9trmkpqJ8k/C7Yc4psZESbxV6yE/0yePFoI4","previousCounter":0,"rootKey":"xpS/1CVk1vDMQkWHp7iTry84JQVxCu1ZJ7rIuNMmboI="},"indexInfo":{"baseKey":"BZhTMX/Kjm2YdLqlYdtKRUOYZSRSB1ra5FmwZOxuPIoG","baseKeyType":1,"closed":-1,"used":1730617939737,"created":1730617939737,"remoteIdentityKey":"BXJv7hMKpz784bj6//dQDij7iCGl2HmHuzb15G1Mr6lx"},"_chains":{"BbbTehqyXFHm9UpmsM1e4vIcpOuO82rcI7Lwx9FL2OFc":{"chainKey":{"counter":0,"key":"Q9Aa/FMRGOffs44iNeNNWcxurgcNKv2sOfRAwDSo2V0="},"chainType":1,"messageKeys":{}}},"pendingPreKey":{"signedKeyId":1,"baseKey":"BZhTMX/Kjm2YdLqlYdtKRUOYZSRSB1ra5FmwZOxuPIoG"}}},"version":"v1"}