{"_sessions":{"BcNmcCcgVdaYe0M4rR5PKULOkZAkOhRkM0fGpyulIoE6":{"registrationId":193496165,"currentRatchet":{"ephemeralKeyPair":{"pubKey":"Bbm4jieVmD08NKA/+R90SOUpVLFbTPm/kDzJdiiBYngi","privKey":"0Ehd8T5ct4O6CWfKEKu+HeXix0GBE8X9pu/i50vBJ3Y="},"lastRemoteEphemeralKey":"BQ0Fr8WWUILA35UAJlj+eFtgdL3xt9hTgUFdHMhKpz8Q","previousCounter":0,"rootKey":"sslZ9oGAoctYD7ELkcFbzj39ddCUerEyI9Xka9QlQao="},"indexInfo":{"baseKey":"BcNmcCcgVdaYe0M4rR5PKULOkZAkOhRkM0fGpyulIoE6","baseKeyType":2,"closed":-1,"used":1730523238925,"created":1730523238925,"remoteIdentityKey":"BbviKPMAg1uj6QkfiWLBj2KRg13FO9iCW0zELFUUAyc5"},"_chains":{"BQ0Fr8WWUILA35UAJlj+eFtgdL3xt9hTgUFdHMhKpz8Q":{"chainKey":{"counter":2,"key":"62IHk81zfLxdVFu8BwSjqt6pBDkdCoILLi8UlSYHnzU="},"chainType":2,"messageKeys":{}},"Bbm4jieVmD08NKA/+R90SOUpVLFbTPm/kDzJdiiBYngi":{"chainKey":{"counter":-1,"key":"rscRFY37ecbKqR+1xtHCD3pfWPPv6WPKhulqqglP9OU="},"chainType":1,"messageKeys":{}}}}},"version":"v1"}