{"_sessions":{"BWOaEJLsWF5QAEFWj9ABY6ymciq7Y8XGXW+cc6bezpZb":{"registrationId":877629171,"currentRatchet":{"ephemeralKeyPair":{"pubKey":"BcjsHwva5802hqHe9eoc0g54U9gRwQegqGKYS2bCZxJg","privKey":"iEaW8vM56eSBRS5GHvondN/oIo3DGUEYhbr0yfw40WE="},"lastRemoteEphemeralKey":"BcW86Lnd+k3itpGrf2gh8rvWQvJPcbt56B/7H1pT534i","previousCounter":0,"rootKey":"jVBB16g4LQ3gZKMMNMziEWTRkpozTgt2uLEAjPOI+Ts="},"indexInfo":{"baseKey":"BWOaEJLsWF5QAEFWj9ABY6ymciq7Y8XGXW+cc6bezpZb","baseKeyType":2,"closed":-1,"used":1730523256962,"created":1730523256962,"remoteIdentityKey":"BQ+nSAYLaoZ8l9alSxhUOHPiDBO+XfntvFugC7SlIE5L"},"_chains":{"BcW86Lnd+k3itpGrf2gh8rvWQvJPcbt56B/7H1pT534i":{"chainKey":{"counter":3,"key":"QSNGMPcMB0PbEpqZlLRKzKvuBNyf4E8/lu0cOW0eCzk="},"chainType":2,"messageKeys":{"0":"+wQDieJMZfbIHvUXw0OZ9gccwe5OS81s2PhrRnseQkM=","1":"0YHe3IVpIROkgMJAswMcmqqsTuF6ALLrYAs7+tf8Law="}},"BcjsHwva5802hqHe9eoc0g54U9gRwQegqGKYS2bCZxJg":{"chainKey":{"counter":-1,"key":"J8rpvNnFX7H1u22uGzO52ONv6jEmLZL7MEPXlzzxztU="},"chainType":1,"messageKeys":{}}}}},"version":"v1"}