{"_sessions":{"BUGc9SsRjvHNRV3Z4zfJ0dDN6zcoHUWi/zbR+HvYZEV4":{"registrationId":1782259903,"currentRatchet":{"ephemeralKeyPair":{"pubKey":"BfowIfAS8tAG9gseXVi3I8S3PxyMegY9lMDEp4M/8LZh","privKey":"6AGedbXUhU1xm6PLP8u3bcEo/+iOIXwOFhaHMjkgtUM="},"lastRemoteEphemeralKey":"BRJqptCoNlX4UcT0G/zwBo4yzGZpQCveGhSq2wwBKAYa","previousCounter":0,"rootKey":"VpCq5KnFMUEzW2XHMBfJ7pA1OMkv7X9XnPQoWW0r2rM="},"indexInfo":{"baseKey":"BUGc9SsRjvHNRV3Z4zfJ0dDN6zcoHUWi/zbR+HvYZEV4","baseKeyType":2,"closed":-1,"used":1730617848207,"created":1730617848207,"remoteIdentityKey":"BXeddsiZAdHst+9W7+vOgdrT/0c7eMsW/qm/kZKLJ15K"},"_chains":{"BRJqptCoNlX4UcT0G/zwBo4yzGZpQCveGhSq2wwBKAYa":{"chainKey":{"counter":1,"key":"pAyU034ZtMpHeon60fiiNVv/u73Cl+gwZ4pcLJmoxsM="},"chainType":2,"messageKeys":{"0":"I0xoJY76V88Zt0GAuE7+GonTI/284VH9XxyB02UtUB0="}},"BfowIfAS8tAG9gseXVi3I8S3PxyMegY9lMDEp4M/8LZh":{"chainKey":{"counter":-1,"key":"ZGIclioxeY911b2UKe8OR4puuLTmU4Gy8js03WN21nM="},"chainType":1,"messageKeys":{}}}}},"version":"v1"}