{"_sessions":{"BeEPo0VUV5StrS4BVHaQXkAGBFOgYJ9m9iiWIpZuhFkX":{"registrationId":719881232,"currentRatchet":{"ephemeralKeyPair":{"pubKey":"BYBLq1nPk2uc9M7VgC+ZpUm+mGr1EFw9LU1UJYFowFR+","privKey":"KCa2US1rmodiMZh64PRNoCxiO/akfautXZYQOIqLrWE="},"lastRemoteEphemeralKey":"BcpwYnVMkVj5AKPTJ2re4K5DErBP0NvSSeNhrq8x0xZF","previousCounter":0,"rootKey":"iY5SEvLDuAQ1SM699cTdt7MHDU/1OMNgCV7S3otPfIY="},"indexInfo":{"baseKey":"BeEPo0VUV5StrS4BVHaQXkAGBFOgYJ9m9iiWIpZuhFkX","baseKeyType":2,"closed":-1,"used":1730523242859,"created":1730523242859,"remoteIdentityKey":"BZB3buHf7ABKchnabkMr+QWPmIFGbN5C8Kfm+Loug85K"},"_chains":{"BcpwYnVMkVj5AKPTJ2re4K5DErBP0NvSSeNhrq8x0xZF":{"chainKey":{"counter":3,"key":"3AKNn1lnVrGMSb0assQtgBp1MijZWUB/f7iEsjqBHCg="},"chainType":2,"messageKeys":{"0":"c0yHMbl70L/o0cTBJkepzWEBQnF3wMbiwvAEa9IbfDg=","2":"EK7yPzpVsTTXcWOV7b9vRxFn8rJGjId14dXkvYjEwlE="}},"BYBLq1nPk2uc9M7VgC+ZpUm+mGr1EFw9LU1UJYFowFR+":{"chainKey":{"counter":-1,"key":"v2v9vF2GN7tBo7xAf4HPlVSgdXDa04fBMLdg7FqCZpM="},"chainType":1,"messageKeys":{}}}}},"version":"v1"}