{"_sessions":{"BQppp3SlvOlHzIDqcPC9+B8B7x4qGq/2wylW38opPGEJ":{"registrationId":1502353989,"currentRatchet":{"ephemeralKeyPair":{"pubKey":"BflUAc/nduhfvT82vT6SDkbUoW8WnHvTCb6LMcQw/QQd","privKey":"2Dw613i2trWlEoVC/q8wylI18VjpYgqt+KnBLuoC914="},"lastRemoteEphemeralKey":"Bc1wFLF2GIhROpSgCmXnlwYuvTMs3tIBxBl/VUYybcNH","previousCounter":0,"rootKey":"srlVGgd4eXcurTQ+Cy8DljpucWZe5xZ+xaBON1gQcIE="},"indexInfo":{"baseKey":"BQppp3SlvOlHzIDqcPC9+B8B7x4qGq/2wylW38opPGEJ","baseKeyType":2,"closed":-1,"used":1730523258329,"created":1730523258329,"remoteIdentityKey":"BQ9UjvUCT5IFQ0af2JumbR/jTzEhC6yuE7ONNBp6OGE8"},"_chains":{"Bc1wFLF2GIhROpSgCmXnlwYuvTMs3tIBxBl/VUYybcNH":{"chainKey":{"counter":13,"key":"cXu4f20XAd8aXHk+9XA0yly5/k9WQ9eCNWhEp+tV3UI="},"chainType":2,"messageKeys":{"0":"hfMyCLAl/GW3GCTEyXNoBaxAwWFiXGRG8AiFnV8Agwk=","11":"ssgMLU8zIvNzTbAeuAQFnDHj2IwkMjMpWr7ACjIaR6A="}},"BflUAc/nduhfvT82vT6SDkbUoW8WnHvTCb6LMcQw/QQd":{"chainKey":{"counter":-1,"key":"EMpfnupF34OT2lZdPLxxRQ1e5i0g3vTYLrjaRayokaQ="},"chainType":1,"messageKeys":{}}}}},"version":"v1"}