{"_sessions":{"BcojYWGHEbpNB43Fq44NrW8xqFpuCnGgKsR4Xz67iIla":{"registrationId":1923578418,"currentRatchet":{"ephemeralKeyPair":{"pubKey":"BWez5ttBkjI9XhLTwyliQ/q9d5TF1bcEC+2as3chw6tF","privKey":"OF11BkqDqxFjeC/58lH5ulbpexgeVS5HL9SJ8CIGunk="},"lastRemoteEphemeralKey":"Bc9+c4AotIiFunF6Z7q4niSJ6UxyccPTm4N6zqfWoX0s","previousCounter":0,"rootKey":"uUOl1U0fgwPnPbJE5mUSxQwoomC08l5sAobfj3QlKLU="},"indexInfo":{"baseKey":"BcojYWGHEbpNB43Fq44NrW8xqFpuCnGgKsR4Xz67iIla","baseKeyType":1,"closed":-1,"used":1730617939788,"created":1730617939788,"remoteIdentityKey":"BWRSwMbI+UPFmx3Xjl65DkAGe3EjqBM1TM0ZQaUigMRh"},"_chains":{"BWez5ttBkjI9XhLTwyliQ/q9d5TF1bcEC+2as3chw6tF":{"chainKey":{"counter":0,"key":"XiU/AJ0iQivBh+eomzJVJ7jK3IW9n3fIHvldQ5HVpKI="},"chainType":1,"messageKeys":{}}},"pendingPreKey":{"signedKeyId":4,"baseKey":"BcojYWGHEbpNB43Fq44NrW8xqFpuCnGgKsR4Xz67iIla","preKeyId":48763}}},"version":"v1"}