{"_sessions":{"BZamoXODrBE813/4D/r8o9p8tVm+onK/1TC+Vfne5zg1":{"registrationId":1967320622,"currentRatchet":{"ephemeralKeyPair":{"pubKey":"Bb2VNDIHbeM0r9388Y3WH7MJL22DbkkKqVUROB46HyB2","privKey":"CCYVmZvSjw1IyY8LkS8EKkvUh26xeLRXvvRWlZym3kI="},"lastRemoteEphemeralKey":"BSUNk/4K2WU6k/JGXJTJV58clokdHC0vOZNal2GKhCAb","previousCounter":0,"rootKey":"RfDkiebDsuCdHaxjecoqrryOdaEBNiFqfMjcOz7SgJ8="},"indexInfo":{"baseKey":"BZamoXODrBE813/4D/r8o9p8tVm+onK/1TC+Vfne5zg1","baseKeyType":2,"closed":-1,"used":1730617925448,"created":1730617925448,"remoteIdentityKey":"BUD/5c0DCU4o7fmbwxA6gC97buoRi2exQ/cSrBeFG6kb"},"_chains":{"BSUNk/4K2WU6k/JGXJTJV58clokdHC0vOZNal2GKhCAb":{"chainKey":{"counter":8,"key":"/ebOC46WsrLOnNxZFoZgpRiYmESVLigWOJ7ECaZyVSg="},"chainType":2,"messageKeys":{"0":"8XfE7267rBwHSi2PmQ/2fVlR9CM2IGwyuqfZf+qNinY=","1":"FZdcjFxJeq+E0xu/EpvuwZpr1vYYS9EcGwKXW1mEhpE=","2":"At9HKNQRyGl/yL2R0dE+e0cniEkJNO1Iw2so6oXM98g=","3":"tWqAjcPRUskB3ter6aRelch1sBEO/nRLyy1/5dV6+fI=","4":"QHqWgMoy0I+ZL4sxCJcRiU1xajwikJrupPpKHFU3ILY=","5":"srwZJW85TFUbCz+TXdJBmxZLy/7Sb31AYs5K8xjkxH4=","6":"UwadDK3//ZnUUSuKdOcqejYoMSpWhBoSIE30paiyaV8=","7":"rGgFvjgVnQWpWiB/H9VX5LgiP4QhNYqA29uqUfd0wqs="}},"Bb2VNDIHbeM0r9388Y3WH7MJL22DbkkKqVUROB46HyB2":{"chainKey":{"counter":0,"key":"gPB8tNFnIVw7F/b31rxRFnYgnrfHW0QHNEDiW2N3vgA="},"chainType":1,"messageKeys":{}}}}},"version":"v1"}