{"_sessions":{"BcEn0pOHtyVtWKM1FDS1P78qLcAdyYvbt21SV+xkOAwN":{"registrationId":23,"currentRatchet":{"ephemeralKeyPair":{"pubKey":"BVnDXoxpmJeBk55trVd4ra67ekSP4SqS0EiimGM2AWEz","privKey":"yEx25mZQgFI2Ovn4xevyakElLx+TzkauQP5BSG6yMkA="},"lastRemoteEphemeralKey":"BflNHcQKoUkKBM+kVGxO+wOJ38v85Hp8XTtXPT/GFckA","previousCounter":0,"rootKey":"1PTJBuzAl7X1zOyLZvufgSA+XXbBJscTD8kcWxncTVU="},"indexInfo":{"baseKey":"BcEn0pOHtyVtWKM1FDS1P78qLcAdyYvbt21SV+xkOAwN","baseKeyType":1,"closed":-1,"used":1730617939715,"created":1730617939715,"remoteIdentityKey":"Bcqs39RSqQBIdzlFhvWsoefUlmsdJtfT8eYG4feqT9w6"},"_chains":{"BVnDXoxpmJeBk55trVd4ra67ekSP4SqS0EiimGM2AWEz":{"chainKey":{"counter":0,"key":"c4Fqmtwu01feMwNuo3ku0M8IYuBxE+I2jqe+t8+n9rk="},"chainType":1,"messageKeys":{}}},"pendingPreKey":{"signedKeyId":1,"baseKey":"BcEn0pOHtyVtWKM1FDS1P78qLcAdyYvbt21SV+xkOAwN","preKeyId":24}}},"version":"v1"}