{"_sessions":{"BTS2Cecy2MeQxqVz9S5M5XYvZgG/vAt4tCBLsfnOD/oy":{"registrationId":4,"currentRatchet":{"ephemeralKeyPair":{"pubKey":"BaYGhpz4Zqv4UGFOIl/jShOZlFSFcxwVy2XT6+EGaV9N","privKey":"6O0QfPkpq+XPNZZ09EN9ZZX9GWowi7phL+Nv9Kn0Vno="},"lastRemoteEphemeralKey":"BQVpdVVkrLI3hyVeJD3DQAmXskrCyNWBSENPhS8jUyA2","previousCounter":0,"rootKey":"8qT78ofot/CXQxgVQMZqqh3dYsjLz8e31MJkvaO0ntw="},"indexInfo":{"baseKey":"BTS2Cecy2MeQxqVz9S5M5XYvZgG/vAt4tCBLsfnOD/oy","baseKeyType":1,"closed":1730469446388,"used":1730469400513,"created":1730469400513,"remoteIdentityKey":"BfZdcOqxCumVeuBYBhPjaZoKFauyp+GLskQr0YLsE5BK"},"_chains":{"BaYGhpz4Zqv4UGFOIl/jShOZlFSFcxwVy2XT6+EGaV9N":{"chainKey":{"counter":2,"key":"f+FIIjxW0ZE/DrRyZpmChUSDcGqpx+dZX0NNMFktNSw="},"chainType":1,"messageKeys":{}}},"pendingPreKey":{"signedKeyId":1,"baseKey":"BTS2Cecy2MeQxqVz9S5M5XYvZgG/vAt4tCBLsfnOD/oy","preKeyId":210}},"BfLXRL0ATFxakeuJZJzDbKb1UB8RHuzCLPFzQzDAQ+IE":{"registrationId":4,"currentRatchet":{"ephemeralKeyPair":{"pubKey":"BXDED/oBHOFiEBFU3oebHqaVLccczyC1hBaGHKKSeQgA","privKey":"iLgf1xcd3VaskMeNDVL9ltbKWU6CxiiPPb7PXD7c23Y="},"lastRemoteEphemeralKey":"BVjb+UMiH1KyaPfvZpTlZHhnCr/50qw74RHf4Fds5iBE","previousCounter":0,"rootKey":"5OvkCyEmBWmK36jdth/LUgISgi91f3oonisNB74YrWs="},"indexInfo":{"baseKey":"BfLXRL0ATFxakeuJZJzDbKb1UB8RHuzCLPFzQzDAQ+IE","baseKeyType":2,"closed":1730523258351,"used":1730523257759,"created":1730469446395,"remoteIdentityKey":"BfZdcOqxCumVeuBYBhPjaZoKFauyp+GLskQr0YLsE5BK"},"_chains":{"BULACFoq58sqhwKdrAFIiWsAlK+IC+uCuvk/KkNwLtt/":{"chainKey":{"counter":0},"chainType":2,"messageKeys":{}},"BU3VLJLUkA7uHxLirayIxzROd21Puxh2jOCzIL0Po8sp":{"chainKey":{"counter":19},"chainType":2,"messageKeys":{"0":"72Cuaai4qaU4fhBm2fO5XO0X+L7tgGaYF2utD7th3YQ=","1":"HV+Ls2ls0JrQCiI0w9YXBycv6XfOfYUA2q55GcC15Jo=","2":"n5XIiGNGzM9TsNAOTekSBN/WyTJalwT0LkPcmEQWzwI=","3":"bCvuDwOxOHPQmw5F7Yj6TJEPAxMnDDkqUYynbuegKLs=","4":"FTeHz7CYqf7VrbOmSQNMY6s7Ars6VRid0J4Yf3ML3zw=","5":"KVC4em3hZvxcszoO8B0dIXRccsc31BuW5prXdKPaSUI=","6":"LVe5tPBcelRKcTgIjB2h0rC31xul7HOVffX4aIoStWY=","7":"lKirQwz+QFf6+jjCejLkZ2Pr/hDywhWJldfE7iuPAnI=","8":"cNc6c66C8DqdATDlzGrV8JZdPfqwHcUtJdBVHRokEoY=","9":"ZWxFyjApQMfe8HpKTc/5B02OotuiFypwAjy37n5D6DY=","10":"NfnvhK5+fYtNoShRP2QMlWYFvMHTQFHEHIm79vMQxgw=","11":"9CShCjphz47N+TizezmfZPeo23tOC659hoqh+2q3Bt4=","12":"uxre6u7cRavzRs2npASB26r2shA5KbCQccc4Vuc7QIc="}},"BQySVA3Al/h3ULtZr11uLVDQkOYr7R1W/h9oDguKA7AU":{"chainKey":{"counter":0},"chainType":2,"messageKeys":{}},"BeDnSzkW7taIZJFUyrsMYbrVVOd3+qd81d09jXWQ19Mk":{"chainKey":{"counter":0},"chainType":2,"messageKeys":{}},"BVjb+UMiH1KyaPfvZpTlZHhnCr/50qw74RHf4Fds5iBE":{"chainKey":{"counter":23,"key":"dMH5v8/CSV6lhIXAG2wzyDW3+OjqLOmpx1a87O56LQc="},"chainType":2,"messageKeys":{}},"BXDED/oBHOFiEBFU3oebHqaVLccczyC1hBaGHKKSeQgA":{"chainKey":{"counter":-1,"key":"5jbkE1viiltuJK5pXTMN2rKQUwj9g4gx53AUGJ87rZc="},"chainType":1,"messageKeys":{}}}},"BS9g7I394tftPE9D+lrJdwN3t/QRThsTxn0jJi6s+UJ1":{"registrationId":4,"currentRatchet":{"ephemeralKeyPair":{"pubKey":"BTNMbDo6Qq0NaacudvVGxRfGpkhNqPcOPt7uXa9h9pwZ","privKey":"QJoGeyvQEJk0aq3H1KSeZX/9haqtn6YjuyO+me+l/n8="},"lastRemoteEphemeralKey":"Bd/aJ7bEf2UZnH6YUFH1+qk2hfsiHHf5Xjz2wiZGsW0C","previousCounter":0,"rootKey":"pxY9fudclfTp3KsElV848soZRirLs+fuvRGOQkw39nY="},"indexInfo":{"baseKey":"BS9g7I394tftPE9D+lrJdwN3t/QRThsTxn0jJi6s+UJ1","baseKeyType":2,"closed":1730523277475,"used":1730523266257,"created":1730523258355,"remoteIdentityKey":"BfZdcOqxCumVeuBYBhPjaZoKFauyp+GLskQr0YLsE5BK"},"_chains":{"BfnWu0cVNdP4Py4bpW6MXSCLx/1ubyeoaVu3EpPNDQE/":{"chainKey":{"counter":1},"chainType":2,"messageKeys":{}},"Bd/aJ7bEf2UZnH6YUFH1+qk2hfsiHHf5Xjz2wiZGsW0C":{"chainKey":{"counter":0,"key":"jItcCrwznr5yjsADgzfnHHzJ0fjFfPhO8T74Mkr7LB4="},"chainType":2,"messageKeys":{}},"BTNMbDo6Qq0NaacudvVGxRfGpkhNqPcOPt7uXa9h9pwZ":{"chainKey":{"counter":1,"key":"MM0lUVdmYMJ49EvmCFQQHAw8bgEG9/w815Lr2JPXPTA="},"chainType":1,"messageKeys":{}}}},"BbJVTQ3QZGBV3h5+aKKHeq3cSZl4LQO4B5s/deMitrwA":{"registrationId":4,"currentRatchet":{"ephemeralKeyPair":{"pubKey":"BdM1F7i6SpmnR+HeDNtwopnOzBc1RJBBFlUyHm3UxvMt","privKey":"QHN6Kg/bkLKtXJwtwXxpzMzzsNR/wvk/lCqQJknEsns="},"lastRemoteEphemeralKey":"Bard/ZHduXlH+oUiZY0d7X986IGxBlOyquzSzR2ivPNg","previousCounter":0,"rootKey":"7LRdhF/qXS1PWNAVBDOkbt7FTUbsgqAueReLNCgEQ4I="},"indexInfo":{"baseKey":"BbJVTQ3QZGBV3h5+aKKHeq3cSZl4LQO4B5s/deMitrwA","baseKeyType":2,"closed":-1,"used":1730617857294,"created":1730523277478,"remoteIdentityKey":"BfZdcOqxCumVeuBYBhPjaZoKFauyp+GLskQr0YLsE5BK"},"_chains":{"BS7vv7nSmTPmK+RwU10oU8SqY7y6Iz3csVaUSl4S4YMm":{"chainKey":{"counter":0},"chainType":2,"messageKeys":{}},"BT5Qd3B+x7+N+U8jSCwaTjpc/kuhnUD4+shNv4DSn2pA":{"chainKey":{"counter":0},"chainType":2,"messageKeys":{}},"Beb3erS+hAfpii25rj2wXn8mARO+TG9TBt0G/XjB4+cB":{"chainKey":{"counter":9},"chainType":2,"messageKeys":{"0":"ABxUk37oaiFCVcpFG+sSFiiC2RCLGIPKxWswcHSUNH0="}},"BZUdsbwFBVMxB6JjtMygrDJYJnImldllm+iArVkoS8w+":{"chainKey":{"counter":0},"chainType":2,"messageKeys":{}},"BeVprEfsFyEHrPj69Jvj/g0AVR+65U23y05TPhqeVcRg":{"chainKey":{"counter":0},"chainType":2,"messageKeys":{}},"BR+vWboN0Yg98qIfbdwR8j/jdwBMuclJJqKQGI04vXVh":{"chainKey":{"counter":0},"chainType":2,"messageKeys":{}},"BQiDzo/6Pm80MnRkikAXzEJ4wKbRZL7GkkkJWP4XFktT":{"chainKey":{"counter":0},"chainType":2,"messageKeys":{}},"BYUFItupx/+TZrrHwA06uLTP9spsfyBSyqEoVYlClVBq":{"chainKey":{"counter":9},"chainType":2,"messageKeys":{}},"BUCPJSAlLaERmQXB/Kkh4WWNzAUtkP7cpriLeqEZV9FG":{"chainKey":{"counter":1},"chainType":2,"messageKeys":{}},"BR2dViuvjBz0k4Gm41GSpMpvy197TN3H3mKeXsviAD1k":{"chainKey":{"counter":0},"chainType":2,"messageKeys":{}},"Bard/ZHduXlH+oUiZY0d7X986IGxBlOyquzSzR2ivPNg":{"chainKey":{"counter":57,"key":"vdR/7tw1BDiBwUG+pawCCWFcAnDtUq+ajpsNFo60B14="},"chainType":2,"messageKeys":{"0":"0jRq9/UCP2E0ZHiF4yWeO5BZw7Xn0jrEfinpjGw1cv8=","1":"l56gcpYWc7qs7cXfX4AuGmhKYKgqyGWA54qbMLpvOZ8=","2":"M/6QhbBAlUsK4/oVGQLpoyFRiPrVJstn4fPe/2XZrLw=","3":"Tzzij/YEet8DXER9L6/TpekXp1xm3hs5RbfGehjfOdA=","11":"E6zH0lNBJuHdBbB6FvtnK0bsMyhZl3MRkfL7y90eh6E=","26":"DJFwbnOunE/8zIpTVryOLwVJ25Sk07oN99ZgmFKt8xY="}},"BdM1F7i6SpmnR+HeDNtwopnOzBc1RJBBFlUyHm3UxvMt":{"chainKey":{"counter":-1,"key":"mB15fjnyCShRxd+rYPKwIaYfnH6aV2rMxp7lJHnOeFI="},"chainType":1,"messageKeys":{}}}}},"version":"v1"}