{"_sessions":{"BcJ8WCURlNLea6vN8vSLVboSJf/OpeVRm6IaL2kyNo03":{"registrationId":3523,"currentRatchet":{"ephemeralKeyPair":{"pubKey":"BROwqMEwgpMNoyeluEYhxLbM2E/8lrs8Fco5pQUackcG","privKey":"AKRr8EnfYP6CbnUQ2mLoJmQBTrQBCsGVoAZOa53b00I="},"lastRemoteEphemeralKey":"BSAW0+uMxBL4HVOmFjleG4nbZdbreKzdhFaoSX/+HpY5","previousCounter":0,"rootKey":"eVqZ8vzWy8S6tZUhF3JG+YtdONsjqkZCzC+xHvtZOec="},"indexInfo":{"baseKey":"BcJ8WCURlNLea6vN8vSLVboSJf/OpeVRm6IaL2kyNo03","baseKeyType":1,"closed":-1,"used":1730617939766,"created":1730617939766,"remoteIdentityKey":"BWMRiH57nY2mLgN75PseRVWCvREiFU9Z/PFgcLrmoNpV"},"_chains":{"BROwqMEwgpMNoyeluEYhxLbM2E/8lrs8Fco5pQUackcG":{"chainKey":{"counter":0,"key":"gRg89ye5qaKwRhFUWUPubHiGBR5k07UeJpCH+eXmcP8="},"chainType":1,"messageKeys":{}}},"pendingPreKey":{"signedKeyId":1,"baseKey":"BcJ8WCURlNLea6vN8vSLVboSJf/OpeVRm6IaL2kyNo03","preKeyId":245}}},"version":"v1"}