{"_sessions":{"BfXRvJZijqT2+Kl3wTVNCrGJmLeYXkWxa6ReiBbM7TFv":{"registrationId":1360439916,"currentRatchet":{"ephemeralKeyPair":{"pubKey":"BdgfF8UDBc/w0FUvrb+JNJxWxbQFVLaovRhjT2pFC5AV","privKey":"wDD/10xHM9G8Sv5LEtFermw3lgh9QZbw1QwyI43ubnA="},"lastRemoteEphemeralKey":"BYU3N1aS9HWsB90pIRqAQRcQ4SIZSe32wkP+h+SaEk5Z","previousCounter":0,"rootKey":"vtHPFDEiL1SwgtLfJitUQ5Cs1C73Z48hxU7NHRTet7A="},"indexInfo":{"baseKey":"BfXRvJZijqT2+Kl3wTVNCrGJmLeYXkWxa6ReiBbM7TFv","baseKeyType":2,"closed":-1,"used":1730523235762,"created":1730523235762,"remoteIdentityKey":"BfyZyCJjgCp7YAdzyBIc4QFPuxKTEHIC8coGHulG32Ng"},"_chains":{"BYU3N1aS9HWsB90pIRqAQRcQ4SIZSe32wkP+h+SaEk5Z":{"chainKey":{"counter":1,"key":"pwVk0jbs0zuDcHGvNX8Db3srLOpR2B2os01L+SrbMFs="},"chainType":2,"messageKeys":{}},"BdgfF8UDBc/w0FUvrb+JNJxWxbQFVLaovRhjT2pFC5AV":{"chainKey":{"counter":-1,"key":"SEcyj1tzOCuO/pGBAj0HlKbelaMtrKYlxdNRCz4teJ0="},"chainType":1,"messageKeys":{}}}}},"version":"v1"}