{"_sessions":{"BZrbYqLIzlvO53lyeWS5j2BnMrp3x+4ZSfzmqImW01UQ":{"registrationId":173,"currentRatchet":{"ephemeralKeyPair":{"pubKey":"BXEXeT9ORP0zMVF2yzX/cwssBjsjHs/JH174ZkT5Oxpi","privKey":"MCmgdaF03COsak/g950HCls68AtiqKXgs4kBVR5zo2A="},"lastRemoteEphemeralKey":"BV9Zmz2EvSFSuGQ3qL3RmnP8V5siA2XbQumcyDU33MVJ","previousCounter":0,"rootKey":"qy+qheR9s4GLsWJiAsdXthYQgbunP+VYnOLdItAxdKg="},"indexInfo":{"baseKey":"BZrbYqLIzlvO53lyeWS5j2BnMrp3x+4ZSfzmqImW01UQ","baseKeyType":1,"closed":-1,"used":1730523279141,"created":1730523279141,"remoteIdentityKey":"BWxkwb+DK4/40qqgT0xUiG0fuaKHh6IDieon9m4RlgVZ"},"_chains":{"BXEXeT9ORP0zMVF2yzX/cwssBjsjHs/JH174ZkT5Oxpi":{"chainKey":{"counter":1,"key":"CiiYMl170daEcz1fy3V0hCAf3eDPIzgXhXSJ6jvb7nY="},"chainType":1,"messageKeys":{}}},"pendingPreKey":{"signedKeyId":1,"baseKey":"BZrbYqLIzlvO53lyeWS5j2BnMrp3x+4ZSfzmqImW01UQ","preKeyId":55}}},"version":"v1"}