{"_sessions":{"BZBYG/df2fBO1bY7ikn1NWWP/TSe46D3k46wpL3DbZkc":{"registrationId":79769574,"currentRatchet":{"ephemeralKeyPair":{"pubKey":"BX3PtM/94BotJke6xpUiHSfGX1X3mcVT3rZxdBIMh651","privKey":"0EpKRZT3iVrtIopY8a6zgSefslHcA1FMJOMi70Og930="},"lastRemoteEphemeralKey":"BRdDiSYkM0im2mscpFVzMlvDQbVyTCUXkfGpk81NkWxT","previousCounter":0,"rootKey":"WFJ5zR7nraBZVGYOccnK7zDd9IEX7whK+ezcwiWL8Gc="},"indexInfo":{"baseKey":"BZBYG/df2fBO1bY7ikn1NWWP/TSe46D3k46wpL3DbZkc","baseKeyType":2,"closed":-1,"used":1730523239685,"created":1730523239685,"remoteIdentityKey":"BfrkxlDLL3kr2OlMqk62tDT0Vc/QeDU3eIfjK+IrXfwI"},"_chains":{"BRdDiSYkM0im2mscpFVzMlvDQbVyTCUXkfGpk81NkWxT":{"chainKey":{"counter":2,"key":"FrIv+Imr6/7GZaIMzHlgW1AcHxA1JScQgRn6oOT2FOk="},"chainType":2,"messageKeys":{}},"BX3PtM/94BotJke6xpUiHSfGX1X3mcVT3rZxdBIMh651":{"chainKey":{"counter":-1,"key":"i3Ropr3xLRTj/X3jvFnPERAhWFi/Mtf+TZNQHLlf+Bk="},"chainType":1,"messageKeys":{}}}}},"version":"v1"}