{"_sessions":{"BZ9QpW+q+Zf78D7RlKSibH5te9j6SREqxiBQjPn5Em48":{"registrationId":2006909422,"currentRatchet":{"ephemeralKeyPair":{"pubKey":"BVi5aUqb7nFMjHyhzPzYY3MZx03dp0qxq/SD+Hh5zO5E","privKey":"+OkT0gkl+b5bjzYMxYj62JP1lDd1VZSrVbmdnvFyxUA="},"lastRemoteEphemeralKey":"BQFKjcU1Y0G2np+WpJ8mNUZmWfxU7VVdj2WF1J5dEqEm","previousCounter":0,"rootKey":"qS5pncqa6lZY50KenYK4quOWRWhZXzSQMhFFg4FO96o="},"indexInfo":{"baseKey":"BZ9QpW+q+Zf78D7RlKSibH5te9j6SREqxiBQjPn5Em48","baseKeyType":1,"closed":-1,"used":1730617939863,"created":1730617939863,"remoteIdentityKey":"BdCYNyfkthidTfN+9N0QGXdOh/UX+Ef5Mlqwwgpd49Y2"},"_chains":{"BVi5aUqb7nFMjHyhzPzYY3MZx03dp0qxq/SD+Hh5zO5E":{"chainKey":{"counter":0,"key":"swIEhk1qDkqg59CoiQeH1pLVheNOYhClBoFrWEPx2ZM="},"chainType":1,"messageKeys":{}}},"pendingPreKey":{"signedKeyId":3,"baseKey":"BZ9QpW+q+Zf78D7RlKSibH5te9j6SREqxiBQjPn5Em48","preKeyId":7633324}}},"version":"v1"}