{"_sessions":{"Bae6TJ2/oaQ/qKwdimpZvhchN6xc1pBglvZ2qSrN9/w4":{"registrationId":2130328984,"currentRatchet":{"ephemeralKeyPair":{"pubKey":"BUQHNCeuVhBsK53TQQBXqR5BhBt4q299IUhwdSpuvZA6","privKey":"eAJ1YoiReMWkkX2uwqaRTuEixPDz6ssUzuUt8nMk2GU="},"lastRemoteEphemeralKey":"BeEL1nxBv9QtFWoJ2nlUchv8FQSObkjpETg39j/8aF86","previousCounter":0,"rootKey":"h1Ds06akkg+nm7PGfOTOGo3mUabcPWCiGRIOm/DTY3E="},"indexInfo":{"baseKey":"Bae6TJ2/oaQ/qKwdimpZvhchN6xc1pBglvZ2qSrN9/w4","baseKeyType":2,"closed":-1,"used":1730512119985,"created":1730512119985,"remoteIdentityKey":"BXT77tAjePZrprt04IJ6p6O5rbTMU1HUaSjv2NemYHlu"},"_chains":{"BeEL1nxBv9QtFWoJ2nlUchv8FQSObkjpETg39j/8aF86":{"chainKey":{"counter":0,"key":"Djjw++vDZdx06Wi/tZGrHq0dV5Jzt4pEM/AvzzPZO7s="},"chainType":2,"messageKeys":{}},"BUQHNCeuVhBsK53TQQBXqR5BhBt4q299IUhwdSpuvZA6":{"chainKey":{"counter":-1,"key":"C3wEGPSrrsRJ9rjeOQ9ymnzoIUiow9bkgyJMHujnb9A="},"chainType":1,"messageKeys":{}}}}},"version":"v1"}