{"_sessions":{"BVtavE62rzUesARDFFSAfCzmE3ipE+XDyyTTcvnFq8ta":{"registrationId":1326537654,"currentRatchet":{"ephemeralKeyPair":{"pubKey":"BRZuz1wu4MeIIehd4t/fJFQ8wMtev6NtJuNd00hU74U9","privKey":"UPD0yu0EAhlTvKCw0bqnAI0nwE2BjZkpLbJJZQvU0UM="},"lastRemoteEphemeralKey":"BQ884YNSL8G3OgPWOuq0RKgfRd+0TchJJuh0RGs/3uMC","previousCounter":0,"rootKey":"WTmPHrUvcgvaRHzil/wW+PsSisT84ST7HG+qI3kOK+s="},"indexInfo":{"baseKey":"BVtavE62rzUesARDFFSAfCzmE3ipE+XDyyTTcvnFq8ta","baseKeyType":2,"closed":-1,"used":1730523239364,"created":1730523239364,"remoteIdentityKey":"BRqlYpTlaGQEczeWtjZdnZtvZ1jfDeEan8WO+38oYnQ3"},"_chains":{"BQ884YNSL8G3OgPWOuq0RKgfRd+0TchJJuh0RGs/3uMC":{"chainKey":{"counter":2,"key":"v7IkEmkMM545/dG1p6PdP2pEyXm1YRWfa6YP/lZqFKo="},"chainType":2,"messageKeys":{"0":"yCKsXpmlGlQbgdsDk9xi73nFEyJUSbQJLPn+HrpRjLA="}},"BRZuz1wu4MeIIehd4t/fJFQ8wMtev6NtJuNd00hU74U9":{"chainKey":{"counter":-1,"key":"9fcXVwwIylsArgynds3VkbYY37euj5agEOjm69a4J1Q="},"chainType":1,"messageKeys":{}}}}},"version":"v1"}