{"_sessions":{"BfwXx6NmxyapXfHWx4u2y7s/f0QpOsFUp8/DyloAQLF2":{"registrationId":1767669571,"currentRatchet":{"ephemeralKeyPair":{"pubKey":"Bd+rJIUxkReJEwo37A1tbeoDzgfQ45rKoZhaQM9sVUBu","privKey":"WNsnqxSK0z5NJFiieuriJL2rSPCFUa3HahErh58ihFM="},"lastRemoteEphemeralKey":"BYek3IXJoQIPh3SWtQ9gHlSCsxxStskH1iTYUFennwUl","previousCounter":0,"rootKey":"IOqYZhmRAFEUk8xjs7fdUjfZT97nthkzFZW/9VRk+/o="},"indexInfo":{"baseKey":"BfwXx6NmxyapXfHWx4u2y7s/f0QpOsFUp8/DyloAQLF2","baseKeyType":1,"closed":-1,"used":1730617939886,"created":1730617939886,"remoteIdentityKey":"Ba0blXV063IVul0XAnOkzgcmoO8zir4TCcRHUxGhihx1"},"_chains":{"Bd+rJIUxkReJEwo37A1tbeoDzgfQ45rKoZhaQM9sVUBu":{"chainKey":{"counter":0,"key":"T0ssTGTxqO0s6IZr/8gmVtfdmm89f4dBQBa7O6ZKCkA="},"chainType":1,"messageKeys":{}}},"pendingPreKey":{"signedKeyId":11,"baseKey":"BfwXx6NmxyapXfHWx4u2y7s/f0QpOsFUp8/DyloAQLF2","preKeyId":556312}}},"version":"v1"}