{"_sessions":{"Bfsj3pL76m48KZmAwXUVuNGhug0vBMXJWW5x2ljZOiIl":{"registrationId":2009798338,"currentRatchet":{"ephemeralKeyPair":{"pubKey":"Be07Qei9nnxAyIMDKwv4+5mrUxJOcR7oa1u/AkFegvRK","privKey":"wDrusj6BXd+cxVhh0dpcSW2AjMKFLkMfmSbNnYof3GM="},"lastRemoteEphemeralKey":"Bdaatut9na8wfCc1dXOIx5eZ7ABn+Rc0TppJJYyr02ZF","previousCounter":0,"rootKey":"pZi946oaN3ZBQff8CeFwhA3l03Dqh/f5zN4K7P0ZyKU="},"indexInfo":{"baseKey":"Bfsj3pL76m48KZmAwXUVuNGhug0vBMXJWW5x2ljZOiIl","baseKeyType":1,"closed":-1,"used":1730617939920,"created":1730617939920,"remoteIdentityKey":"BfZAeHJOyzX+0p7p68+jxw+AYhZjqjeq8g6Z4tEtUoge"},"_chains":{"Be07Qei9nnxAyIMDKwv4+5mrUxJOcR7oa1u/AkFegvRK":{"chainKey":{"counter":0,"key":"if5Yiq5CXsMg63KUUekLphPFgUTp1Ua9av5c4nWH+j4="},"chainType":1,"messageKeys":{}}},"pendingPreKey":{"signedKeyId":1,"baseKey":"Bfsj3pL76m48KZmAwXUVuNGhug0vBMXJWW5x2ljZOiIl","preKeyId":6234447}}},"version":"v1"}