{"_sessions":{"BTYrd/Bq5OBcI8vl33dnNibRpEgRP8hLW6p03vI8qAkb":{"registrationId":260258992,"currentRatchet":{"ephemeralKeyPair":{"pubKey":"BTH7r2Obmol3ngiqt8XmJr7gEiRewXL8sZ8z3I9K/A5l","privKey":"0JXVaqAJdsO7Gb3lrJnMuc/tbx8D78pW2n/+waQCxGE="},"lastRemoteEphemeralKey":"BdwiR0qyO24yIglSWmSIt4SAwgHhmf5FgB7g9JLQN3w9","previousCounter":0,"rootKey":"b1fEmIe60nHHIkSbn0PBr5cqhjDoqaVCiUQka3Llgpk="},"indexInfo":{"baseKey":"BTYrd/Bq5OBcI8vl33dnNibRpEgRP8hLW6p03vI8qAkb","baseKeyType":1,"closed":-1,"used":1730617939911,"created":1730617939911,"remoteIdentityKey":"BfAC6zAtTQ4iRs4NtihfUQyrYeMf3waMNpZiI+qjeY8V"},"_chains":{"BTH7r2Obmol3ngiqt8XmJr7gEiRewXL8sZ8z3I9K/A5l":{"chainKey":{"counter":0,"key":"cNrDx4/qwVSuzDXFBD/r92G77oolkQCLSUymmmKvEAE="},"chainType":1,"messageKeys":{}}},"pendingPreKey":{"signedKeyId":8,"baseKey":"BTYrd/Bq5OBcI8vl33dnNibRpEgRP8hLW6p03vI8qAkb","preKeyId":7568670}}},"version":"v1"}