{"_sessions":{"BaUiyC3mbFJ0gb5sL1xZ5se1eQrArwfhpxN9hcCxvPBM":{"registrationId":661299497,"currentRatchet":{"ephemeralKeyPair":{"pubKey":"BbOialn/sZYY/GQZs46qQTB7zaFNLkNcvQbCbEdSJ+Nk","privKey":"mOfUNEp0z5p8IxPsvBEjrdNcgEQXSlxIgDKn7/KgeU4="},"lastRemoteEphemeralKey":"BXF9MYLLy6qAZ0pxEzWjKO+o0IxFC8AecLrDr9PIHg06","previousCounter":0,"rootKey":"xRbhnGb1B/1NB3qksC0Z6k6WtP623L5f34OXpT7i3Dc="},"indexInfo":{"baseKey":"BaUiyC3mbFJ0gb5sL1xZ5se1eQrArwfhpxN9hcCxvPBM","baseKeyType":1,"closed":-1,"used":1730617939873,"created":1730617939873,"remoteIdentityKey":"BQc8PIsIJdYAxZ8an8aYVQA93KwET6nFMaEKaDCY2qFW"},"_chains":{"BbOialn/sZYY/GQZs46qQTB7zaFNLkNcvQbCbEdSJ+Nk":{"chainKey":{"counter":0,"key":"UUDqX+vQZjnUWcnlZm64i3Mfq549IGtj+n627s4nCEM="},"chainType":1,"messageKeys":{}}},"pendingPreKey":{"signedKeyId":42,"baseKey":"BaUiyC3mbFJ0gb5sL1xZ5se1eQrArwfhpxN9hcCxvPBM","preKeyId":4975725}}},"version":"v1"}