{"_sessions":{"BcD/9koVe4QbC2sqhfNYpCFjtIk+3wbBMBFwlWtV5EgJ":{"registrationId":946534678,"currentRatchet":{"ephemeralKeyPair":{"pubKey":"Bdw0qsXZZej4MdJeFmD6wAQV2dwL0jzw2sBVb/DEjXFc","privKey":"aOPOfJ3rwrJlLSlTXcVByJvC5j0vJHjWJKlg2vSrf0k="},"lastRemoteEphemeralKey":"BSQeKL12A3tQWyM7E62fSkVPNmTiPZrLlGRVd3MLQDAN","previousCounter":0,"rootKey":"TnNzHjjeSRtEo02AIYyjOKujozTyrpbzHEfg8t5Hv60="},"indexInfo":{"baseKey":"BcD/9koVe4QbC2sqhfNYpCFjtIk+3wbBMBFwlWtV5EgJ","baseKeyType":2,"closed":-1,"used":1730469432335,"created":1730469432335,"remoteIdentityKey":"BZPT5vJDUf2ICIJ2O9t9ZSalY/kRHKK8xUdfMW8SGnwU"},"_chains":{"BSQeKL12A3tQWyM7E62fSkVPNmTiPZrLlGRVd3MLQDAN":{"chainKey":{"counter":11,"key":"bZ4BLyeCr9dGT3GOU50jy7z1rQM1tW+DAY8w3k1gFT8="},"chainType":2,"messageKeys":{}},"Bdw0qsXZZej4MdJeFmD6wAQV2dwL0jzw2sBVb/DEjXFc":{"chainKey":{"counter":-1,"key":"mKdeepvDqUywAuLcmOGSair+qL+7yoyfacISqoqWFjU="},"chainType":1,"messageKeys":{}}}}},"version":"v1"}