{"_sessions":{"Bb/c4uDxGfQ48CEIIxp4+k1UlaLQbpyCEgABccy4gLY/":{"registrationId":2509138619,"currentRatchet":{"ephemeralKeyPair":{"pubKey":"BWmQFfHlPk5sD2zPZs7gzFY7nsrlue8apgs60enQmH9Y","privKey":"CLdW1t8FEyFXeg2b93Ba9Zirsm1mnpQTNdRcCPtro10="},"lastRemoteEphemeralKey":"Bd+r6wzD7UgpcG9v0Ev1qUAEB2WZzaSs5KgPAbO0JQZj","previousCounter":0,"rootKey":"qKR8pggZ7M0BT7KwfYubAR+vyP7qKjEIvukpusuJjgI="},"indexInfo":{"baseKey":"Bb/c4uDxGfQ48CEIIxp4+k1UlaLQbpyCEgABccy4gLY/","baseKeyType":1,"closed":-1,"used":1730469396981,"created":1730469396981,"remoteIdentityKey":"BUQO83Wr5HkFnQ7fumad7SxVebU4eSwgkSVP4Ia8+hcT"},"_chains":{"BWmQFfHlPk5sD2zPZs7gzFY7nsrlue8apgs60enQmH9Y":{"chainKey":{"counter":7,"key":"aVV+eG2+wjgiMFytJwyMYkGFaJnjFn+9e4TuCqTZab4="},"chainType":1,"messageKeys":{}}},"pendingPreKey":{"signedKeyId":16313099,"baseKey":"Bb/c4uDxGfQ48CEIIxp4+k1UlaLQbpyCEgABccy4gLY/"}}},"version":"v1"}