{"_sessions":{"BdQ3hj0NembFdIwITWzr5AsZ591s+sv6A73j31RM8Xdt":{"registrationId":1224361959,"currentRatchet":{"ephemeralKeyPair":{"pubKey":"BQZQy0mLagNP27dKes5OYCR9wvySvaXdpq94L1/XQ/wP","privKey":"AMDFZ7YaM8dmM3na9FjOqlcYgppYhq39xXuXE7Mm+2c="},"lastRemoteEphemeralKey":"BaTbV4Vhl7M+6S8XV4x4CO0alln3Ny4s59GM4fsb+EFJ","previousCounter":0,"rootKey":"EZL8u5JlPD/MQhcVxCf/MtsUm9PbMzi6AHxttdqugV8="},"indexInfo":{"baseKey":"BdQ3hj0NembFdIwITWzr5AsZ591s+sv6A73j31RM8Xdt","baseKeyType":2,"closed":-1,"used":1730469543574,"created":1730469543574,"remoteIdentityKey":"Bc52gpD1UYBI9v9BijGALvBskyu/qVyrGn86GDRcP0Id"},"_chains":{"BaTbV4Vhl7M+6S8XV4x4CO0alln3Ny4s59GM4fsb+EFJ":{"chainKey":{"counter":3,"key":"UF/q8/uzm4VFPLjOtfD43HqDjOh2qoZaMBb/8DoRIMc="},"chainType":2,"messageKeys":{"1":"befcqXt7xJZIPuNY4eT+O06nk3e0HPuWiCVTdaEPX84=","2":"EJ7t/3le/EWvnoHOICgCyIe9241ULHDRdgIdMAL8paE="}},"BQZQy0mLagNP27dKes5OYCR9wvySvaXdpq94L1/XQ/wP":{"chainKey":{"counter":-1,"key":"SN8dWeAUZEd4b+l+Io0tabt67H0acMsc5GlesvmuOmE="},"chainType":1,"messageKeys":{}}}}},"version":"v1"}