{"_sessions":{"BR8UryDDcW2l32zMSp4pH5ENO/KXqpI9tp1XMz8nFuE4":{"registrationId":375415341,"currentRatchet":{"ephemeralKeyPair":{"pubKey":"BeWc8AxarJkKqQVrxS+85QE3AFOQGWdil9PdpBOft2Ra","privKey":"6Akve4w7H4lDNxIGpp+grWsRW9Es1S3H9Z+MlJbN21g="},"lastRemoteEphemeralKey":"BaPDCclZnIFUA2O5aEem43J6nbb/sj/upN4WnBMVgMwP","previousCounter":0,"rootKey":"Gxv2DoBYz0KHkBYYZ1JxGsGobXFERv6Q2KvMva31NFE="},"indexInfo":{"baseKey":"BR8UryDDcW2l32zMSp4pH5ENO/KXqpI9tp1XMz8nFuE4","baseKeyType":2,"closed":-1,"used":1730617848757,"created":1730617848757,"remoteIdentityKey":"BTDMkjqW97kDQgsCETlKTv5b/o6/jkI9FEMsu/YTUxl4"},"_chains":{"BaPDCclZnIFUA2O5aEem43J6nbb/sj/upN4WnBMVgMwP":{"chainKey":{"counter":0,"key":"DqLS16xWEQjMNAAhUBuxVCd3gCegBsBCigaZ3JWLi7s="},"chainType":2,"messageKeys":{}},"BeWc8AxarJkKqQVrxS+85QE3AFOQGWdil9PdpBOft2Ra":{"chainKey":{"counter":-1,"key":"h0sDvuxTQqtgJHL3Eu5JMYTO53hyuludOWAvvGLNVaw="},"chainType":1,"messageKeys":{}}}}},"version":"v1"}