{"_sessions":{"BaEBzF1kAJFaDudpGx783v5jkhGYZHFANx7QL6r0MKMw":{"registrationId":252505034,"currentRatchet":{"ephemeralKeyPair":{"pubKey":"BeVuKlzLemAwT0mg9QsehjA9vKmhf7KATH5e7nkjOVoT","privKey":"QFEQ1UeZRDVW/Go/9w7+DeBIH2IWOELs4j7GywrgfFI="},"lastRemoteEphemeralKey":"BYz0D1vjbFZ1s+e32H9URMTxiltfbp6h7KvsrcUgbhw2","previousCounter":0,"rootKey":"7gJF681yWGsBgC+IcjqOXvt/EX8bUdCUfRnUOqFwP1o="},"indexInfo":{"baseKey":"BaEBzF1kAJFaDudpGx783v5jkhGYZHFANx7QL6r0MKMw","baseKeyType":2,"closed":-1,"used":1730523257123,"created":1730523257123,"remoteIdentityKey":"BQOQyinjvTtxr2c9qYO7u0jQOjAZ7tcfLLBDHmwcdcdZ"},"_chains":{"BYz0D1vjbFZ1s+e32H9URMTxiltfbp6h7KvsrcUgbhw2":{"chainKey":{"counter":91,"key":"zXz/biYacozASC/UnK8mRq0g4E4kE8VS8/+cvh28zjk="},"chainType":2,"messageKeys":{"0":"gYtTqWfzbPAuFfoeftucZ6pHBT03XzL/M3SRc8KWafw=","1":"Ee5ZY6n07v+s/3BzVzBc1Ve+MsFQy5xbSo3gqYow1M0=","2":"33JWhjv07vMqqQPFmWoT2xJ2dZic1a+m02Sd78HZ4hM=","3":"EB9oA5OPNRaGyHDxNvV7EtwVArdq2c6dvRZJQc+rE68=","4":"tmvLxCK9iiqF+PtFXguw4g/QHkZKoeqsfuX552roOC8=","5":"VH7uRsMXplvYxnmyJZLZd2Rh66SNwLYhgyLKN8Mtyow=","6":"mT+LRnIW+9XPV4Z/1pgW6dETMysZnxp312Ljfi8wgzI=","23":"oHY31oin0Zpp5ibc7QoUdJ6JkLePX5tC5/xIUMuCMl0=","75":"QKBGbIjS4ZBugRndO6b+/jzFsFxA6aaFiT5ddU0dAhc="}},"BeVuKlzLemAwT0mg9QsehjA9vKmhf7KATH5e7nkjOVoT":{"chainKey":{"counter":-1,"key":"cuGwu1qZ0FgubLzh653fBcL4rJykWXtX+WPZsfpVUy8="},"chainType":1,"messageKeys":{}}}}},"version":"v1"}