{"_sessions":{"BWC37rMNJRgF/K69Qr5wSsHohyPqvZ6+vmZ+DJ8RTExE":{"registrationId":130,"currentRatchet":{"ephemeralKeyPair":{"pubKey":"BSH/g6effThGPuLKlCnUmYegQIHEC4Fe+mk10tSeJAMH","privKey":"CMhCzlgDAKeEHotTluHGn8a4xlFLpqwQCyRALeE+HH0="},"lastRemoteEphemeralKey":"BaKPA0kTod7pi1dHzwffl0Aa076vZXYFpGTElDZ7lkMu","previousCounter":0,"rootKey":"+4BkSE2r33jw8FaUaoxdp+HprwzxhaMIpmR1yitYRZw="},"indexInfo":{"baseKey":"BWC37rMNJRgF/K69Qr5wSsHohyPqvZ6+vmZ+DJ8RTExE","baseKeyType":1,"closed":-1,"used":1730469400517,"created":1730469400517,"remoteIdentityKey":"Bag+8Yhp82IjKyt/lyarZwowEAosFPm7qfiB6M/yxHN3"},"_chains":{"BSH/g6effThGPuLKlCnUmYegQIHEC4Fe+mk10tSeJAMH":{"chainKey":{"counter":23,"key":"cwh9dhdte2Vg83opec5gunobkD5nXsL8dBTBj4bXIfY="},"chainType":1,"messageKeys":{}}},"pendingPreKey":{"signedKeyId":1,"baseKey":"BWC37rMNJRgF/K69Qr5wSsHohyPqvZ6+vmZ+DJ8RTExE"}}},"version":"v1"}