{"_sessions":{"BT+/APCLoaf3PQurjOWqOOFs69zrTtep3IV+wNYr/xhH":{"registrationId":484499101,"currentRatchet":{"ephemeralKeyPair":{"pubKey":"BRz38mPThbRicsaDOnnDzoZAtmwwHzQvh51uwQyNtXJ9","privKey":"gKvxfUww1lpisMaUk//1zQcawWg59lqjR4+H5HbKyFk="},"lastRemoteEphemeralKey":"BaRyluitGuUd7u1nUyEJNIih32xva3ZiRQkhw8tzpUl2","previousCounter":0,"rootKey":"UAGJgQN8yELk7WXOeUZ7BfVzHEm1nqyLTaoiFtctm1I="},"indexInfo":{"baseKey":"BT+/APCLoaf3PQurjOWqOOFs69zrTtep3IV+wNYr/xhH","baseKeyType":1,"closed":-1,"used":1730617939845,"created":1730617939845,"remoteIdentityKey":"BUuSgH57iyorEbtdSye2mVFf3wJf8o+6zP0kflIB7gwN"},"_chains":{"BRz38mPThbRicsaDOnnDzoZAtmwwHzQvh51uwQyNtXJ9":{"chainKey":{"counter":0,"key":"Dp3UZmCTjw/4qKQkZ43uiXugUrSc80YdRTzjpJLGwmA="},"chainType":1,"messageKeys":{}}},"pendingPreKey":{"signedKeyId":4,"baseKey":"BT+/APCLoaf3PQurjOWqOOFs69zrTtep3IV+wNYr/xhH","preKeyId":14922173}}},"version":"v1"}