{"_sessions":{"Ba+R7CWkWx8No5AjAy+pFZRfN6m9c5xmvKmbwFipR/hy":{"registrationId":176,"currentRatchet":{"ephemeralKeyPair":{"pubKey":"BSJRbsEAdddYtKUzjcsx2asjW/RBcGul/G7UyFUSles0","privKey":"IBEe90CGy3P9DhmLloTHqn90i8faHNb0RawQOb9glmk="},"lastRemoteEphemeralKey":"BQzZyhjFySF96soN2oxJb/CmZeTf8k6HgzBO2N9O4v0i","previousCounter":0,"rootKey":"rdS6lXR6TialCs5oiD+qgYnUuBPT5hXiQsd/JdSskGE="},"indexInfo":{"baseKey":"Ba+R7CWkWx8No5AjAy+pFZRfN6m9c5xmvKmbwFipR/hy","baseKeyType":2,"closed":-1,"used":1730523232365,"created":1730523232365,"remoteIdentityKey":"BflnKT8Hh8+k1qj+bS9KLWkyVTwVdW9JcUafPYBNpHYM"},"_chains":{"BQzZyhjFySF96soN2oxJb/CmZeTf8k6HgzBO2N9O4v0i":{"chainKey":{"counter":0,"key":"voAA70QRP/vaJAljC715xpCbsbZs1vY70loT/fixp4s="},"chainType":2,"messageKeys":{}},"BSJRbsEAdddYtKUzjcsx2asjW/RBcGul/G7UyFUSles0":{"chainKey":{"counter":-1,"key":"F4yISdpLq7LjWTRVJ+XAZfIZVXqiBnsXEpoewWK1ZgU="},"chainType":1,"messageKeys":{}}}}},"version":"v1"}