{"_sessions":{"Bfln0aAJ30KrbCLGaEOox1qvfoRnOl8zCXU0MngQDZlm":{"registrationId":1042273824,"currentRatchet":{"ephemeralKeyPair":{"pubKey":"BRNpw0uySUypCl2tm0vRsU5nTwjT3N2mC38QHiY3T3go","privKey":"aESGTKAw2fuT3qJNDuOkGAG5gukiJsFM898V7YRP+Ws="},"lastRemoteEphemeralKey":"BTs2jQ2rN7Dt1DjXN7p6G02JD9tMVwBA4leE8zfqjbJf","previousCounter":0,"rootKey":"b2wUoppU5hAiizK/updKX5tAkcfIBBV8mq1x0tHHG0w="},"indexInfo":{"baseKey":"Bfln0aAJ30KrbCLGaEOox1qvfoRnOl8zCXU0MngQDZlm","baseKeyType":2,"closed":-1,"used":1730469450715,"created":1730469450715,"remoteIdentityKey":"BTtAdcXC908tVF8mJtLCsGkGhVSVO7LxXeLIXFxkxwYj"},"_chains":{"BTs2jQ2rN7Dt1DjXN7p6G02JD9tMVwBA4leE8zfqjbJf":{"chainKey":{"counter":1,"key":"19Nx+Ss4c1gD/txv+q7fy9KYCOQ706mteLAzRZ58VXw="},"chainType":2,"messageKeys":{"0":"DTnVZJ23FrYAlHaq+7e5ig3VCbaNijEUMtZI0NobUHQ="}},"BRNpw0uySUypCl2tm0vRsU5nTwjT3N2mC38QHiY3T3go":{"chainKey":{"counter":-1,"key":"bDqZgguew0T/u5LsP0Fz+4JuVHvNCLOrXiM0nu1y0gc="},"chainType":1,"messageKeys":{}}}}},"version":"v1"}