{"_sessions":{"BfocFc1Nh1ez5I/PlThCoM/e+S6IFTmlyfRpLr2DbP9T":{"registrationId":667044619,"currentRatchet":{"ephemeralKeyPair":{"pubKey":"BapyadkepqULMaG41+dfq+d9X6tvjpUcOhV2zfaOiX5g","privKey":"SHehwkEq0nj5PIDlynTxIbctZv77qMw3bHPSl4opKE0="},"lastRemoteEphemeralKey":"BVMxBYrSJlwEfdzyYDicBpjK4TWpIruBVa8IEkwu9SET","previousCounter":0,"rootKey":"uQwn0F+9lVm/azdJ0wx05vxv0bj8uaGAgVPsl9oqhMg="},"indexInfo":{"baseKey":"BfocFc1Nh1ez5I/PlThCoM/e+S6IFTmlyfRpLr2DbP9T","baseKeyType":1,"closed":-1,"used":1730617939939,"created":1730617939939,"remoteIdentityKey":"BaXe9THrn1sWkDvmTowVAsN+HApYglkJqwebq7h2DjNS"},"_chains":{"BapyadkepqULMaG41+dfq+d9X6tvjpUcOhV2zfaOiX5g":{"chainKey":{"counter":0,"key":"/LOkofeCBuh4GUIh4jkwC8xl3crOtjMiXIvWMB65DVw="},"chainType":1,"messageKeys":{}}},"pendingPreKey":{"signedKeyId":40,"baseKey":"BfocFc1Nh1ez5I/PlThCoM/e+S6IFTmlyfRpLr2DbP9T","preKeyId":13904533}}},"version":"v1"}