{"_sessions":{"BYffQPI3r0sN1lDIek4uZOTl6XSLR6g3gYJYGQXsesJ3":{"registrationId":130,"currentRatchet":{"ephemeralKeyPair":{"pubKey":"BVUT4wA6NEP9Nkwn8v43o2Ams7Dug1BVliCI2t4iOlNk","privKey":"eMOJKY+iW9YeaEONAspTVGLOAb1azvw0EVWfWW4Nfmc="},"lastRemoteEphemeralKey":"BePFapnyjCcVP8Q8phCM1n5O1w98j7Cgs6cigi1Xjbs0","previousCounter":0,"rootKey":"kWLPzFTBQTKtO8ScS09ar5t5PloEoUYfFM788zx2F3E="},"indexInfo":{"baseKey":"BYffQPI3r0sN1lDIek4uZOTl6XSLR6g3gYJYGQXsesJ3","baseKeyType":2,"closed":-1,"used":1730523230841,"created":1730523230841,"remoteIdentityKey":"BcA2puamcSqNwqNTOIpnOWCpPQM/ETb+radbleEb82YK"},"_chains":{"BePFapnyjCcVP8Q8phCM1n5O1w98j7Cgs6cigi1Xjbs0":{"chainKey":{"counter":9,"key":"xrGXD+wsPt5hru50OeJeBBE89oDuLqE3TQbH8I4QWWc="},"chainType":2,"messageKeys":{"2":"zEiCvGDrVuJE0W7vhNZp8zK+oVHtWrfPcQ71QuZ+jFw=","6":"gMW8MhDAIk/lCWv2pc5rY/6Do6tXWmH99GB55Z+puRc=","7":"od1dY375hTob1O4Nb10BsJF7rQzZ2DX2GEXBu8GZ7TE="}},"BVUT4wA6NEP9Nkwn8v43o2Ams7Dug1BVliCI2t4iOlNk":{"chainKey":{"counter":-1,"key":"0MX7Xd6tyJQwenvw/Eg8BKW5E1dygRBbVGxzzKK+y40="},"chainType":1,"messageKeys":{}}}}},"version":"v1"}