{"_sessions":{"BaCmgRPzNc8QwZFk11/Syw8KPr6ii55yyb5haYlO3jM2":{"registrationId":1596130627,"currentRatchet":{"ephemeralKeyPair":{"pubKey":"BTU5xZJqVD/xvsw9P02uSGHUlB2SOvFY6FY6MJzfZ+lh","privKey":"+ChMHCtJnsQSJLfZfu7UaT872MSMdCWYiAtqaWOaD1Y="},"lastRemoteEphemeralKey":"BZ517AkVQTnaO5G6eDKbd0h2EjBi8OYqckneKkv4LM9M","previousCounter":0,"rootKey":"WYx5kCW0t8VXD2R8z9Kz8zrWson8vaD0Bb4YVs4H8I0="},"indexInfo":{"baseKey":"BaCmgRPzNc8QwZFk11/Syw8KPr6ii55yyb5haYlO3jM2","baseKeyType":1,"closed":-1,"used":1730617939948,"created":1730617939948,"remoteIdentityKey":"Be80bUYk1vrjvEjfQuBYDdVL94KueJZGbboy6JEbMDUv"},"_chains":{"BTU5xZJqVD/xvsw9P02uSGHUlB2SOvFY6FY6MJzfZ+lh":{"chainKey":{"counter":0,"key":"fLEvYRxcLIV8x4/nYqfQRXhsdMCc1rlr9L6Av+PO5nA="},"chainType":1,"messageKeys":{}}},"pendingPreKey":{"signedKeyId":0,"baseKey":"BaCmgRPzNc8QwZFk11/Syw8KPr6ii55yyb5haYlO3jM2","preKeyId":8263855}}},"version":"v1"}