{"_sessions":{"BcHTES5tWUlPiV8nZYZpghOV5ap17zpr6vbFhGDHGW1i":{"registrationId":2574,"currentRatchet":{"ephemeralKeyPair":{"pubKey":"BV953OLZdkVXx4BtpF/s1nngMehaG2aITkIJkUzqv71p","privKey":"OHn8aDG7iUH2pRvOuC3LSxQ5H8IFeTusLL3eA4DO00M="},"lastRemoteEphemeralKey":"BXhRFVWJTejU33CcVYxkZnQ7AK/HhHpvBBvbonrX7aR3","previousCounter":0,"rootKey":"0TxMexrg4Gfxd4t1hzM/f8fAGXeTho2VYj/W5lOKk0E="},"indexInfo":{"baseKey":"BcHTES5tWUlPiV8nZYZpghOV5ap17zpr6vbFhGDHGW1i","baseKeyType":1,"closed":-1,"used":1730617939678,"created":1730617939678,"remoteIdentityKey":"BXip33j0h5r7lmAaq0tdXOJLTuJzB6w4n4XCWg9haFNp"},"_chains":{"BV953OLZdkVXx4BtpF/s1nngMehaG2aITkIJkUzqv71p":{"chainKey":{"counter":0,"key":"2fxWuvdCqHmedaBChIaHb44dj4j2dHavxvX65g4pC8Q="},"chainType":1,"messageKeys":{}}},"pendingPreKey":{"signedKeyId":1,"baseKey":"BcHTES5tWUlPiV8nZYZpghOV5ap17zpr6vbFhGDHGW1i","preKeyId":68}}},"version":"v1"}