{"_sessions":{"BfV2PMdIu3YPMBf7YfiqLomC6piHfrnZYFu91eRR9fJP":{"registrationId":913736062,"currentRatchet":{"ephemeralKeyPair":{"pubKey":"BRojHT2tGIb1zJy9QbBSofRtLwO5yi8pTaT2ubAo0E1P","privKey":"eBiSw7wBBPE/R293qSs9gaOH0mzlOK7mZ1pC7dtWk1Q="},"lastRemoteEphemeralKey":"BT09AchFmH+Xu2B1kr/XkpPBHT+Bj8BCIXE9GB+2evBW","previousCounter":0,"rootKey":"ASampHvRBw5ksIZjIMUXGTnWNzsdUzfe9EBVTxwbIqs="},"indexInfo":{"baseKey":"BfV2PMdIu3YPMBf7YfiqLomC6piHfrnZYFu91eRR9fJP","baseKeyType":2,"closed":-1,"used":1730617848833,"created":1730617848833,"remoteIdentityKey":"Bcb+Uuw4YejxDssoEqzUfWO5o5mbCHPfJ6uyyPK1upVr"},"_chains":{"BT09AchFmH+Xu2B1kr/XkpPBHT+Bj8BCIXE9GB+2evBW":{"chainKey":{"counter":4,"key":"Q9hBYUOvWDhLIAZuRrEujVqN2LuRXDVNwHR71W7yxgA="},"chainType":2,"messageKeys":{"0":"k1zJucNg29USW3l1pqGkychRTVXWTpkcqNL5HAYguU0=","1":"BhzZ4FNTdV8wZzIhy51plzYYtHqy2uD15J3OmEVBW8s=","2":"kCj8Z+dqksXkMYnOccmhjAhCOdR2y4EM21UcFW3eU4I="}},"BRojHT2tGIb1zJy9QbBSofRtLwO5yi8pTaT2ubAo0E1P":{"chainKey":{"counter":-1,"key":"pbpxc5KzYBAgJ/TexJJw8ldFuYzwtjrIP9lOBgi8zKI="},"chainType":1,"messageKeys":{}}}}},"version":"v1"}