{"_sessions":{"BSBHQALauCxY020PDzMyqV638iVIQpB5cx7OHNrHGbNb":{"registrationId":959081678,"currentRatchet":{"ephemeralKeyPair":{"pubKey":"BU1W5P4fZvTpyWgbL1HqFmXQXTgy3BgzapNmB3//sAt4","privKey":"yHSYra6ZwencjunCWsJZ4+EaNhDsk+gKU3zqgKmwzE4="},"lastRemoteEphemeralKey":"BWC1YXWxuk30DbH7rNpSrs7ZeZVxiYyUOqcE/qRYbTQp","previousCounter":0,"rootKey":"f6WGTjDoztJdRHt05qZVTUp0iAZyJKqMywN9ueJnQ6Q="},"indexInfo":{"baseKey":"BSBHQALauCxY020PDzMyqV638iVIQpB5cx7OHNrHGbNb","baseKeyType":2,"closed":-1,"used":1730617844659,"created":1730617844659,"remoteIdentityKey":"BcYQhfYOP6O+3iZap3aKY1pQAKOzOkuNM7hcma8irvY/"},"_chains":{"BWC1YXWxuk30DbH7rNpSrs7ZeZVxiYyUOqcE/qRYbTQp":{"chainKey":{"counter":0,"key":"U+Bm99rIki+o5jaO25S4dwTlJjn6AsL4bBvs7p5uJF0="},"chainType":2,"messageKeys":{}},"BU1W5P4fZvTpyWgbL1HqFmXQXTgy3BgzapNmB3//sAt4":{"chainKey":{"counter":0,"key":"1TI1qRbeJD0Tlv99HXJrZagaxTJ9oR1m5WyiWvWPOw0="},"chainType":1,"messageKeys":{}}}}},"version":"v1"}