{"_sessions":{"BSMWQlqnNmAlEOmzcJj08jOitUDPHx5JYQCbrHzrhosc":{"registrationId":779182260,"currentRatchet":{"ephemeralKeyPair":{"pubKey":"BfdR5IMLEze+5I2PBNBaWPdJkzpD/xd2uIh7JSixhJ4b","privKey":"KKiu3hmsa7Ry1EXOIIpRm62wm2uq8lNZNKZLfYv/JXE="},"lastRemoteEphemeralKey":"BeqgUiaU4ehgnzMiod4Y9puTnlDvCDBxuktuv0O1+o18","previousCounter":0,"rootKey":"24+0o3H8+9nUC0GGptVrOk11VtPqCrT4wV4hOfVxBy4="},"indexInfo":{"baseKey":"BSMWQlqnNmAlEOmzcJj08jOitUDPHx5JYQCbrHzrhosc","baseKeyType":1,"closed":-1,"used":1730617939747,"created":1730617939747,"remoteIdentityKey":"BWjk7sj2OzCmrdAKAyApIdvv6S/zhZTZDNCLSRq+4mhz"},"_chains":{"BfdR5IMLEze+5I2PBNBaWPdJkzpD/xd2uIh7JSixhJ4b":{"chainKey":{"counter":0,"key":"CszKumxwuHJYT8nrdz73NM+pXPaWMjAaBjtsxLJDgTA="},"chainType":1,"messageKeys":{}}},"pendingPreKey":{"signedKeyId":1,"baseKey":"BSMWQlqnNmAlEOmzcJj08jOitUDPHx5JYQCbrHzrhosc","preKeyId":826}}},"version":"v1"}