{"_sessions":{"Ba+3KUStKlRbCJM61EOsHCIfCHdzPl+cOP11kVjDHjtt":{"registrationId":920818993,"currentRatchet":{"ephemeralKeyPair":{"pubKey":"Bej2gnj3e1J5P0IQ+JWFsrUYX+shD0QxvbTBsR2G8dQv","privKey":"CMAhXLcojRf5RoUNN2crZ0fC18+CI55KuA8ccyKWEGM="},"lastRemoteEphemeralKey":"BY2DPYHuSz0DEQCT6KV0RtM1v8jRJct5K2GJi7YGvXg/","previousCounter":0,"rootKey":"jpOnOFB65gMuKJmCk01/ATyqN+yeBRRMmo2PaS0s790="},"indexInfo":{"baseKey":"Ba+3KUStKlRbCJM61EOsHCIfCHdzPl+cOP11kVjDHjtt","baseKeyType":2,"closed":1730523232332,"used":1730512119796,"created":1730512119796,"remoteIdentityKey":"Bf6jshyCqfMS1wVpIJ/RVDiGDRESL7AGOy6SoqWGPFUK"},"_chains":{"BY2DPYHuSz0DEQCT6KV0RtM1v8jRJct5K2GJi7YGvXg/":{"chainKey":{"counter":0,"key":"D3FYF8cMALQxtfodIPNt1CvMbbj9oFRra1hwFpOVuxg="},"chainType":2,"messageKeys":{}},"Bej2gnj3e1J5P0IQ+JWFsrUYX+shD0QxvbTBsR2G8dQv":{"chainKey":{"counter":-1,"key":"BbRswSW0A1PDa6TmugEAl+TaBMvsgR9pidgox9OWc4Q="},"chainType":1,"messageKeys":{}}}},"BW66WXuM11GT9IgDgec23lTHmskoGbOnM9Yv5fBNDcJQ":{"registrationId":1855237536,"currentRatchet":{"ephemeralKeyPair":{"pubKey":"BQBUUJdHnLkTtkask1j2RJp2WQW1ejvIj3PVAVBFBoMQ","privKey":"6BlodMWPURe7gurYVmscAoAEswJP854idxDQXQ9+k14="},"lastRemoteEphemeralKey":"BdcGkiXjZccdEI/LRkIsaFQOwO0P+BqBzK+a7EKaTBsk","previousCounter":0,"rootKey":"xYM9wlW7ZXEgS/W/Z2WzLnEd42eEQFdgPwvg0EHjP6E="},"indexInfo":{"baseKey":"BW66WXuM11GT9IgDgec23lTHmskoGbOnM9Yv5fBNDcJQ","baseKeyType":2,"closed":-1,"used":1730523232336,"created":1730523232336,"remoteIdentityKey":"BSdOXxMx3CgKJ28DtT5t5DPfGuF5amvPc5WkYV40dtg4"},"_chains":{"BdcGkiXjZccdEI/LRkIsaFQOwO0P+BqBzK+a7EKaTBsk":{"chainKey":{"counter":0,"key":"+yzGkE++1tHlrRG3Fs4V0ruXoaAvVgZ1o530YUR0+wE="},"chainType":2,"messageKeys":{}},"BQBUUJdHnLkTtkask1j2RJp2WQW1ejvIj3PVAVBFBoMQ":{"chainKey":{"counter":-1,"key":"nwOIakZYs/EU3T/HYKKoctNdLBTCv+s8aYwACSOQU2s="},"chainType":1,"messageKeys":{}}}}},"version":"v1"}