{"_sessions":{"BQQKv7eLkwOR1JUUlgfWCqzLb1WhiYyg2Qzo1VHQ2/Nm":{"registrationId":1358617675,"currentRatchet":{"ephemeralKeyPair":{"pubKey":"BdHjsWnwtZJME4H4G228/Frr+3M0aA5KRlSv0jzMrCtQ","privKey":"0K+auZdKVosE3rpme1bMTKOUsAQ21Bmo8SOxwyuo3Fg="},"lastRemoteEphemeralKey":"BcdKXOSuChpBxj3n2yw1fv5P2ZOl31dl+d8nzyBbKi1V","previousCounter":0,"rootKey":"9wwQNEd/Wu8G2Txx4rPq/Snskgc0AmjKq0CyoUo2elY="},"indexInfo":{"baseKey":"BQQKv7eLkwOR1JUUlgfWCqzLb1WhiYyg2Qzo1VHQ2/Nm","baseKeyType":1,"closed":-1,"used":1730617939811,"created":1730617939811,"remoteIdentityKey":"BT3PnBQdGcgpIRITr5q6HPeVqZBR86yyBzOIreC5jxQY"},"_chains":{"BdHjsWnwtZJME4H4G228/Frr+3M0aA5KRlSv0jzMrCtQ":{"chainKey":{"counter":0,"key":"1izIjq5RA8gpFaP0JbS+Zr5gOyd5/GAyc4wZROhItFA="},"chainType":1,"messageKeys":{}}},"pendingPreKey":{"signedKeyId":5,"baseKey":"BQQKv7eLkwOR1JUUlgfWCqzLb1WhiYyg2Qzo1VHQ2/Nm","preKeyId":8751731}}},"version":"v1"}