{"_sessions":{"BVzL4CZG7dqre+lPaZKrfdBUWhv8Bf3xtclnF5lRDLQm":{"registrationId":1891980911,"currentRatchet":{"ephemeralKeyPair":{"pubKey":"BYMYgBFCoHAs93P9hSKAhhLm0+Wwl1FkOjXJkUfuAklc","privKey":"UCrpzgMSZCXPD4V64sqlDVbJVam+wb/oEVJD/D78ZF0="},"lastRemoteEphemeralKey":"BcJ6jdHCPqVdMyg+7uzZPPP6InBuYuuD55XmBdMbVc4O","previousCounter":0,"rootKey":"rFsPHfiNaoWXXS1ctStwhjaqhq1Gxh1Fq1U+5t8KdnI="},"indexInfo":{"baseKey":"BVzL4CZG7dqre+lPaZKrfdBUWhv8Bf3xtclnF5lRDLQm","baseKeyType":2,"closed":-1,"used":1730617853929,"created":1730617853929,"remoteIdentityKey":"BQPkNrOAiyLc6ZKUs5403gLTbQsOVuCH0dkxBqc2nkBS"},"_chains":{"BcJ6jdHCPqVdMyg+7uzZPPP6InBuYuuD55XmBdMbVc4O":{"chainKey":{"counter":0,"key":"uGZmsxXv7ey4svAS9VniSYEhaTbf2fQbFuSmy0LBmqs="},"chainType":2,"messageKeys":{}},"BYMYgBFCoHAs93P9hSKAhhLm0+Wwl1FkOjXJkUfuAklc":{"chainKey":{"counter":-1,"key":"x8jdGqXHvuokWlCPeImmqBxRuRGeztXLKs35j6wSUbo="},"chainType":1,"messageKeys":{}}}}},"version":"v1"}