{"_sessions":{"Bdilhnp5hJWPdhNqM2WPXTyzqcb/28ypaTH4yc8oPDIW":{"registrationId":2085058333,"currentRatchet":{"ephemeralKeyPair":{"pubKey":"BQXva/mGzSz2C3rEB9r3dYuIeHNC6U2UrZhBsiSjwcQo","privKey":"MI81+4n+ixhyB8LVlgrx35Prr1KijSoTlPW4mO0kVk8="},"lastRemoteEphemeralKey":"BZL6GAYxYICVbg6MBfWE8RwqSVgTx61fBtJDl5I+Kv4F","previousCounter":0,"rootKey":"zpOEvTvaWj0CaRZSZzuoNVDqoHVOmgfLPpMqYH6wSDs="},"indexInfo":{"baseKey":"Bdilhnp5hJWPdhNqM2WPXTyzqcb/28ypaTH4yc8oPDIW","baseKeyType":2,"closed":-1,"used":1730523231809,"created":1730523231809,"remoteIdentityKey":"BWHzfxm1A3fAxM20I3kInbyWO/cQ0/OT5q3o7o1y93kv"},"_chains":{"BZL6GAYxYICVbg6MBfWE8RwqSVgTx61fBtJDl5I+Kv4F":{"chainKey":{"counter":3,"key":"l/yw5m3Qw6dlj1M6wKUrD8WL9JowpsFGlb5qSsgs1B0="},"chainType":2,"messageKeys":{"0":"R6G0LXM+k7lJfKfM37v/w7fFHzIOvi5VxgTine8txsQ="}},"BQXva/mGzSz2C3rEB9r3dYuIeHNC6U2UrZhBsiSjwcQo":{"chainKey":{"counter":-1,"key":"QkwK2gdF1T/IVrFQKCNHfybTTqwA03RTqQx1NzDF0Z0="},"chainType":1,"messageKeys":{}}}}},"version":"v1"}