{"_sessions":{"BVqJnD0/XitcX4WYddI6F2tBauSiXwFvkXFnzdXBTOB3":{"registrationId":1701437379,"currentRatchet":{"ephemeralKeyPair":{"pubKey":"BfUARpPHLEwFUS4OQe0V74n7QMWnUoHz0gb7esmGpXhp","privKey":"6NcdqueABRqTFM7e/N5oFcp8GGlaxk+ebHcMLBTsjEw="},"lastRemoteEphemeralKey":"BcsJrNZtAdS+2NPwmS4qmNAzTVz4cfJeJDL4+/wDCjhq","previousCounter":0,"rootKey":"xuD9hjiqJBHiQ7b6xxL6iKIHcVpLD58AO7utyZGv8Tw="},"indexInfo":{"baseKey":"BVqJnD0/XitcX4WYddI6F2tBauSiXwFvkXFnzdXBTOB3","baseKeyType":1,"closed":-1,"used":1730617939830,"created":1730617939830,"remoteIdentityKey":"BcgTLtH0qSe4ahedW73t9ADg/paQ+qZS3NNPRC0Hyole"},"_chains":{"BfUARpPHLEwFUS4OQe0V74n7QMWnUoHz0gb7esmGpXhp":{"chainKey":{"counter":0,"key":"+dr6kvh74vcJ8UXxusQ9q3AUh6N/oDz1g7CdetM9Wos="},"chainType":1,"messageKeys":{}}},"pendingPreKey":{"signedKeyId":18,"baseKey":"BVqJnD0/XitcX4WYddI6F2tBauSiXwFvkXFnzdXBTOB3","preKeyId":15060054}}},"version":"v1"}