{"_sessions":{"BYMAV8PNVrfgNyeaaNgTeFwLcN6i1G3DZ5bTMf+ePC83":{"registrationId":1132416246,"currentRatchet":{"ephemeralKeyPair":{"pubKey":"BXbtCIlpanf2LMca6kg5PHk8UoUZcTyJMYQx6UNAHaVx","privKey":"4Ej/Cp3wPCtfWs/sKa1MV64BeOo6AC4W/TpDXAlza18="},"lastRemoteEphemeralKey":"BfMu2Pm7n2/ctqrZA3KHsenCndb7cxPyzNt21XbzkNsN","previousCounter":0,"rootKey":"S6sAFvel2cNP5ZwUn4656E4TCp+eVdwJANTqamQ4OVE="},"indexInfo":{"baseKey":"BYMAV8PNVrfgNyeaaNgTeFwLcN6i1G3DZ5bTMf+ePC83","baseKeyType":1,"closed":-1,"used":1730617939882,"created":1730617939882,"remoteIdentityKey":"BbjRJfwBb0+EKJ+KL8Rc6ohWtnFVr16jhA4V/vHylbod"},"_chains":{"BXbtCIlpanf2LMca6kg5PHk8UoUZcTyJMYQx6UNAHaVx":{"chainKey":{"counter":0,"key":"z8kqDpyvEOyXs9RAOzhIhMQ68KfkTkDTxJzHh+zYE6g="},"chainType":1,"messageKeys":{}}},"pendingPreKey":{"signedKeyId":6,"baseKey":"BYMAV8PNVrfgNyeaaNgTeFwLcN6i1G3DZ5bTMf+ePC83","preKeyId":4901850}}},"version":"v1"}