{"_sessions":{"Bb1Hj4vl5J0RH7UlPhQkDMHkEcqJw4LWVsPRIwt3wrQ7":{"registrationId":1350751255,"currentRatchet":{"ephemeralKeyPair":{"pubKey":"BVwUS1+AKkD8XLysxH7OnMOtf9AyZxOgSX/Rm3OmVt90","privKey":"2LQEO5/ijTM5CFB+7cNP/B+jZ/suu79q7WZfrQjaJnI="},"lastRemoteEphemeralKey":"BQLtSyD50HJqHqxtirMcCRhHxHhbQX2hLoSfe3L57u1u","previousCounter":0,"rootKey":"50IR9x6xfjUu/o4XiHeiEk0eEOlp5QyW7oWkbR5+pzo="},"indexInfo":{"baseKey":"Bb1Hj4vl5J0RH7UlPhQkDMHkEcqJw4LWVsPRIwt3wrQ7","baseKeyType":1,"closed":-1,"used":1730617939925,"created":1730617939925,"remoteIdentityKey":"BZCdLDj/2wgYdMQiLj+O17Ow7mNryEJcZWgsnMQyjsF3"},"_chains":{"BVwUS1+AKkD8XLysxH7OnMOtf9AyZxOgSX/Rm3OmVt90":{"chainKey":{"counter":0,"key":"b900Cae9nWKrIixs8m30TbLhGwMVVig8LW+g80aq3gw="},"chainType":1,"messageKeys":{}}},"pendingPreKey":{"signedKeyId":4,"baseKey":"Bb1Hj4vl5J0RH7UlPhQkDMHkEcqJw4LWVsPRIwt3wrQ7","preKeyId":10783466}}},"version":"v1"}