{"_sessions":{"BdJD7ZDGHzwDWdjW2xMsj4CAt5YCZhxPCLj4kBLCjs9O":{"registrationId":2056034561,"currentRatchet":{"ephemeralKeyPair":{"pubKey":"BSftP4TVajlDn0whVZFYF2XMKk3s9WVZ3iUNpGGMpyNB","privKey":"eFIwpP2dv/9Hjvvl9sfMNIqzY9K5EsFmVHa0BJuTrFc="},"lastRemoteEphemeralKey":"BXKL9KZzgubDbtuNUYIJBVpQ3zF3axkvp/EBmPxLh/oC","previousCounter":0,"rootKey":"6faByaeQeJAqRVf7r2EJrHLwgDMEHjnNS3bGCGRG59s="},"indexInfo":{"baseKey":"BdJD7ZDGHzwDWdjW2xMsj4CAt5YCZhxPCLj4kBLCjs9O","baseKeyType":1,"closed":-1,"used":1730617939779,"created":1730617939779,"remoteIdentityKey":"BQTGIADMFBBX9aVosDm1FMtvCgrSNHJIjmtvq3HMvGc1"},"_chains":{"BSftP4TVajlDn0whVZFYF2XMKk3s9WVZ3iUNpGGMpyNB":{"chainKey":{"counter":0,"key":"D+RxRpI360lhPAktkdYRSBlogq17iefPklX68swpNII="},"chainType":1,"messageKeys":{}}},"pendingPreKey":{"signedKeyId":21,"baseKey":"BdJD7ZDGHzwDWdjW2xMsj4CAt5YCZhxPCLj4kBLCjs9O","preKeyId":6871722}}},"version":"v1"}