{"_sessions":{"BQ5rFQ/12t3vV2jur1BNeUNiuRS1JNaTzhRyylIuE4VL":{"registrationId":140444201,"currentRatchet":{"ephemeralKeyPair":{"pubKey":"BeT5xOrOyDZveEFkxidri4Ey4b/FhU665eCZ1PNbbXZb","privKey":"wKEMpdvbJzMZkCDd9ue6JkHh+Pl1zYVzvULfZ3BTaV8="},"lastRemoteEphemeralKey":"Bbo0k4kHp35CUyxzySXMPF9FnNRdpVt+BjvNGm5KQLxC","previousCounter":0,"rootKey":"hp/W2edSP5tlXn+MvfDYZOEecUDwhvRTAWVXkqw51PA="},"indexInfo":{"baseKey":"BQ5rFQ/12t3vV2jur1BNeUNiuRS1JNaTzhRyylIuE4VL","baseKeyType":2,"closed":-1,"used":1730523239143,"created":1730523239143,"remoteIdentityKey":"Bd+JE6iqcvUly3JhEO+TtIEP4bPXpRqIIbN91zd1y8wN"},"_chains":{"Bbo0k4kHp35CUyxzySXMPF9FnNRdpVt+BjvNGm5KQLxC":{"chainKey":{"counter":1,"key":"RkO0ur+VIgriVevS64xqYDNKg1o8U0zb1wBIfgPhsKc="},"chainType":2,"messageKeys":{"0":"CpQpUkhJxEVguapn7tVdiyScpvJrv4JB/xOtIBREFPc="}},"BeT5xOrOyDZveEFkxidri4Ey4b/FhU665eCZ1PNbbXZb":{"chainKey":{"counter":-1,"key":"kjYUk+7cBceX8hdYf+fHi44GH/Z7g2PL59NiehrL3K8="},"chainType":1,"messageKeys":{}}}}},"version":"v1"}