{"_sessions":{"BXIeTtV5Zr8cDCZgVz1KjRe1XHR389Fetb70txttXH8w":{"registrationId":30178297,"currentRatchet":{"ephemeralKeyPair":{"pubKey":"BRU69l4J46TpydM278T/HonW5X1mlewjFLYlc5OD/whM","privKey":"EF1NGLC8TZn1L90tBxlIewemKyP/qRBr0zpPTc0h4ko="},"lastRemoteEphemeralKey":"Ba+iq9+spG2kQeg2PDDjOB5w5WRqAq+gKnqesRtJ5kQJ","previousCounter":0,"rootKey":"svGuD7b2HGmdP0PIidad6LxOJ6GNUocn6al8biy66kk="},"indexInfo":{"baseKey":"BXIeTtV5Zr8cDCZgVz1KjRe1XHR389Fetb70txttXH8w","baseKeyType":2,"closed":-1,"used":1730523257228,"created":1730523257228,"remoteIdentityKey":"Bb1L6FFdt4tiVRp5vEuS57otjJcV77E/oqJqssFDMDB1"},"_chains":{"Ba+iq9+spG2kQeg2PDDjOB5w5WRqAq+gKnqesRtJ5kQJ":{"chainKey":{"counter":2,"key":"N0cGYhXt2A80XCUiOhnmdNcSRtclRHGCmO6H3DWpi38="},"chainType":2,"messageKeys":{"0":"Vds3WdvYhPS588geTWdHmp2FdLwqEM/qe3mX1Gq9cm4="}},"BRU69l4J46TpydM278T/HonW5X1mlewjFLYlc5OD/whM":{"chainKey":{"counter":-1,"key":"juet5RHG/3gQSs3K+DjBe1y6cg7L86EaW/gwnnCGfMk="},"chainType":1,"messageKeys":{}}}}},"version":"v1"}