{"_sessions":{"BSRBuIZRWzbTbtPAiBql370WTz5F0POzzqDy6FXLV/ht":{"registrationId":52,"currentRatchet":{"ephemeralKeyPair":{"pubKey":"Bbs5WoK9x2oZzWAtvWKyPmv9ZLjZkOOcWUhk8FTWa8Ac","privKey":"gC/PW2nCDe1YlhFcn8AyVahlhHooIt3CWNFBBNUx/Gg="},"lastRemoteEphemeralKey":"BcFCt/CpY4M4r0EnFL+UKeoTMAPUM2adcW4B9vsl7ckh","previousCounter":2,"rootKey":"MGYmJaAOrBmo4ZeH3SwzEptgUzn9mUuHBMsN9JAJo1w="},"indexInfo":{"baseKey":"BSRBuIZRWzbTbtPAiBql370WTz5F0POzzqDy6FXLV/ht","baseKeyType":2,"closed":-1,"used":1730617932074,"created":1730617911281,"remoteIdentityKey":"BddoZepDZOykNeVGYN8O0eMmZV6LdsKq5zZ6HJ4dMjtG"},"_chains":{"BXDQs+JSTY53liz6EXW3LX0EsPNP0E185s5YbcN3oHoN":{"chainKey":{"counter":21},"chainType":2,"messageKeys":{"0":"zVhGX2OX27u2nUnOSyUqdEeEfWjNqDCRuyqRffFLOIw=","1":"fJvUv1ZgZCfKcEaSOq9OQXm1Pg5dey8F7Lnv93b/6zk=","2":"c89APlL84Qk2xRwYYH+Pgr2eZQ2midB5ldyK9jZF69Q=","3":"0oiR2FUHusfaWXAk0Tn9Mv46mpiHLLKgR0ZyMPVd7iA=","4":"DELccDfMOpP1+J2i7jiZJVc48CCTg4eS1C2EC+oR6as=","5":"beAv3Xbxiv9jYpvH4josqEk/FoGJyc4SoUjV0eI+Lks=","6":"r+8X/54fSTSQzGmhAJeYeFKsaXZP7MA77Asqu3dcaQ8=","7":"NdJ07cAE037Q9TbVU6jdP1rDJsqBjHlEp8PzDp5s59s=","8":"Z6uta2yewHD5WS9RhB4M6kQY2qc6z6z0Bnay1j6kzgc=","9":"EnsdtVMapIZLPRZwqLNML59/XjBCNoDMHOKOENIMVIM=","10":"bpRrZ6etW5d78IhZ5cWChdcYsxCUFrDUsqzQWTJ3rGs=","11":"y8NQdOknQMFctxyLvMjf7JJBl0hrqPJ0ERGsYdUixE8=","12":"nTXFYXVEw+8l48rlfjkGLoVV/mvBwTwg+KqUIgKldW8=","13":"WSOkofN5mYgcIJDlMFyLBoehTpw42Hjub6sn63x/k2k=","14":"oqdqMT7cDtH6MNh5w2RwwfWwZVvaBVKE8O/xA31yFA4=","15":"4DYChRKgsAtdzN6fjmmWqM4DiOO18M1UkDOe7zXZZ/4=","16":"4r51rFmI9oHCfNRWAGfCVOMOHU6UTbDjpuuNgIBAmv8=","17":"utQ7Qn+f3kW4aXPLdowkDfNJ/xMomjuHsgC9hN706SU=","18":"Ppp3OUZj6Kw+y7oY3ltpUYgJnqeZQB33/Ke3SzosxxY="}},"BcFCt/CpY4M4r0EnFL+UKeoTMAPUM2adcW4B9vsl7ckh":{"chainKey":{"counter":1,"key":"y2liZJ1NKix8ZP5gT3RYrbELRNOti8y2F6SGDQJ/1dw="},"chainType":2,"messageKeys":{"0":"y2j4xpRZeAXH9/QQoC2rVouNIbInqfFkNnBMVP42Tdo="}},"Bbs5WoK9x2oZzWAtvWKyPmv9ZLjZkOOcWUhk8FTWa8Ac":{"chainKey":{"counter":2,"key":"Y7StjaDEgyOeHVWNnempObzuu5/J8JT/3MmqaO7iN50="},"chainType":1,"messageKeys":{}}}}},"version":"v1"}