{"_sessions":{"BVRNklCse5oy9zOX8kdxKdz10B0Gf1h7FM/shWaQ2KNf":{"registrationId":1361736521,"currentRatchet":{"ephemeralKeyPair":{"pubKey":"BfJiiI2/1dzXftfJTmvUteWd99gD+R4wlOJ7qNryTEBE","privKey":"WLzTRrx8bhyV9LE+1HC+zTtvokiRdRrFhG60DeeJ2E0="},"lastRemoteEphemeralKey":"BawhBK9//zrnzAb57utHrmnVzt/XE+cn6Srqk5l6UzRY","previousCounter":0,"rootKey":"ZvLnfIlMqJF+GoG5Ee7hZcegSIiZISZr7602MIRi9i4="},"indexInfo":{"baseKey":"BVRNklCse5oy9zOX8kdxKdz10B0Gf1h7FM/shWaQ2KNf","baseKeyType":2,"closed":-1,"used":1730617855333,"created":1730617855333,"remoteIdentityKey":"BZImvHbCLPT0KO1qEmMFlxjfskxKXnmlxOJU1H8t8oI9"},"_chains":{"BawhBK9//zrnzAb57utHrmnVzt/XE+cn6Srqk5l6UzRY":{"chainKey":{"counter":2,"key":"GmTofrTkB4gN76ABvJb4hsYJlZG5SeeeJRRJJXqcOSc="},"chainType":2,"messageKeys":{"0":"RyQporWGFw2eTYocjD/aR4vYiQ+SVJG3unMDrOvWOd4="}},"BfJiiI2/1dzXftfJTmvUteWd99gD+R4wlOJ7qNryTEBE":{"chainKey":{"counter":-1,"key":"DXw6DlHXn8BJhNzO7V59piB93qMglRABbOlcMWFhiII="},"chainType":1,"messageKeys":{}}}}},"version":"v1"}