{"_sessions":{"BZbTD7DZWY9J2nYRNrfA9tRt9ftHrpIhWXEO/V9s4eU4":{"registrationId":951007222,"currentRatchet":{"ephemeralKeyPair":{"pubKey":"BXCjRXfmeIV0AX00XvOUl8kPuwZP8g+1HVxml51hZxMs","privKey":"eIAanPNmbvpCfiN+xf3QwlahONFpSkwl+6piEypsLXc="},"lastRemoteEphemeralKey":"BVKfy8elrlQ/p7AtiyMYpuWXy5u9wUZ5GZiTYQbQxf1P","previousCounter":0,"rootKey":"CCGOsvBDOJvIREgWLPKV87yzubWtY7Vb6BtkfdkC+oc="},"indexInfo":{"baseKey":"BZbTD7DZWY9J2nYRNrfA9tRt9ftHrpIhWXEO/V9s4eU4","baseKeyType":2,"closed":-1,"used":1730524327990,"created":1730524327990,"remoteIdentityKey":"BQJ4AI3BkAo/u6v6vCo9VVaDZAIXtlnJWXNSa3Q3UEM2"},"_chains":{"BVKfy8elrlQ/p7AtiyMYpuWXy5u9wUZ5GZiTYQbQxf1P":{"chainKey":{"counter":0,"key":"s3JO/bFNWf6rRUmBTF4D1vZArZxArgV9wuEPFIUmejQ="},"chainType":2,"messageKeys":{}},"BXCjRXfmeIV0AX00XvOUl8kPuwZP8g+1HVxml51hZxMs":{"chainKey":{"counter":-1,"key":"GJjOru977992jQhc+iiQykEtE57c/QPS2/XvyRBR0d8="},"chainType":1,"messageKeys":{}}}}},"version":"v1"}