{"_sessions":{"BXCRdxt9qveDubOHYRQzOHQ1v54gC14YYNvpXUHH3OxU":{"registrationId":1386592376,"currentRatchet":{"ephemeralKeyPair":{"pubKey":"BY+SJo20uMWJsZcXotIQZZs09SXU56uliTIf1+9piqgs","privKey":"0GBDMGPBuMx/FD0w9whTlRuLRsMp9LAtrcVFmMqolFc="},"lastRemoteEphemeralKey":"BbuGIibgSGdPcpmy0qufJq2c6T6ZhHBVJmEhAcmjCnEm","previousCounter":0,"rootKey":"LoJuV0114YjBqPKMU6hJGKK+z5jm+r22nTYyVXnR+Sc="},"indexInfo":{"baseKey":"BXCRdxt9qveDubOHYRQzOHQ1v54gC14YYNvpXUHH3OxU","baseKeyType":1,"closed":-1,"used":1730617939854,"created":1730617939854,"remoteIdentityKey":"Bb2zfcWOOs8h8UFbtK9zZqxg10v9u3MM5fVrJBml0KY9"},"_chains":{"BY+SJo20uMWJsZcXotIQZZs09SXU56uliTIf1+9piqgs":{"chainKey":{"counter":0,"key":"xd2yYJnUUp9fcVMZBkpZxZmYCDXONvESNgJjVGMnlXI="},"chainType":1,"messageKeys":{}}},"pendingPreKey":{"signedKeyId":15,"baseKey":"BXCRdxt9qveDubOHYRQzOHQ1v54gC14YYNvpXUHH3OxU","preKeyId":8030680}}},"version":"v1"}