{"_sessions":{"BTq73JQ8RC8Dt++U6fJMni42mJGD+oVU4LKpJbhAHXo3":{"registrationId":104199312,"currentRatchet":{"ephemeralKeyPair":{"pubKey":"Bb2g1LaX1/jRRcH96T6gbc3uiNJaRir5mYPyqJM96Qxv","privKey":"MLrosM8bCfaGGPkNlKX7ME+Fln5a8MKEPfaCw0V/F0g="},"lastRemoteEphemeralKey":"Be8VRlD1C81/TmmrRNEASA/u2FhXdgkfJK/q06Li6wg2","previousCounter":0,"rootKey":"1U5xDfQcPRrhPKWqExPKiP7KkNr7Lelb3lm+i30+kFY="},"indexInfo":{"baseKey":"BTq73JQ8RC8Dt++U6fJMni42mJGD+oVU4LKpJbhAHXo3","baseKeyType":2,"closed":-1,"used":1730523235998,"created":1730523235998,"remoteIdentityKey":"Bca+nNAghaPyjf4dQwvurddQFZYsTRFJlW2QRMbeRhcg"},"_chains":{"Be8VRlD1C81/TmmrRNEASA/u2FhXdgkfJK/q06Li6wg2":{"chainKey":{"counter":0,"key":"HqksABvuMU9VMvGAwzzt4StdPYtYpQU9Lw8uJxPo+Gw="},"chainType":2,"messageKeys":{}},"Bb2g1LaX1/jRRcH96T6gbc3uiNJaRir5mYPyqJM96Qxv":{"chainKey":{"counter":-1,"key":"6rtxcCtEfObArbCgh4+JwaWGzaxVqvvX6hMRJXDKpDs="},"chainType":1,"messageKeys":{}}}}},"version":"v1"}