{"_sessions":{"BV4KKay35hDmMj6xaFgndMtxgFduwLiAzBNp3dBfpAl6":{"registrationId":953438344,"currentRatchet":{"ephemeralKeyPair":{"pubKey":"BSRB+ZyFih8H1SBHnhxS41mMp7jL3yy0cHLeqhSaQ3l/","privKey":"+OikACk/jXe93ekHIojStYykT21CLax5Ksrw5oyuYVg="},"lastRemoteEphemeralKey":"Ba1NZtHmtWsTbm/GRKl9IKmQZS7U96UdbTwvEHYGv3AJ","previousCounter":0,"rootKey":"8H5Ul87kImcrFuryy3B1fNyfyd9h3qQzUVWWEtznr/k="},"indexInfo":{"baseKey":"BV4KKay35hDmMj6xaFgndMtxgFduwLiAzBNp3dBfpAl6","baseKeyType":1,"closed":-1,"used":1730617939966,"created":1730617939966,"remoteIdentityKey":"Bd5xmC/bQAIrcesPEdtjjBs8aS5/AJJgiEbzYZap5ToF"},"_chains":{"BSRB+ZyFih8H1SBHnhxS41mMp7jL3yy0cHLeqhSaQ3l/":{"chainKey":{"counter":0,"key":"ApXZDC6gyrDm/ICa0R/wizbQZvCGqWTwf29+k23QC/4="},"chainType":1,"messageKeys":{}}},"pendingPreKey":{"signedKeyId":4,"baseKey":"BV4KKay35hDmMj6xaFgndMtxgFduwLiAzBNp3dBfpAl6"}}},"version":"v1"}