{"_sessions":{"BWl554W/UbdOsT8jgTKLAT1T93F2cI5SN9IwqOQKNPxc":{"registrationId":891617812,"currentRatchet":{"ephemeralKeyPair":{"pubKey":"BT0B6mbUIQaYQgVyblb0icTAZ7BmLuwUVzbDnGgl1Ok/","privKey":"0JkFkU6nWgCQp7pXzBvjCziLVF++zFOm5yg1HeP7UGo="},"lastRemoteEphemeralKey":"BVTNTAZ0gKJLO1+IbUJShYCXDQCkZb6JjTa5uyGZMWlE","previousCounter":0,"rootKey":"6iDVvF8RMxnc+wWl0hJYcjsOG/hmRjXXUKiRZsAWGUs="},"indexInfo":{"baseKey":"BWl554W/UbdOsT8jgTKLAT1T93F2cI5SN9IwqOQKNPxc","baseKeyType":2,"closed":-1,"used":1730523240262,"created":1730523240262,"remoteIdentityKey":"BbqTAhkMSWZVc5iPkR8tLHIg0AcNH982qL7gavJkJIx4"},"_chains":{"BVTNTAZ0gKJLO1+IbUJShYCXDQCkZb6JjTa5uyGZMWlE":{"chainKey":{"counter":0,"key":"jI5e4/KDAMku9oaRLaBYQyLU5HZtFEe/HmOP97JyIP4="},"chainType":2,"messageKeys":{}},"BT0B6mbUIQaYQgVyblb0icTAZ7BmLuwUVzbDnGgl1Ok/":{"chainKey":{"counter":0,"key":"WhgqPBe98jxw8xNFHs2SOBLbfEvZrQ4+oG8jWlGnl3Q="},"chainType":1,"messageKeys":{}}}}},"version":"v1"}