{"_sessions":{"BQfjdrcqrmLh1dlEGEeDXC8iyqlODKX7xe5RrHL3lLA6":{"registrationId":522445759,"currentRatchet":{"ephemeralKeyPair":{"pubKey":"BeENqn5R3bI+ii+eGjiV+mdon/8EyRbRpN+ac5D375V1","privKey":"mDb0FtPe8BIIP7JCBPvjrv4vcYn7tl5lo561SFlHLEQ="},"lastRemoteEphemeralKey":"BdmvCP2LDT8qHr5Usw33chFbD0is2bb3zBpORn0gxCwm","previousCounter":0,"rootKey":"CfnRth+ZXGLgQZqK5boL8tL3uDHwCT6oa42AcRA3w/M="},"indexInfo":{"baseKey":"BQfjdrcqrmLh1dlEGEeDXC8iyqlODKX7xe5RrHL3lLA6","baseKeyType":2,"closed":-1,"used":1730523250609,"created":1730523250609,"remoteIdentityKey":"BdOXz0eWkr8c3QaavugmhXl1BSn7qdLJFU6dXluMKygd"},"_chains":{"BdmvCP2LDT8qHr5Usw33chFbD0is2bb3zBpORn0gxCwm":{"chainKey":{"counter":7,"key":"uBtWuwA7eAPzRFag60926P8dagjNdrnfgn2cSg3grXk="},"chainType":2,"messageKeys":{"0":"12CJBh8lUjUfIaojB3c4Hwze2D9VUMGJ3BQHNGn0qRA=","1":"19AizocWzYcIp3I2FbaNSF6cubKoSflIS/l8C9sDPEE=","2":"lkakA8GWQQXqP4JwZ/8ttT81SYUKIcwwD8S4ELSTmmw="}},"BeENqn5R3bI+ii+eGjiV+mdon/8EyRbRpN+ac5D375V1":{"chainKey":{"counter":-1,"key":"KWmheK5pmA9VEb546nY6BzML3kKzAuCa+wybKyEic90="},"chainType":1,"messageKeys":{}}}}},"version":"v1"}