{"_sessions":{"BXCTMWmhIpl3/84eadjaR5TqLMitV1n1iNnfmhd0ILla":{"registrationId":1568188930,"currentRatchet":{"ephemeralKeyPair":{"pubKey":"BUM0219NnFcf6mRxwo1QY7PTeEqB/bdymlTxCcJccNt2","privKey":"gGyLjHWiNEXI3ZAuDK59mj4uKy3hMsLPkstD6OOVwHE="},"lastRemoteEphemeralKey":"BU8j8voY+2tAVLGItWH5rI+CfP7xDUv3F6YJik4w9HBq","previousCounter":0,"rootKey":"he4rrdVtDcIbQh8/ZSh/59BUz+nWLt7HYCSl0N6gh08="},"indexInfo":{"baseKey":"BXCTMWmhIpl3/84eadjaR5TqLMitV1n1iNnfmhd0ILla","baseKeyType":2,"closed":-1,"used":1730524326388,"created":1730524326388,"remoteIdentityKey":"BeXiG57EzVZmI8H22tIe3y+01Wq0VNkBxoX6s/olLTJ4"},"_chains":{"BU8j8voY+2tAVLGItWH5rI+CfP7xDUv3F6YJik4w9HBq":{"chainKey":{"counter":6,"key":"YFs4Urhc4Ad0ixqq7Txk+iMzditf5oDr2HBVcusLAy4="},"chainType":2,"messageKeys":{}},"BUM0219NnFcf6mRxwo1QY7PTeEqB/bdymlTxCcJccNt2":{"chainKey":{"counter":-1,"key":"qEvK/3xBr24pEX/FH8eyPSeeKjXfLdiro7o8isqCPl4="},"chainType":1,"messageKeys":{}}}}},"version":"v1"}