{"_sessions":{"BZ6pEwYeNKUeelJW929S6IyDIHtj5jpiwhB9yFIKNRU6":{"registrationId":1324226124,"currentRatchet":{"ephemeralKeyPair":{"pubKey":"BXG/bkGsM77fKWU0k6yPanTBn8ItAHJyxM8v+QvlFyBS","privKey":"sF/m6M0dQ4hmB/Z0c0PHl7eA2u1EffNaBKa/0KKqtGE="},"lastRemoteEphemeralKey":"BTyGuLPBydyAV/UgmRsHQ3+B5yfGzPgYlgBlylOia1Ji","previousCounter":0,"rootKey":"HEq5VCJtssFvUdSdwoSBVBI6Q3rg+26SMrNSSqC3qJE="},"indexInfo":{"baseKey":"BZ6pEwYeNKUeelJW929S6IyDIHtj5jpiwhB9yFIKNRU6","baseKeyType":1,"closed":-1,"used":1730617939774,"created":1730617939774,"remoteIdentityKey":"BQhUU/Isxr/4pw+xXW+IJ6vSD6GPibkbvQpf7JzI8XJN"},"_chains":{"BXG/bkGsM77fKWU0k6yPanTBn8ItAHJyxM8v+QvlFyBS":{"chainKey":{"counter":0,"key":"7VHqWNoMHx8tr3lsvR7kaTS4M7Di+LMWR4X9iAGiYb4="},"chainType":1,"messageKeys":{}}},"pendingPreKey":{"signedKeyId":1,"baseKey":"BZ6pEwYeNKUeelJW929S6IyDIHtj5jpiwhB9yFIKNRU6","preKeyId":6186309}}},"version":"v1"}