{"_sessions":{"BUAhtGBklA00IU88F1Lxd7NqytFLGJuZTB+ZoT6RaC85":{"registrationId":1703574870,"currentRatchet":{"ephemeralKeyPair":{"pubKey":"BXiQGffVeB8Vio0V+YzEbOD1duvo0if5yD9/iAsouFMC","privKey":"cM0PYZMGvGfkce6QJSeTuuddV7dcpnbUhENvbtj4eGM="},"lastRemoteEphemeralKey":"BZQoieuI9mju1LwBMpcZ3Dxe/MevCovvi8DqSHSAQX4z","previousCounter":0,"rootKey":"snJHqER+aAIVokSN2GPOCa9rl5Ov/YB3+vkhJMVejXY="},"indexInfo":{"baseKey":"BUAhtGBklA00IU88F1Lxd7NqytFLGJuZTB+ZoT6RaC85","baseKeyType":1,"closed":-1,"used":1730617939953,"created":1730617939953,"remoteIdentityKey":"Be8HivDDiPiRTKH0vVRxwaBEa4mBF9lUWscg+uqbfuEV"},"_chains":{"BXiQGffVeB8Vio0V+YzEbOD1duvo0if5yD9/iAsouFMC":{"chainKey":{"counter":0,"key":"/mvm3BmUPcDPBA8mguhhoBy4PqudepUtYJVl2o+Nigw="},"chainType":1,"messageKeys":{}}},"pendingPreKey":{"signedKeyId":3,"baseKey":"BUAhtGBklA00IU88F1Lxd7NqytFLGJuZTB+ZoT6RaC85","preKeyId":14168586}}},"version":"v1"}