{"_sessions":{"BS6Y7titw25Ug7UjTtDPS7/RfJkS+mW1Q8jM2ci8pdhk":{"registrationId":496267545,"currentRatchet":{"ephemeralKeyPair":{"pubKey":"BXI7PbMrwF7P6M3D7aeCA+bGyiGHOjMMMykoAutxk2lE","privKey":"MNRDCCddIX4Jwgogr/Sbqxj7gn0IHJkp5YfPMwpWOVc="},"lastRemoteEphemeralKey":"BdPsXwCGkx7QyM0PiMG7smD423CFYt51rFfKOTQ6Vjkp","previousCounter":0,"rootKey":"k+fizckxsEZDSZ8TyK+Y/fWG9FxwqcVtW4TN9otu/aw="},"indexInfo":{"baseKey":"BS6Y7titw25Ug7UjTtDPS7/RfJkS+mW1Q8jM2ci8pdhk","baseKeyType":1,"closed":-1,"used":1730617939877,"created":1730617939877,"remoteIdentityKey":"BToQDHQjLx355aJ9Zg3BfqCAsRlmrRoozkD+mfWxxsN8"},"_chains":{"BXI7PbMrwF7P6M3D7aeCA+bGyiGHOjMMMykoAutxk2lE":{"chainKey":{"counter":0,"key":"cDrYJpWkZ2AJgYzmuthOF4Jq7msTuNeStJKltKMO7V4="},"chainType":1,"messageKeys":{}}},"pendingPreKey":{"signedKeyId":3,"baseKey":"BS6Y7titw25Ug7UjTtDPS7/RfJkS+mW1Q8jM2ci8pdhk"}}},"version":"v1"}