{"_sessions":{"BclNxU+XL36cI4NzH3+os1fJ8fUVSGksfOBNl723HBp/":{"registrationId":500909031,"currentRatchet":{"ephemeralKeyPair":{"pubKey":"BdBkP5T24cttXnRH4ZuCNaQe7BGZpVsz+lRBPLYdqDRC","privKey":"GHCkLwy/vwc9j/Oidq05qtxD4TMx9UbOE0NtHeDeIU4="},"lastRemoteEphemeralKey":"BSIBxNZx+AR/0MQmI4i2e1updwHJuWByGCw5fZeQ0Rlu","previousCounter":0,"rootKey":"n4HX/lohqBtA+8cHXx65g5rxl9I4Ids9YRkKUzbPeho="},"indexInfo":{"baseKey":"BclNxU+XL36cI4NzH3+os1fJ8fUVSGksfOBNl723HBp/","baseKeyType":1,"closed":-1,"used":1730617939816,"created":1730617939816,"remoteIdentityKey":"BeavlzpP5OEqMiJTqPKHX7cjQ9NrPI5PJzOwpnO6SK08"},"_chains":{"BdBkP5T24cttXnRH4ZuCNaQe7BGZpVsz+lRBPLYdqDRC":{"chainKey":{"counter":0,"key":"yehXg8j5fvE9R1dzlpLKl0D57TleT12SBVhRHjWDcbY="},"chainType":1,"messageKeys":{}}},"pendingPreKey":{"signedKeyId":14,"baseKey":"BclNxU+XL36cI4NzH3+os1fJ8fUVSGksfOBNl723HBp/","preKeyId":2119930}}},"version":"v1"}