{"_sessions":{"BUGx5a3HcLBFAjxdS70Q0vTHbsgCG5M7rc6Y4llObKsc":{"registrationId":1457497402,"currentRatchet":{"ephemeralKeyPair":{"pubKey":"BThw4flBF74V7iznz5EO2cULACalIUWptG3v+q0QkvNE","privKey":"oJU6Qe44Wy4C+3pS2Dg1JrDk+GMsIYke4VXWKM3jp1E="},"lastRemoteEphemeralKey":"Beayx3pAk1rW3HuamVOQMZ6EXkd4YeGidP/9Swzwanxu","previousCounter":0,"rootKey":"W5rKNBhBcFKs3mDAnahgBb1b7cqtC5CI/wOKXAIXue4="},"indexInfo":{"baseKey":"BUGx5a3HcLBFAjxdS70Q0vTHbsgCG5M7rc6Y4llObKsc","baseKeyType":2,"closed":-1,"used":1730617852463,"created":1730617852463,"remoteIdentityKey":"BeiNH3kiQgA1SWrCnuNr3IBq8v1TvcFUVO5zl/Cb1ppJ"},"_chains":{"Beayx3pAk1rW3HuamVOQMZ6EXkd4YeGidP/9Swzwanxu":{"chainKey":{"counter":12,"key":"Ipdgi0jOYHcXO8yKpo3mKtSTsyYpNRUXugyGqcgS0eY="},"chainType":2,"messageKeys":{"0":"Dcqv4RA6kNzdDUhXH5jFnO41Rb06oH+RklMF9rSmpgs=","1":"Ga7DZ0E6kpOXycrV1toE7VNbkIZXBPt9rP5sNHw36fk=","2":"BD7SHnJM0wvwnHW3qJuT9QUfc+TR7q5hBm4WK8LNhRA=","11":"RN3cLpiYmj5Lzrm93NZqlvrnQn7Eb+TRo2nac3bNwM0="}},"BThw4flBF74V7iznz5EO2cULACalIUWptG3v+q0QkvNE":{"chainKey":{"counter":-1,"key":"B6H5qTzKspgSqpiO6DlE2imF00fplejL6V3sSwsIapE="},"chainType":1,"messageKeys":{}}}}},"version":"v1"}