{"_sessions":{"BQGuVp45uwkSBifGKNemDPsaCxRVYtq2J/LwFrl3MG0H":{"registrationId":710098868,"currentRatchet":{"ephemeralKeyPair":{"pubKey":"BfaGy6hbTGAwEqZdaq36XV6cxiwFf6qjF9yiShiuOIpn","privKey":"2BAewZAKNU73+eeVPjbTUBCoLYbVSyLktPCfU4Somn4="},"lastRemoteEphemeralKey":"BX39fdKTiVc97Y8FxEVpUNHW38ZRKJkXs9dDXEYPyKBZ","previousCounter":0,"rootKey":"b+E0jedj0NlymovMncYjTiOAfIueggkq7z4ceyc9M5k="},"indexInfo":{"baseKey":"BQGuVp45uwkSBifGKNemDPsaCxRVYtq2J/LwFrl3MG0H","baseKeyType":1,"closed":-1,"used":1730617939835,"created":1730617939835,"remoteIdentityKey":"BWLLHEq6tp9n53VeT7q3TqbaBwSkJsMtsG+0fL+At/cZ"},"_chains":{"BfaGy6hbTGAwEqZdaq36XV6cxiwFf6qjF9yiShiuOIpn":{"chainKey":{"counter":0,"key":"MiYg7qRLu4h/GQzH8/O1IFISJY1U3SjgJHXj/+j61Ew="},"chainType":1,"messageKeys":{}}},"pendingPreKey":{"signedKeyId":6,"baseKey":"BQGuVp45uwkSBifGKNemDPsaCxRVYtq2J/LwFrl3MG0H","preKeyId":1064811}}},"version":"v1"}