{"_sessions":{"BfMMYJt4wf1q/FEkWSs/pWk6izeQ/SSqPuHk8foR57EZ":{"registrationId":547586859,"currentRatchet":{"ephemeralKeyPair":{"pubKey":"Bf4bfF2jwa7nlz7stnaDmkr4jIUOn5XdE8H9+NQ1qGlB","privKey":"gI199vqhLNyG3gQjdli28lteQN6xaZ64VVMoIOrFQ2s="},"lastRemoteEphemeralKey":"BfTN+cfBAMLP1IilR2QQ4wJh9TDmmnsYdze5p5ny8KhV","previousCounter":0,"rootKey":"q7YiquJFw/raGlmC7DNiD9jMmNAB4OhiJzkmmogVI80="},"indexInfo":{"baseKey":"BfMMYJt4wf1q/FEkWSs/pWk6izeQ/SSqPuHk8foR57EZ","baseKeyType":1,"closed":-1,"used":1730617939758,"created":1730617939758,"remoteIdentityKey":"Bb8WETnVCrPX3vI6Gv/TBXhK9imElFejKVz2b8+tvbo9"},"_chains":{"Bf4bfF2jwa7nlz7stnaDmkr4jIUOn5XdE8H9+NQ1qGlB":{"chainKey":{"counter":0,"key":"dpSf57v5RkA4G2yw2QXpaKAN/iUr0Z9+d303WwdwUck="},"chainType":1,"messageKeys":{}}},"pendingPreKey":{"signedKeyId":1,"baseKey":"BfMMYJt4wf1q/FEkWSs/pWk6izeQ/SSqPuHk8foR57EZ","preKeyId":265}}},"version":"v1"}