{"_sessions":{"BTm0bQfvXzWwq1l9cDnuvhzK+N3P3P8JCn0Yu71mOwMA":{"registrationId":1241504671,"currentRatchet":{"ephemeralKeyPair":{"pubKey":"BcykPgdKD22JAk0AqmK4+LYBTk/bkcs4FF8LfJ3PBj12","privKey":"cIFoRf0uzxj9GXUbIdlftxGeTTmK3ZggaaeC+6Yobmc="},"lastRemoteEphemeralKey":"BdGo/ef70BGPpZq+j5sHhaqLeqW2QFdVIyZAIgtlsrke","previousCounter":0,"rootKey":"fovVp1PnkhUDeJsFCufqWLvSpAKum1cHpKRjvO5fWxg="},"indexInfo":{"baseKey":"BTm0bQfvXzWwq1l9cDnuvhzK+N3P3P8JCn0Yu71mOwMA","baseKeyType":1,"closed":-1,"used":1730617939944,"created":1730617939944,"remoteIdentityKey":"BQ4CXfNd3zqMlM5x12RASNMjFrTKFBiF4lEXtIbWnnpP"},"_chains":{"BcykPgdKD22JAk0AqmK4+LYBTk/bkcs4FF8LfJ3PBj12":{"chainKey":{"counter":0,"key":"gHr/b84Kx5uKpS/ZZg52gSaDmtxM7n9XvmVcgcNbeyw="},"chainType":1,"messageKeys":{}}},"pendingPreKey":{"signedKeyId":2,"baseKey":"BTm0bQfvXzWwq1l9cDnuvhzK+N3P3P8JCn0Yu71mOwMA","preKeyId":3040004}}},"version":"v1"}