{"_sessions":{"Bek5RD1q7oPp2vqwcEZBBJXRyuIY/xhswdt/vNN+f5Nz":{"registrationId":986242640,"currentRatchet":{"ephemeralKeyPair":{"pubKey":"BbK1iLWHjyn9qMlkCH0n9vPaTXIJFb9/pjr94R1Ji8cS","privKey":"YG2tzj2zi3eMdqSGx9Dxi3YbV0GWsP6CYO6FIvhd/Fo="},"lastRemoteEphemeralKey":"Bbu4H+RLFe+P6j3xDjQ34TtspvmEhV5PRCgHUyZo0tQv","previousCounter":0,"rootKey":"9ca1Vav1YcYivvUhm35TgoXZhMwAiFpX6aym3CkibY8="},"indexInfo":{"baseKey":"Bek5RD1q7oPp2vqwcEZBBJXRyuIY/xhswdt/vNN+f5Nz","baseKeyType":1,"closed":-1,"used":1730617939906,"created":1730617939906,"remoteIdentityKey":"BfDnw0cprvblHCjI7GjNyo9LVOtkhPYFxJI+5HYQ4aR7"},"_chains":{"BbK1iLWHjyn9qMlkCH0n9vPaTXIJFb9/pjr94R1Ji8cS":{"chainKey":{"counter":0,"key":"KdUzcZwJWsPgbhKlAySFGeyPIOxKkd6GVeVWQ9eoUuM="},"chainType":1,"messageKeys":{}}},"pendingPreKey":{"signedKeyId":7,"baseKey":"Bek5RD1q7oPp2vqwcEZBBJXRyuIY/xhswdt/vNN+f5Nz","preKeyId":1596711}}},"version":"v1"}