{"_sessions":{"BbVAr9nTcidH8/8Si7hFNIoAfMnmJsA1Am0zFG9qjJt6":{"registrationId":156736798,"currentRatchet":{"ephemeralKeyPair":{"pubKey":"Bbp2naAM9nOvkU+Effe/6cLieHRmz+jXe6Gx/u+I3R5y","privKey":"MF2IbBgFqUZ4WXPiUj5o4aZgsDZfRhxPLXtMlGYNa0M="},"lastRemoteEphemeralKey":"BX6XRVgEBvV4dm1EMcmmuLdVfY6Z+y3KbdTJU9oKPW9d","previousCounter":0,"rootKey":"qpvgCzB0QQ+4VpOf7zzpHCYr8aZzsmTiFu4XG7VeNtQ="},"indexInfo":{"baseKey":"BbVAr9nTcidH8/8Si7hFNIoAfMnmJsA1Am0zFG9qjJt6","baseKeyType":2,"closed":-1,"used":1730523230816,"created":1730523230816,"remoteIdentityKey":"BUfaaC810KvxlftOOqb8MQkxgY+iep3LzAMBmszXdCQG"},"_chains":{"BX6XRVgEBvV4dm1EMcmmuLdVfY6Z+y3KbdTJU9oKPW9d":{"chainKey":{"counter":0,"key":"HpLujuuJKE0WQmAgivukqqNA+j9iYOwSRd+gvN1wxTk="},"chainType":2,"messageKeys":{}},"Bbp2naAM9nOvkU+Effe/6cLieHRmz+jXe6Gx/u+I3R5y":{"chainKey":{"counter":-1,"key":"PaAKwBkaKrAGh3y58cp+tT3MTxcpOba5NjumyHfXMIo="},"chainType":1,"messageKeys":{}}}}},"version":"v1"}