{"_sessions":{"BdgkirOcNCppKJpy/odyJ8umw2l9yYk6a+yohZd6YZsA":{"registrationId":1220239720,"currentRatchet":{"ephemeralKeyPair":{"pubKey":"BYv7+3S2Npp2N452bw27JOwW5IXc4Yi9Q67PUUdxM/ZJ","privKey":"wJPmhh69qV6OoEirpMDd2WYl2Be7wNhWoc0lHOYR4XI="},"lastRemoteEphemeralKey":"BdR/woPP7B40rrjIPfzxaMZYozoXPLE/DSEEuwZe61tw","previousCounter":0,"rootKey":"KehjdDKMv1zYVIo5JT1vIAUeI0ZzFDoj29EbUKUi6bQ="},"indexInfo":{"baseKey":"BdgkirOcNCppKJpy/odyJ8umw2l9yYk6a+yohZd6YZsA","baseKeyType":2,"closed":-1,"used":1730469391273,"created":1730469391273,"remoteIdentityKey":"BUHL9EMmZhFpkVNyMeAHn9nP3MD94cl+A2HKOZdvftUB"},"_chains":{"BdR/woPP7B40rrjIPfzxaMZYozoXPLE/DSEEuwZe61tw":{"chainKey":{"counter":1,"key":"D+49TkK4JKlYT50O8CVOo3furL1V+62JrUAPUtVMqgk="},"chainType":2,"messageKeys":{}},"BYv7+3S2Npp2N452bw27JOwW5IXc4Yi9Q67PUUdxM/ZJ":{"chainKey":{"counter":-1,"key":"+wSL8Ybv1SS4bMtPujyyjnTf4MKvfHvxLQOHRRCaXiA="},"chainType":1,"messageKeys":{}}}}},"version":"v1"}