{"_sessions":{"BdwRP3EqkDUNrq2aGsDIF1bNudKYELLKLKYOMMEsfoU7":{"registrationId":848068391,"currentRatchet":{"ephemeralKeyPair":{"pubKey":"BYNM3uJ9H2NMPiRxMvKyY+NlfGf+5El7ryxCBrnppehe","privKey":"qLP9aJfJtgyxCMe1ivxPy8r/8Tel2364pYegyfZw90M="},"lastRemoteEphemeralKey":"BbK2bd5VG0mLguIoVPMFppf+RsGKTX4lOKYgpFGO7UtE","previousCounter":0,"rootKey":"tnmYu45r9B4V2yH3tokpcoy09u2NSKVhNclBSKq0w6g="},"indexInfo":{"baseKey":"BdwRP3EqkDUNrq2aGsDIF1bNudKYELLKLKYOMMEsfoU7","baseKeyType":2,"closed":-1,"used":1730523251370,"created":1730523251370,"remoteIdentityKey":"BU64COeVuTkLv/NLmQyrGslKnytfvJwvnbLxODP1jdY4"},"_chains":{"BbK2bd5VG0mLguIoVPMFppf+RsGKTX4lOKYgpFGO7UtE":{"chainKey":{"counter":0,"key":"H0ut6mPVAeWB1z+3iFmOU+659WZZqAKM+gTO0g1f6Mc="},"chainType":2,"messageKeys":{}},"BYNM3uJ9H2NMPiRxMvKyY+NlfGf+5El7ryxCBrnppehe":{"chainKey":{"counter":-1,"key":"5y8VLmZxo1AEXzFO5mdEHWgp40NFu5Rc70QfMFSDCW4="},"chainType":1,"messageKeys":{}}}}},"version":"v1"}