{"_sessions":{"Ba+qc4xL8UkVePsEVOBQtGV+ilmcOmZeApNoXGy2oPon":{"registrationId":1204027220,"currentRatchet":{"ephemeralKeyPair":{"pubKey":"BSjB+a7cn+eQK4CXjyFuj9Xyv20lX6djYDrePH09si5d","privKey":"eE/c81fPvnnxgecnjVK5UowitzglPoS3eVXHL7uHiE4="},"lastRemoteEphemeralKey":"Bdx9v5kItJs4bdrtf80ZBQwEGnMB0b10O0Si0fm+mqlD","previousCounter":0,"rootKey":"ZueXELC8UiIA7IAJfHJh3c6O/R9pBJNs6PNEWcje0X8="},"indexInfo":{"baseKey":"Ba+qc4xL8UkVePsEVOBQtGV+ilmcOmZeApNoXGy2oPon","baseKeyType":2,"closed":-1,"used":1730617911741,"created":1730617911741,"remoteIdentityKey":"BZ1Udkwe1kRZ9yreALCFcUld5j/JOWbAANFygqNBjPAI"},"_chains":{"Bdx9v5kItJs4bdrtf80ZBQwEGnMB0b10O0Si0fm+mqlD":{"chainKey":{"counter":1,"key":"4tOGu43YDpZkgoRO82igqYy+3nQWi/GX+Xevy3MI1ek="},"chainType":2,"messageKeys":{"0":"lVML9ZpBDsjGPwJR/JFDoEf+wbs7eM1TzsjGu5Ipvsw="}},"BSjB+a7cn+eQK4CXjyFuj9Xyv20lX6djYDrePH09si5d":{"chainKey":{"counter":0,"key":"CYksUykuPk7RRvVpazweKoMgV3XQa2ncNzRDcXXF4a0="},"chainType":1,"messageKeys":{}}}}},"version":"v1"}