{"_sessions":{"BfFJs04Nwq5w+eNlCCadvzz9s5ioHfX/Y04bytZQZvhD":{"registrationId":2143041035,"currentRatchet":{"ephemeralKeyPair":{"pubKey":"BQkDYJsNS7eIBqeDBpJXAPdNdTORLJICMu3WcsT2H9d1","privKey":"CNbh36/8ytmtFJ+k1wS3nAPsWybTr/v3gxaGD0oiAHI="},"lastRemoteEphemeralKey":"BagHNnJr77vcxJC8G5ZhdMfjt5xYZgs+1qU3eSSw3AUn","previousCounter":0,"rootKey":"BjmJwLzn2QV3D0mzYeMnxmuv6HTK2zvykkaFx8qBVfk="},"indexInfo":{"baseKey":"BfFJs04Nwq5w+eNlCCadvzz9s5ioHfX/Y04bytZQZvhD","baseKeyType":1,"closed":-1,"used":1730617939821,"created":1730617939821,"remoteIdentityKey":"Be36bVd6tllh8NZNKPRjGvjRbrtSnfhWPB72hzrSltEL"},"_chains":{"BQkDYJsNS7eIBqeDBpJXAPdNdTORLJICMu3WcsT2H9d1":{"chainKey":{"counter":0,"key":"iSlHwgXHP0BIHGIqVH45wkpx6vqoerAHO7iUEW+G0CY="},"chainType":1,"messageKeys":{}}},"pendingPreKey":{"signedKeyId":1,"baseKey":"BfFJs04Nwq5w+eNlCCadvzz9s5ioHfX/Y04bytZQZvhD","preKeyId":6464912}}},"version":"v1"}