{"_sessions":{"BadHYvVg3js4X6bJOtsUXHV0o87EyVa2rhga7N4hPE8+":{"registrationId":235707448,"currentRatchet":{"ephemeralKeyPair":{"pubKey":"BRVDsdLTLW2A/Rx5KHZARv/NJdG37BnL8ON4wgKsplR+","privKey":"4KUu9Ju8QUSXni6LNV8T0TdmkDaQ/uTb2enJnLxYPFw="},"lastRemoteEphemeralKey":"Ba+SShdYqsjObboeslNXCDqJRBoT3Fpv1WpNg4Z4e7hm","previousCounter":0,"rootKey":"TjHfjF2KXZMcwmFe81m+baJFO8vXLDE3iMjpJqkqLgw="},"indexInfo":{"baseKey":"BadHYvVg3js4X6bJOtsUXHV0o87EyVa2rhga7N4hPE8+","baseKeyType":1,"closed":-1,"used":1730617939891,"created":1730617939891,"remoteIdentityKey":"BXJ7K/OzPMJ2t2mi3T9T9A/rO3sRlHmDjxA4hUxnAWxK"},"_chains":{"BRVDsdLTLW2A/Rx5KHZARv/NJdG37BnL8ON4wgKsplR+":{"chainKey":{"counter":0,"key":"tWZc4dS+lcWdnU73kBctuG7VSLw9rbtPjttdu5NFqS4="},"chainType":1,"messageKeys":{}}},"pendingPreKey":{"signedKeyId":7,"baseKey":"BadHYvVg3js4X6bJOtsUXHV0o87EyVa2rhga7N4hPE8+","preKeyId":4586}}},"version":"v1"}