{"_sessions":{"BXDbeCd6bQDQNLlVkLyaTbWZVD4ZvO9dMRdtu3P7inwd":{"registrationId":171,"currentRatchet":{"ephemeralKeyPair":{"pubKey":"BSXDuLnEbKMeJWy1uXmJOQ8eVECoco7ofDw4LuJOPQ4Q","privKey":"wKK9jtUYUhJksDd194L0F6cJHQPD3VCtRkfBdGM/yWE="},"lastRemoteEphemeralKey":"BVouGd+Pb8ENx8nagKodz3mBxHnGjvJxt6ARSWH/hdxI","previousCounter":0,"rootKey":"CHrwYNCFEXRAx3LSzxavPWzSHXUcQnpZ52gTqdgDG0w="},"indexInfo":{"baseKey":"BXDbeCd6bQDQNLlVkLyaTbWZVD4ZvO9dMRdtu3P7inwd","baseKeyType":1,"closed":-1,"used":1730617939670,"created":1730617939670,"remoteIdentityKey":"BT/oyLwV2FwLvVJHr8mtc5V1LRZ9tJbpjGBGeFIaA7Jd"},"_chains":{"BSXDuLnEbKMeJWy1uXmJOQ8eVECoco7ofDw4LuJOPQ4Q":{"chainKey":{"counter":0,"key":"2Eon+5QTA0P+AIZPCPIicnTGjAzGJS7viXxV0/elex8="},"chainType":1,"messageKeys":{}}},"pendingPreKey":{"signedKeyId":1,"baseKey":"BXDbeCd6bQDQNLlVkLyaTbWZVD4ZvO9dMRdtu3P7inwd"}}},"version":"v1"}