{"_sessions":{"Bbu5zOlXEvAjna4I3LwLchgjmLWGR4f2MLhyEPWqp9hk":{"registrationId":634446391,"currentRatchet":{"ephemeralKeyPair":{"pubKey":"BcE1ykU3//I7YMthHKuiuatuYvulbkMx1qaB4dh6Gk0N","privKey":"gIYWzSMhJGDJylqeV20oQWPS2yN8y+3+F+yKW2FrsGo="},"lastRemoteEphemeralKey":"BWugSIT+A0xX5QFUd6rp7PykEkQQPWweErEiK/BeKLRh","previousCounter":0,"rootKey":"jTNDtUtG8mcGeZADqLgL1jKj7RFTu5qWJFchPyYXKzU="},"indexInfo":{"baseKey":"Bbu5zOlXEvAjna4I3LwLchgjmLWGR4f2MLhyEPWqp9hk","baseKeyType":2,"closed":-1,"used":1730617852134,"created":1730617852134,"remoteIdentityKey":"BTdYHqwoTQkMCob17XE6AfmMEWTH0EMGD4s5pYi/DKU3"},"_chains":{"BWugSIT+A0xX5QFUd6rp7PykEkQQPWweErEiK/BeKLRh":{"chainKey":{"counter":0,"key":"VZ3cFsnjy5SCbee/vxFhb64yarkCBUAgbpoUeBMTe7w="},"chainType":2,"messageKeys":{}},"BcE1ykU3//I7YMthHKuiuatuYvulbkMx1qaB4dh6Gk0N":{"chainKey":{"counter":-1,"key":"IafFISb7e1EvgawSTDGB5aBt/V7Zvd/qGMGqbwveock="},"chainType":1,"messageKeys":{}}}}},"version":"v1"}