{"_sessions":{"BUbBYKaN+QWtUDLzhSt+dqK1f6Imp4uhtZnLPgDibncj":{"registrationId":1771485641,"currentRatchet":{"ephemeralKeyPair":{"pubKey":"BTvPLIjT1MTlUENV41l7SHbcZc+cC8x5vcPAXo2QsqoI","privKey":"uCwQ/AS0U7/w6kMFksH1ja7k7O4XKRuM+JwJc3XB2F4="},"lastRemoteEphemeralKey":"BZehkCFkQxMZygYvHIsnWO3MrspMRxKXOv1yKHS29hQe","previousCounter":0,"rootKey":"OQv8lOW0YyUTg1c2mVYncD4uNt3dLmHN5CPV4cGTrUs="},"indexInfo":{"baseKey":"BUbBYKaN+QWtUDLzhSt+dqK1f6Imp4uhtZnLPgDibncj","baseKeyType":1,"closed":-1,"used":1730617939826,"created":1730617939826,"remoteIdentityKey":"Bbkr9XVFeMHqcfho63LAJQZP/AzbZQzQUGdILSbTcpBa"},"_chains":{"BTvPLIjT1MTlUENV41l7SHbcZc+cC8x5vcPAXo2QsqoI":{"chainKey":{"counter":0,"key":"Ww1bc5zS33dpt2Z0M3Yqd3te3RzOJ1eCiyviSAM+6xs="},"chainType":1,"messageKeys":{}}},"pendingPreKey":{"signedKeyId":7,"baseKey":"BUbBYKaN+QWtUDLzhSt+dqK1f6Imp4uhtZnLPgDibncj","preKeyId":7714448}}},"version":"v1"}