{"_sessions":{"BUW6Q5wfLXCwwQk918w/oQlkAa2i3agPBJZYytYb7dJK":{"registrationId":1336250953,"currentRatchet":{"ephemeralKeyPair":{"pubKey":"BRfQCzypKNiHalVsbt+bGeykSyA+5OUT3MI7bUAkcbwV","privKey":"QJIbK5tvE2uhG/rx+61mf3+dV4BSVDkIsziVo7KC2lI="},"lastRemoteEphemeralKey":"BSxAO5oW+FsvEjaPumU1Y4SAyP5nEBJe/MgFZPP+x8oM","previousCounter":0,"rootKey":"Bflk7VAZ4K2aUpVrtQXFPQ5vWjNBCQ9suTy7UulAZgw="},"indexInfo":{"baseKey":"BUW6Q5wfLXCwwQk918w/oQlkAa2i3agPBJZYytYb7dJK","baseKeyType":2,"closed":-1,"used":1730523238733,"created":1730523238733,"remoteIdentityKey":"BYW1GEWUT6R7h64CHBQn7UwhvqnLQ4w5NreayDaKT0Ns"},"_chains":{"BSxAO5oW+FsvEjaPumU1Y4SAyP5nEBJe/MgFZPP+x8oM":{"chainKey":{"counter":1,"key":"+FOHg3/awb0DD2rtDPc0ViF475VvXAj1zqaix/3ZQvs="},"chainType":2,"messageKeys":{"0":"1VoqYTxAqWSo38ynm/m5RwdElUkElzzlqKgYIZfAEyg="}},"BRfQCzypKNiHalVsbt+bGeykSyA+5OUT3MI7bUAkcbwV":{"chainKey":{"counter":-1,"key":"/0yczzpUapY2bxM0YjBoiVQIukGe2kJybZs1TVwPxiw="},"chainType":1,"messageKeys":{}}}}},"version":"v1"}