{"_sessions":{"BTmuxSfiQtr0VoYDXmnkCqhHP/fjEV6GpMHOCD7zXdxb":{"registrationId":134826889,"currentRatchet":{"ephemeralKeyPair":{"pubKey":"BSVSd0lUTRvQq9hNDd5SfX7LbjOa6gzYVwPNifXWXWhX","privKey":"MFrkVj3k8uTTH2uBMV+AW6aE9IaIlaUT50VdE+DY3kI="},"lastRemoteEphemeralKey":"BWGzf4AeYwA2FnJa5Zm8U3Xq05vV8XxK+icRADVzBKxA","previousCounter":0,"rootKey":"MoOQYGlG8kRLPifz45K5dNgD89B3GQpklPU3prQ1oIs="},"indexInfo":{"baseKey":"BTmuxSfiQtr0VoYDXmnkCqhHP/fjEV6GpMHOCD7zXdxb","baseKeyType":2,"closed":-1,"used":1730523258401,"created":1730523258401,"remoteIdentityKey":"Bd6dpCUhsspAIfK1Hsyc8++4DuXUIgKOvLqcf6OSyckh"},"_chains":{"BWGzf4AeYwA2FnJa5Zm8U3Xq05vV8XxK+icRADVzBKxA":{"chainKey":{"counter":7,"key":"W89tBn3EsUEmZ1Dq0Y9ppNgMaq8Rtw9CBiyFiNFZues="},"chainType":2,"messageKeys":{"0":"1XatZHZazVLFNreJTTypfTPL5vOP9T68qVOTfh8tbv4=","1":"Ns4Ni/KkcXIxrWKKsLvIdKoFhQq47oFsCb1jygd3D0s="}},"BSVSd0lUTRvQq9hNDd5SfX7LbjOa6gzYVwPNifXWXWhX":{"chainKey":{"counter":-1,"key":"Rmv/NCUlBPJucml4LoPPnVn+sn5t7VXSuESdOapTmvE="},"chainType":1,"messageKeys":{}}}}},"version":"v1"}