{"_sessions":{"Bf00WmJkJ1uG4KDaJusi/q/07yOVU6VOaEAE3nkIZIAr":{"registrationId":1332014218,"currentRatchet":{"ephemeralKeyPair":{"pubKey":"BZjnwbtMcZNBzXT+jsz4nLBFntRO73xSdclFVUDe3bE1","privKey":"4PMb2JKK55hGqkeNRTZdLORsIr2/+O6a80Ff3oZc5WY="},"lastRemoteEphemeralKey":"BT69/WTkeRTj/0R/0pirJ7W2B723j4XT5GbyFoYAK0cL","previousCounter":0,"rootKey":"LLFXnGuLgssY0xH96hmfrZeBz9fDr1GQzMQhmS9/Zwk="},"indexInfo":{"baseKey":"Bf00WmJkJ1uG4KDaJusi/q/07yOVU6VOaEAE3nkIZIAr","baseKeyType":1,"closed":-1,"used":1730617939934,"created":1730617939934,"remoteIdentityKey":"BUCk4RKO83ZVFPw+n/AcvE/K1iAjVz3F0FTsvtfygRQG"},"_chains":{"BZjnwbtMcZNBzXT+jsz4nLBFntRO73xSdclFVUDe3bE1":{"chainKey":{"counter":0,"key":"weAQxESi82wtLJX9s/lm5iJYLYz3urBYD+5Ecni4U78="},"chainType":1,"messageKeys":{}}},"pendingPreKey":{"signedKeyId":6,"baseKey":"Bf00WmJkJ1uG4KDaJusi/q/07yOVU6VOaEAE3nkIZIAr","preKeyId":8072331}}},"version":"v1"}