{"_sessions":{"Bd1/YAanxuPr/LYn73UKga34qjt8Dj0SiWqu7r6M+65z":{"registrationId":638396130,"currentRatchet":{"ephemeralKeyPair":{"pubKey":"BaECLqU0B3lbPatr/zjqKUQMRTAfcyAQCyObdl7R57dr","privKey":"gDCp0ri0CFOI/i6BZWBJWE0qi//1n/iv7rHZ7s0f108="},"lastRemoteEphemeralKey":"BeYNbuSYInkF1LUWiuL3vqd6wZT67Oppkdyh6GznJyEF","previousCounter":0,"rootKey":"80r9GBRinsGzdj+RYCCaKXsM0sN8uORfP/nYqbonTUs="},"indexInfo":{"baseKey":"Bd1/YAanxuPr/LYn73UKga34qjt8Dj0SiWqu7r6M+65z","baseKeyType":1,"closed":-1,"used":1730512119849,"created":1730512119849,"remoteIdentityKey":"BX0OB2iB6Zli+0n8Mm7ML70y2yW0s33ExlZmzbc47Y58"},"_chains":{"BaECLqU0B3lbPatr/zjqKUQMRTAfcyAQCyObdl7R57dr":{"chainKey":{"counter":2,"key":"8guOzTzNct/cY5/OiTAPKlnXJtyJPS6ZScks97wn8Gg="},"chainType":1,"messageKeys":{}}},"pendingPreKey":{"signedKeyId":1,"baseKey":"Bd1/YAanxuPr/LYn73UKga34qjt8Dj0SiWqu7r6M+65z","preKeyId":3247}}},"version":"v1"}