{"_sessions":{"BWfD08FjBXWxjG7rQQLF1QEAN4l428ktdMlcoTlBU89T":{"registrationId":1560024784,"currentRatchet":{"ephemeralKeyPair":{"pubKey":"BQHLdkiYEBQZ3u6SO4M12VGBHcmRFmNi3NRH5ytHQGpH","privKey":"YORp6/EZn9W+JPmn+2Lvz9xfBgEU+uWxRy4taec7Flc="},"lastRemoteEphemeralKey":"BQDHzzLBEHtMO/RQ6tLLlBoE7renKCWk/c6mqZNk8pcx","previousCounter":1,"rootKey":"DAxnkWm4l4Pxay0CfwjzhfRfYg+OHBxEhrGZkjK+Foc="},"indexInfo":{"baseKey":"BWfD08FjBXWxjG7rQQLF1QEAN4l428ktdMlcoTlBU89T","baseKeyType":2,"closed":-1,"used":1730617852512,"created":1730512328703,"remoteIdentityKey":"BfAuGxRflA/iHZkeXexGw2I2daRBHIiokDV1QrN/aINy"},"_chains":{"BWfxysUZyRg8uQY0Mr7wz7Dxlp1J/Z56f5KzcqVnIYkv":{"chainKey":{"counter":2},"chainType":2,"messageKeys":{"0":"crlEYnsqbTwG6wcXVKujos9X9QyEdL3Z5ubhEs1YuNQ=","1":"cg52odw5BhKlrlS1OASY0Rq7XXDwKHNyv/zLk0EkqO4="}},"BQDHzzLBEHtMO/RQ6tLLlBoE7renKCWk/c6mqZNk8pcx":{"chainKey":{"counter":45,"key":"kDKXcotLTaFobnAC6rZPfyDuTceJ5RpapCYRgh2xnAA="},"chainType":2,"messageKeys":{"0":"ZkvsPAUQpaI/+tJGxXCTU76FJgu67sTPFNntYOnQnmk="}},"BQHLdkiYEBQZ3u6SO4M12VGBHcmRFmNi3NRH5ytHQGpH":{"chainKey":{"counter":-1,"key":"fgQhFKV+w764MMNHseU7kFI0pIf418Tzxsh0L6gOMr0="},"chainType":1,"messageKeys":{}}}}},"version":"v1"}