{"_sessions":{"BR/dHHvX2mRmLOlAOQaBV3VzwnahBVItiwVocIzEn/5b":{"registrationId":219034443,"currentRatchet":{"ephemeralKeyPair":{"pubKey":"BYH5YUU/1W3g2E1YrAOCsRVyqYxnzy5vGL0ObGOUdo0B","privKey":"cGmP6E0L/WX0sTFZJbOJTTZMC3AJpi4iIJLz5MvptGM="},"lastRemoteEphemeralKey":"BUkNTyxQCEzZnGY5Yi8dEl1qb4hbdsjhV9C3iIDLY51c","previousCounter":0,"rootKey":"YKQE+urH0tA7T/RkrOLl+wtuYQv1Bdbg7Vvp+EZ8+d4="},"indexInfo":{"baseKey":"BR/dHHvX2mRmLOlAOQaBV3VzwnahBVItiwVocIzEn/5b","baseKeyType":2,"closed":-1,"used":1730523239089,"created":1730523239089,"remoteIdentityKey":"BREp4ldWRRMTL3dIKpitHmqxoxHBAOoyZxQ1+j8bxXhj"},"_chains":{"BUkNTyxQCEzZnGY5Yi8dEl1qb4hbdsjhV9C3iIDLY51c":{"chainKey":{"counter":0,"key":"IKccLrKlcLBzgpD0ttvs92mYIsuykFR4yoGYPKcivrc="},"chainType":2,"messageKeys":{}},"BYH5YUU/1W3g2E1YrAOCsRVyqYxnzy5vGL0ObGOUdo0B":{"chainKey":{"counter":-1,"key":"xA12YchnQju0SpsRqRYUmy4LuPTqUoJOlt0gpvL2+es="},"chainType":1,"messageKeys":{}}}}},"version":"v1"}