{"_sessions":{"BdZJMag7HlhFnTLtVMqnKg3EH79bEo1Lt36t35M/Zmh4":{"registrationId":30,"currentRatchet":{"ephemeralKeyPair":{"pubKey":"BVTHYmZzI6u3AfRbqzSIxJ0aLOcc0f9hgIlRY4v39wRe","privKey":"IL27QJszFYlzr/jcM0FQPtYOIbtY8VbvIrwXJ6dY92I="},"lastRemoteEphemeralKey":"Bfq5qTyXCY9QXy0VFxXD0X7r69Xi7vWMbF0RrEaDL8kf","previousCounter":0,"rootKey":"TP+O9nadq/vDMGWsyXFDYJaHWDjkVWHQA8vYTMy7UZw="},"indexInfo":{"baseKey":"BdZJMag7HlhFnTLtVMqnKg3EH79bEo1Lt36t35M/Zmh4","baseKeyType":1,"closed":-1,"used":1730617939686,"created":1730617939686,"remoteIdentityKey":"BeowMrVeJN1OdXBYCrjmLNBC/BrJjHA+Gd8gx6KR4vov"},"_chains":{"BVTHYmZzI6u3AfRbqzSIxJ0aLOcc0f9hgIlRY4v39wRe":{"chainKey":{"counter":0,"key":"8L8n9z9rfIilzLn3vSRTdKfpTz5PcLoX1/E+/uo0X9g="},"chainType":1,"messageKeys":{}}},"pendingPreKey":{"signedKeyId":1,"baseKey":"BdZJMag7HlhFnTLtVMqnKg3EH79bEo1Lt36t35M/Zmh4","preKeyId":1}}},"version":"v1"}