{"_sessions":{"BWNbzAkGo/Zb3dcLMGyBx5qR14YJHWdt+M8pvgE4cxVo":{"registrationId":1680993243,"currentRatchet":{"ephemeralKeyPair":{"pubKey":"BZ7DVOzJU+DN0mzleHiGQEzYZvgQglqxpHfgwEpJ7Ckt","privKey":"GAo1TM4R8qeLeAF6bDnQf90KJ5aApMrggPDYt3ofJ08="},"lastRemoteEphemeralKey":"BRKqGUjxciy0moOeF/Pv9r/6gCKlLS9zXydc2v6Ej+8B","previousCounter":0,"rootKey":"fh+g2QzG7sKfvo1GeAhsGNhTSx/UM4jjsr++V4YtRUc="},"indexInfo":{"baseKey":"BWNbzAkGo/Zb3dcLMGyBx5qR14YJHWdt+M8pvgE4cxVo","baseKeyType":2,"closed":-1,"used":1730617842749,"created":1730617842749,"remoteIdentityKey":"BcCzOB+DYoQ1Ek+COy7S9hcpXNYH/96D1hsUx+HKkCpo"},"_chains":{"BRKqGUjxciy0moOeF/Pv9r/6gCKlLS9zXydc2v6Ej+8B":{"chainKey":{"counter":0,"key":"fGD0gBZG9gZn1fz8qDrA3wVRP9j6BPOrQP3IZnvfvHw="},"chainType":2,"messageKeys":{}},"BZ7DVOzJU+DN0mzleHiGQEzYZvgQglqxpHfgwEpJ7Ckt":{"chainKey":{"counter":-1,"key":"L1pYB12I1kdsQvaUJk8Zv29+xUb8u54LAaRHnuy0fHE="},"chainType":1,"messageKeys":{}}}}},"version":"v1"}