{"_sessions":{"BSfmzu5r8wu4WcS1dz5UcqDmcHJa38Fk5Yyg8qC59kU1":{"registrationId":1714188503,"currentRatchet":{"ephemeralKeyPair":{"pubKey":"BSTpQ9gBwD3Yff/Qy1AR0y46jrUpYkwFItlB07C297w5","privKey":"cIRztcme4LvolnAFKGuLhjdZhAnArmya1sT2dnKPfmA="},"lastRemoteEphemeralKey":"Bd6uIWlSe2KJVc2+KqvLiFNRa6IbjZCXPEjleoWyWOYg","previousCounter":0,"rootKey":"CCSjQ+sAxLcmYbNxUmA9FFKWzGDsHgj6A7TH7OYa8Is="},"indexInfo":{"baseKey":"BSfmzu5r8wu4WcS1dz5UcqDmcHJa38Fk5Yyg8qC59kU1","baseKeyType":2,"closed":-1,"used":1730469529159,"created":1730469529159,"remoteIdentityKey":"BWuRLzW6ns7Jo3UGAIQmQDsPimWe3X89UhhHMK1YP15n"},"_chains":{"Bd6uIWlSe2KJVc2+KqvLiFNRa6IbjZCXPEjleoWyWOYg":{"chainKey":{"counter":7,"key":"7/gRPfc2N45+lGK2gV1U4J+OXy1eMlaKTVZ6FHkYGu8="},"chainType":2,"messageKeys":{"2":"aRZniMWFCZFldsDsc1TsfkVHEfwJ7zsgDZxhgxvHe7E=","3":"VxXLSxaL0bBx76BdgaZlmEfj0bSQElDqijHoF/DKj6c=","4":"Y/sOlxagO1KHW2/kHbK8ldIZLpyfc0tKUYYpVL7hBgM=","5":"W3SOLEzIhexF27TffHR8wHMeV71WCopPBwikSn24BfY=","6":"7LttHfHtrVEnu05c1FN/hltNlgaIuYvuNJkz177jJ7c="}},"BSTpQ9gBwD3Yff/Qy1AR0y46jrUpYkwFItlB07C297w5":{"chainKey":{"counter":-1,"key":"pmG3j30e1NpoBUdj1fhtPhe80uBR4tmzJn0lD/AZ8/w="},"chainType":1,"messageKeys":{}}}}},"version":"v1"}