{"_sessions":{"BVWIz5NArhoKIOgDVFjHiUe2Zb8IOon8pDWmU63kamdQ":{"registrationId":21,"currentRatchet":{"ephemeralKeyPair":{"pubKey":"BbDv7bIUDwelWE4Va4AIWQFh8El8p/hxzOniRsz18oBx","privKey":"+Mu6gVWSPEcmU9fUeVtKqOOMHM8MFk63+6CoW0ztpEo="},"lastRemoteEphemeralKey":"BQ2vumox8jbRl8DmAdjgV0h5+jKBgs3tyBBjUs/Po9Qc","previousCounter":0,"rootKey":"G2AlPQDtwhq9exFezrbNiUOSyPzhDW+HWs7pxDs1tH4="},"indexInfo":{"baseKey":"BVWIz5NArhoKIOgDVFjHiUe2Zb8IOon8pDWmU63kamdQ","baseKeyType":2,"closed":-1,"used":1730469544623,"created":1730469544623,"remoteIdentityKey":"BYVADjFqLJ+SVHnYKaoarPPR1hSwg2nzjc+5BVxVz6Js"},"_chains":{"BQ2vumox8jbRl8DmAdjgV0h5+jKBgs3tyBBjUs/Po9Qc":{"chainKey":{"counter":0,"key":"MOQWCiCNxOn7MuPLnpHfKD2ki31pYiTISTowDNTCY6o="},"chainType":2,"messageKeys":{}},"BbDv7bIUDwelWE4Va4AIWQFh8El8p/hxzOniRsz18oBx":{"chainKey":{"counter":-1,"key":"zQmamzzyWpxO1HMmH8Tl4VYGYTwBSV0/pkn6aLseQxE="},"chainType":1,"messageKeys":{}}}}},"version":"v1"}