{"_sessions":{"BX0PWEnQK9EjEUnqYij/9hY+/A4BOcT22xWHcDGvSQYQ":{"registrationId":1127265188,"currentRatchet":{"ephemeralKeyPair":{"pubKey":"BdQ2Ccf+ev67Bq1v+l+EjD+MBWRc7TAe/6ZG0oLnnKIH","privKey":"oALes+dvl7ISLrjRwbLTPtsq1WCXGIirJxL0om+Uv1Q="},"lastRemoteEphemeralKey":"Bf4IZiRaiBzoupu7zxC1GbcozDn2C0yXOvmUjMR9lSYx","previousCounter":0,"rootKey":"QNOTwkWrMNqT6YpJL7xixqgNDmgEqCc+Wo1crNRiduA="},"indexInfo":{"baseKey":"BX0PWEnQK9EjEUnqYij/9hY+/A4BOcT22xWHcDGvSQYQ","baseKeyType":1,"closed":-1,"used":1730617939859,"created":1730617939859,"remoteIdentityKey":"BfCm9XJqzH1UFul05c6lVb3OVjmf97T7WCKynG+ywmEp"},"_chains":{"BdQ2Ccf+ev67Bq1v+l+EjD+MBWRc7TAe/6ZG0oLnnKIH":{"chainKey":{"counter":0,"key":"4+pF6Jh9NYSIEmbvkBdmkOrOTfBS07EFzDLx/mcnvdM="},"chainType":1,"messageKeys":{}}},"pendingPreKey":{"signedKeyId":0,"baseKey":"BX0PWEnQK9EjEUnqYij/9hY+/A4BOcT22xWHcDGvSQYQ","preKeyId":16402986}}},"version":"v1"}