{"_sessions":{"BcEF3vuHDJOkTJId2I1ZJMLdmz98Ab1/Js7+Z7edSeVC":{"registrationId":1890698302,"currentRatchet":{"ephemeralKeyPair":{"pubKey":"BYR2SoVodLIbUD80DkIVusXo9P0mSOjRXpIh/OfVdyVf","privKey":"iG7qaW4DURI0hkJPzTZwQLzUDltG5SCrg6P5sCqbBl0="},"lastRemoteEphemeralKey":"BbeYGagn8zCdTGGrl2GLDsBeGkJhHDHlXwyZ3Lb0EH12","previousCounter":2,"rootKey":"GkFxarCveDF1gRf/xZXRvZdlzfYSYiMeKvM4qD/9WxE="},"indexInfo":{"baseKey":"BcEF3vuHDJOkTJId2I1ZJMLdmz98Ab1/Js7+Z7edSeVC","baseKeyType":2,"closed":-1,"used":1730617955834,"created":1730469391211,"remoteIdentityKey":"BUg0XA3VHLamfQQs3UJb8F9cZoLRYOdeq3ZtVA0WeDIS"},"_chains":{"BchTNYU5zo9WHmTkLys0hFU4/ifmlpATqmQLbZSCS3g4":{"chainKey":{"counter":5},"chainType":2,"messageKeys":{}},"BX8MUmIDnVgJqz8EYK7zwvgsno3TAjt4oDnCMMF7xSpC":{"chainKey":{"counter":0},"chainType":2,"messageKeys":{}},"BQXO+si4YGARFRCn9KRGWsAv8HHU6yUW4Uo+1Typbjo/":{"chainKey":{"counter":4},"chainType":2,"messageKeys":{}},"Bcza5vYkx2mKZzt065B3A2+8Kot23wcA9cHp8FKBoucb":{"chainKey":{"counter":0},"chainType":2,"messageKeys":{}},"BROStx8MZtM3thPlB+8oz2tLGMBJBc3BMO/Z1ZnyCYt9":{"chainKey":{"counter":1},"chainType":2,"messageKeys":{}},"BdEDdeN82yTMXKpUgw4Ei/ht62c3e6zPXeasAuQSj74q":{"chainKey":{"counter":118},"chainType":2,"messageKeys":{"31":"tIATWOEMjY6TVVnbe0zqCsPJEiTWkksXn1kV5isDPpo=","32":"EDR23Vx3VK/5u4bx7Os/KCZNL/f4cIN8nPlDsdyFE1E=","33":"8R3kPg9UX/RCFqV+zaN8QtEynB7jpA+CDqeDWYT+suY=","34":"Lezs+dqAnRe1hmqzI1ywjpQl9GvnTIO+GxklGVogKxA=","35":"JJzi4N/1BfRIBM0kg4anj48u/HmVrvILAut1UPs9JOg=","36":"/wriLRYg7V1I6sNZ4R8Lgo44nHLOdfphGduepfnO2dU=","37":"mK8g3kLzKHBVnLg8FP+WzBzSg3C7uS5kwhZ+R2/nBls=","38":"s5rfsSd3fSTRKvSzTrKKLfmmhavU7cUCVxr5/dTZshE=","39":"7n2ZSMGfoxcUDacFZJj3ZvpY6iIVP32BzmVuAeVnF+E=","40":"ypb0VWYdbD3esSLo1fh+OxKeLjg6oothktYdsjjJkuA=","41":"rsEzCYjDDU/lqtHiN2HvgA1eiAkR/KA+TOqsLAYMXww=","42":"OwqQXr90rmpMz0sGrHjkZ8TszF62f6rOnxxrgHtl1tA=","43":"aM0uGW3+cBUxCYi1173n5qZmwZYmqR8DmdIfP5iRCFs=","44":"ntkAtLXp2qn76rhUycuH8wcz0IyTXj3AMOdXHXGiWQM=","45":"jTTJO2OwAgJnakLO0M2tTO6hPOve7X410qNwROhdOO4=","46":"jH6/TgQS1sggpI1yLifkPOcJkzlilAB6hNBj4JGuo+g=","47":"JckNVim2GBC+hZyWHhKK082NBr0zEcAUEcz+4aNYeAo=","48":"YNdHpm69WXBEh/TuTOg3XJ5RA6QPpuoKNBm7BczLSbk=","49":"2wR57+IKrAREsdF7cLfFZZRH/M1hP7pxIDFhtzANuNM=","50":"70BSk45wCSRBnGk2vy9iLcEkF2NVQCbum3WVnp/H/j0=","51":"lkTm1cGyg1ku1cszZgi74KOx/HL2s1ci2xi02+5rhmo=","52":"kXn6ZxI48KjofzLsGAD5jmi9WqOQZEx9IWSvDE1eIUw=","53":"v9IZ8hyXjs5b3/Q5MBuH8k9IakIiHc053WpTqZm3k4I=","54":"tHin0eGgZPdDNRZthY18oheXBZitLJTvS9bcSz0jO/k=","55":"/9vaudSg8V5urGrlAK/UJ1R/mTI4j668buuNeVEOIdA=","56":"eI+UIvkEQOv0Ub3kNyDRaJrZ91QUfpdt579B8PrjKPM=","57":"esHfo3Ye2rxDQR4/bj2EO52cUMPlcIwHLDINU478QDI=","58":"pTEgXUew0qSQ/iORD6Z+0Uhnl1bV1uFikntfY+D03lo=","59":"L633dIUEGb0LUgFVO8ZZpN84RgWm6IXDDgildv6eaEk=","60":"97cKMNWUvlUwggxZADCYM6afUcQaJgotZSnlQvwlTHY=","61":"YYE9RVMXsrE5oVAQCRdS6IBfFzwIZPCQrmYcNGTKyDE=","62":"ei6q0/KBu1jH5l2L93z5BVULl4ivYlqiMdIyg6Oj/qg=","63":"aa3VhKIAmAap+GtcX0NkhW0xEla/aU++fLnRvpt3Ww4=","64":"hNzfr8roJ7NeV3IpfZ3L2aBHVLyIG+PEii6xH6RSdwI=","65":"A0sckd6MWBO5rUiyWe2dAfDc/SM0QvDm7xZAAJv0+Jc=","66":"N+ywneei8dsH5Ssd18evsw+c5akwIW82KBta+Jr0g6g=","67":"ExWT+6gaYwXRRS7rpMs2JBwQAe+qJA7pzQplLMPfTQw=","68":"PfGbnSLLGQzMajyWK94iBhkEhzyrrW6cOo6nmjAYVjs=","69":"k7/eq6c+b+TqBREkyBY0dEjZb4kEhDcgmuL2Tk6DZuI=","70":"WgQ3c4oZpXrAZ3R9KjMZoAHQ2+0XwPefZBEWwnYZvkE=","71":"GMz7d+1QhlwA6Q7qSI98nFR/6Ik8PNrnGlioEZ2IjTY=","72":"RVSoIgxg8JrMaAkQVTjvvZzaaIxcehokl3Pp1wftv0s=","73":"BXF9le66vvC1IOvePjZtAVhXGdthYcHKYpF34a0N0Ug=","74":"2ON18RalTle2eSaiPb/3iBUSgoH23EnaqHFmQBGujyM=","75":"Ih+GRBnylj6OMF5r/FohTGaJLECCz/ifdmNPWggTVhY=","76":"tThHmP7gKLcLAbBdxNraH0KD1LWns3HOZKrq/MewU10=","77":"U1K+B5MUDQCcQ34TgFlYnr2FMw1+typl8dLsM7qMQus=","78":"HR16bYCcUisoBVa3BE12VV0lOCa5T7ql+rADTcj6t7U=","79":"gPeuurghYOkS51A7aE4hRo8rtqvw+edAG3IW7J/GqBo=","80":"O/2qbDVn+tK2UBHdoPNoZzCT156ojdCt6H2EixCxMUQ=","81":"EXmyYp9+ipMRC7E8sZMHjWV/b6GidzB0V7zx3Jbpgag=","82":"K8qbpUIasQRCLDDk5S5hRU5OyHtAlLLltDhHh8vVbF0=","83":"93erGGfX1v0/gNaE0Nn1zqLUanRJbU5FFOdmrC9M3bo=","84":"+C2sJAtfI4klX6z/IIyndGzt4Aj8NIsGob1IG1686Ko=","85":"z/8wV2MeLGlwrnQWSZMSlmr6MBUqsvBHgldo/Aymv+M=","86":"93BgdF+IYhI/uTno6IfpogzvPjWKKhLNqRb9nhY3AwE=","87":"GTJBSX8wWiEtRmQAw12hRcOHIb9wejKMxxwWi96tamk=","88":"CQXvo2nPOGSXfUIjEE8P2uMYKj8jfHllvBNECW5D4nU=","89":"jwZho62n+NAGJCEtVNf1qy1Nzkek5Z821OC3Xw2/h/M=","90":"AauS5HTPanrJrs72fmz/+XYpTEwBxZ5+Ajnkw0XZsPQ=","91":"iHbpU70cdg1RLJPhxpTf2VSOZGBj2dRFEfRRuP5sPe8=","92":"Exy18qdy4eDXPv5kL4/2U+6hnXZHsv2j5z/5+dtd6a4=","93":"d81gLNVHYohEDw7pFqShgUplH0ygQHlWZ8f8mXJ21xk=","94":"aNlqM0XIXxhcxErHNRdO8SJ9801vl/MbogN4tERdkQY=","95":"jIs/0UOeKjJFfjNYAwMz62b4l2UPuwNx1FTt99jP4jQ=","96":"mmveIlE35SRQE2y6pZ4rfGljkxW479oznKU+3H7s2V0=","97":"riuEuU/xhulf8gl6blttClqB+B3Qq3MOdlj4NvfVeng=","98":"81Ni88UYNl7VotZPiXMi02qkpZfrz8qeliADPz6EnKo=","99":"Qxr60ZtvITwFcgEpYwddRaaNsh4PZ18Ln+fczwsU4OA=","100":"9JqfwnOXGXVthvnRimp+wwrl/QrvFZKsNfvVYhiVFdY=","101":"t9HYi37LIbVqgIBm5T1iy4U1sooCj6ywibEHiD31dBI=","102":"EbqxPRYdDuJUiwALGEjj2rpMITnvZX8JHT77GOWWHj0=","103":"nONccIAbvkkWZpGQ9oJrCyX40ptdZpaOlMX22wMU8LU=","104":"oxxmiYdkzcQMu8kyw/lIKiSDZ6q+rzGH++qGUO86Zuk=","105":"5bKl7YDzWPouV8hN6s6ukXy3Nibb5F2/zN/JGquO1pw=","106":"5YnioYCkszWhxAoTKPPN7v9sL1M2ki6x4cCqn9Mfnok=","107":"P0QNSdCQslZ+bCibuyLVcY4TX3/JCQmT9JauyKYK2hI=","108":"UaTwNi8sbGgRbZjMnxqB9nw0KcBs9Qr3OHbXCL5TC00=","109":"16Rsq/NWXuSK7MHct7gr9ita/SYv1ftpsOyKSEPeVAI=","110":"EsOqiunA5YFaqpymygeaPoSo6xQ1GbfwS/09XE8POqw=","111":"Y6piwlr2sgGULqfJruaO5zpcxu4VGcNGUptpx4Dk7aI=","112":"xnI+t6Q5nXupwm+Wx+sFS/FgSIId4eR1XiGaIfpoBfc=","113":"CVEK8GDt/CnqCfP+kmplLgWgHGzZuRV8Cy753XxMJtg=","114":"SGqC8hUIn1h3xj0+sHgJfL1SiOBxRqRteAnJX87oKV4=","115":"ZPFoEXP3qNvRJ3eKylmztaA4nBWY/axS99VbFT+3260=","116":"bFvwk0fUkZiE0pVVP8aSLzF436sHiE+805+rXhfab7w=","117":"xRvLSkn6/klDPJuQqJgvAhB0ayIiVxdwnsyw/dCyKBc=","118":"KOxGG9Ghn7CnGrdVqdijwVRSa/a3cgF1DPJnPsj3Ot0="}},"BdUE4bgImfP8vwuxJpOE+VBemI1Aym1PI5NNSkmE88Ve":{"chainKey":{"counter":6},"chainType":2,"messageKeys":{"0":"wQ/H7TK8UDlmMc2y2x9jLuLCYyk4AuCkSlxVIwR4p5g=","1":"BVmbyRy9cscB6kBRYGKMhml5Iv+wI8HT05AZSaU/OeQ="}},"BUtdBO04iWjomHjQw+u19Uh2rk+WgdXW9E1YuuSsUv9l":{"chainKey":{"counter":0},"chainType":2,"messageKeys":{}},"BbBIkkQfZwbh+tzTKchD2sObEaI1rfck7O8I2FeRgolV":{"chainKey":{"counter":0},"chainType":2,"messageKeys":{}},"BQj7V+9xVyAvw9U/SHJrB0SR719maFyfdqF1hcDyyQEj":{"chainKey":{"counter":22},"chainType":2,"messageKeys":{"3":"IVYdnPArmeXEn2db/CeJXL+gUxIMroUCvrhxryvv+CY=","6":"6Ls+LdGiB9f26ZV8ieSGoBDy3Y3bQw3sVVA9hn55FuQ="}},"Ba3CQcdMj/nxCmUDoczc6rIBAQGhoeokgTQh6OhxbuEu":{"chainKey":{"counter":10},"chainType":2,"messageKeys":{"1":"UKbNh5BrBNV1JFVrX3Z7L1yMrLhyPxDiEThWVDykgEo="}},"BeTIzoggwHrKioNdizpCIpUiAZ/lDsJUMJFfCeObVvB3":{"chainKey":{"counter":10},"chainType":2,"messageKeys":{"10":"X0NneGBg8bgJtQHg7nKPhe2tyqbRh7vI+MT32CcHGVg="}},"Bb+sy0X8VBaVUkJNPKBOIVnsIn8+kbYoTGBJVFgKlGBw":{"chainKey":{"counter":7},"chainType":2,"messageKeys":{}},"Bf6HR9AOr65pqQLGBYiGgKkxJl/Acf6uJdOyXOiJojFn":{"chainKey":{"counter":2},"chainType":2,"messageKeys":{}},"BWQsL6cakAjot+S2fRNgIIWo4aFNgk5TyOtmNrekl3dG":{"chainKey":{"counter":0},"chainType":2,"messageKeys":{}},"BSfutU+dZlaGaHwSJdS07bnbD/PynMNF0o6GrpkjFzIJ":{"chainKey":{"counter":0},"chainType":2,"messageKeys":{}},"BRV2mC3pKn2UzTulesZtmQJfQCT5njQ8gx6TLeSNx/Yv":{"chainKey":{"counter":8},"chainType":2,"messageKeys":{}},"BQTAR18lxSCSRXsFmxZxq9oNg9+1rObezZHGVrvfc1wB":{"chainKey":{"counter":0},"chainType":2,"messageKeys":{}},"BapvKlkJrMBKbc62YscZnPLUFulIE0lf0968mKhx1R5H":{"chainKey":{"counter":0},"chainType":2,"messageKeys":{}},"BaFHB5M3zvOpvDpoSNQtRru9s9hCbFMYTJHOv146tp5z":{"chainKey":{"counter":0},"chainType":2,"messageKeys":{}},"BWwYkJkBmxYSAj54jS8hnVErc1UWZLLQV0kr7G4pgFMc":{"chainKey":{"counter":0},"chainType":2,"messageKeys":{}},"BX81siUMtnNscepWlXvRypiWdGenGEStUr9lgTnB1xo5":{"chainKey":{"counter":6},"chainType":2,"messageKeys":{}},"BRLzE7r/WPUlcsg0E7qUgkgNZgsVJJkpW9+jKmbuo2EG":{"chainKey":{"counter":0},"chainType":2,"messageKeys":{}},"BcZZnqPoaCnp/zUR/fD7mQ+GU7q+zD551E+l2ouVG9s/":{"chainKey":{"counter":0},"chainType":2,"messageKeys":{}},"BQ7gDVzoPhGC2PHKMxm0/ZJQXEpBJgGVdfqsa1SVK+IA":{"chainKey":{"counter":1},"chainType":2,"messageKeys":{}},"BV+K7msnq4dGZFvhOxw8fkZAKRL3c93jaWD6DP0d7dUx":{"chainKey":{"counter":271},"chainType":2,"messageKeys":{"2":"6tANdhXOPW+J/GW8UAJLUhE3cDDIhkiENPmxrnNLnsk=","15":"8fNMfmRLdLr7LfgShUGOoz0tn0jF+iVOTyKby1tUp4c=","93":"RulwXgYzfeKd5W4+b4gtMXe3lz/p56M8yxzckQQv1K0=","166":"Tpl9O6vHA8Vcry4ctbVxFsOb8IhiM0IGAwxL37nTFTg=","175":"Xo78JJJ+8huZzqyojsd/ms85l5NUucVPugWcG3NVx4Q=","176":"GNzi6uwTfKLlEK6xGtfOyaXugD8t+QoeVWnbnYUymBM=","177":"GkParyzljT+vbkcYjKj15TbT/XJsqcm+GzjewyEWTFo=","178":"e3mwu09/QRRLldmjlBVOwvb5y18boigGtC4rUVkqVng=","179":"IhvYNgAV5J819idn6G4hUhblFrs2Jvb6neW3EJisbRA=","180":"CavqH7iXjbICY75m+VegcZbHaodWvM2W5h/u21dQlDY=","181":"ecBVLraF2SHVuzxPr3QHPEkEu3LC+3WNlppB1HkpePQ=","182":"sI4v67QL5/heMkEeD8dZyDMlZ97HeAqeO4gW5exk7Nk=","183":"gDtcsS7bey6s9dLfuXX0oX7XuWADXkVIUmChBkYlLAs=","184":"C9J96J3/KIPvdUyji3kIaLNbC/LeihogTloi3ATLR48=","185":"yS0hDC0J7sUZMYXwP8v7kqrj6TtMWUQgo+A5GVZJIh0=","186":"pGnjhap5+Hm0bIvMBHA7f3PiUfCkdw2YG942lWlrUec=","187":"DLUzr5mpj3w8qkYrHESWs1+6PrEVl4AKuKSXWMdOigY=","188":"ZOJsFk7zRHWASKwQ4wVSdTiJDtxwwS8WMNUdXu9Wstg=","189":"NGgNxtfBeFnUNBKVsOJg1CGmCHsKeFgNk6g6edE2db4=","190":"XcgJCiIjkZNd8j6EbfAFkQwAdO/10dFlSq4KZznnB1s=","191":"afv8VlY7DS3vggeyuXyR+ZApNDQZzCZPl1jsPf6paGk=","192":"MZ8Bcpmn/7dGBxXsx31CGv+ILLXjBdQAXpqCZ24oo8U=","193":"zi0ymXsOG5zKXO7JNZTX3l0vBL6rL4qKTCghuJa/cuI=","194":"HLT6NHo3/LWdlviFRTSu30Jf0dQh8MLvm6dK+U1HoS4=","195":"OOrQpCvenxP4x+lQtluI2jwIUTQ2w1uGdKDDM6kvsJU=","196":"IEGFU73JSH6DgpkEDsMqrjsX431XuQbxkASV/uaTWog=","197":"8ixqDkHiQucS63a/PBRmvhuamquS2H9MP47KAUBxUV0=","198":"fGkjHgeqjzoI0mFP/rnmj2ctQ+zBSfnJz1oe6nTOL2g=","199":"phJ5DPbu42uXa/7AiI4NcI3nGabyGBTVA6h+346chjo=","200":"Js/v5XwG0nB1bGf28p449zHyujFlUfo0nrhY5ViNJvs=","201":"OW3FIos13ThcOluNAGAIwRBAqv5KMHhMsh0iNzHcZc4=","202":"LSZf/jgkfADxMFUQLHhXc1Dw1WnAaF9JZfr9i+gj7sg=","203":"txCGMJqI/cr6Q0Zi/dX9RbOSB+UlXK77YLj62yPVv80=","204":"8p3qZtLCVqbFMeoI+ixErCJVpJLarIPyFlJYffGTB8g=","205":"fu6DofqG0BUx7LImqKoz/SevmHLBOO69jsfx1qfZstg=","206":"G56kMu0YDGPYmXQxwnI6A6LFPOVsRWCqIp/8hdXxEXc=","207":"tPCqNic84C2mgDlqySXTe8k0wB613v3EBl2b5dYJvL8=","208":"K+JekQk1mvStbRkoTc18MRvcsWiTgt3ftmKjZ9BlD4g=","209":"KaG76OfEXfB9rZLTUqssjBnjnKeI13x8YpgqqEp84XM=","210":"W9BjIocIVsnHKLN774C00mhl1z5c8Fu5vDyBNZ/Abgw=","211":"jWQKALdsPHVDwF4es/5cQ/wFuY/R7ENRmOU56Zj79fs=","212":"ZjzSve4EGAHslO9fbBFOCA0uQTrbhVyeDk1vyIFm+eA=","213":"LJiXIRELCCxLOyT1Rj+IhA5Ab1nH3lc7mKjFsWReDH0=","214":"BD2DIw03F1u8roegMiAVZ6Sf01CddvYfUD4RAD0n/OA=","215":"anUZC6w1y/oFJC7yz1jNTMZMh4tQ+9RCJTUYvMCDR04=","216":"/ZdEdyQhGMnJkUF9K8LhEuI//PV7NlO0u2qfFHLPeZ8=","217":"Jm+Efa/gzbFMfES47S/tCAM30kIiHm2ui/7ea2jPOwU=","218":"4G1jZJLxKbBSNOUywFmZPw+3P3vRUB5DtdPmhZdXh8M=","219":"e7aq0Bmf2yfD9xcS7XqHcd84OypIk9hnsqyhdKvNQp8=","220":"idCk0ChEzJGkoxb3aJtgx3oqF4j8o8lMM0NI8AexJIc=","221":"Lv7AQxRnK55Xf7R9tB5yHgU6jk97l7c4JrIMzVSjFvQ=","222":"ypmyAJY6NS1aASOKL7RPrYdm7DkBR07Omoue9TNDY7g=","223":"KethlTdWMpCqc5BTdhmMzLGOKgFmX4F5yIaeKqSbaNU=","224":"QGtoTLaWAiO2BstTFMuaC9/QdYqAjgaLK3j0HYXWeJA=","225":"zzyi9wm9jY4INv6NI55zrBgQ43Q4uJrTfPF6ct6PnLU=","226":"UHz8Qvb0v0eJsP0ma8aeidyyq0Pr6N/NY9Q7xXHof+w=","227":"1ouM9U+p0ECdj1Fotglb0FlQwhsvIFC9H9IUl4du0Bs=","228":"44MV2Ie/t8LHlkwjkp9TYKnvwcA/B8ejlSOTdJPULyk=","229":"8g6zltK4YuB23k1TvJ/XjDZiKGvLfRJ0NKSYjWzC+ag=","230":"s6F7v2xvweDbvnBSF8v6nJ+e7j4a5+f7+pP4i/Lc7y4=","231":"Ui1j4OQBEEJYsKBOBGqrFkI7AKQglpNj3h1fP9VpQKs=","232":"V3GEhxz3XOLdfillqhqwx4sNGfn4jWOtoGjHqg34TDI=","233":"wRiUd8o9BLsCOuMjzNGxRWZgiV92ZB9F/yDXTAEBIvY=","234":"xK5LDeuRzWCa1HSYjWU64WgkeAyCba//FVgoFh7CeTs=","235":"r7PJ3sE3vCrEi2hQZm7uOEzWmgQ+zWkrPV+I8/SZYNE=","236":"/VSXYYo1U7EgFLI6cbG7OLQERKjgjkksM+7H4+3OE9Q=","237":"/Axq2iCx8b2xgjF/GmHl9JZwqxSn/RDHpo3kDVZNyUk=","238":"qlvo3SsWjBzRU6GBpwVsRW2RLCOYBcDH0uH9VTOpLtU=","239":"cxXrbPajj21A0AlV6CcfxN5wu5hGuXr80WSnSLzCDnA=","240":"rrhVoZwqKTkGGoQeZbh8wN+YjSKsMIY0xjtxkdS3NOY=","241":"K+zqV5sGTvR/lkmngSjS4b+brVcKNM1xeUUXiGvadAE=","242":"lOlNOOsYYE6/3LJMNrML6fx6hATyrTuB4knq5vpLuLA=","243":"/TmmgzP7fgWVExNj7c8RjW6M1lL2ga/0notkwqX78P8=","244":"/XNGl0PunWJPUGbefth2xgdOTWL6P47FQYxUPEpue9I=","245":"Oi6F6aUUQAGvNhEP4+Q4kfxtLQZ0Z30jCmwWH+Zn3DE=","246":"2mkO9LbtSRf/EFGal7gxrbasQWOc9ZigiXia7ArgB1U=","247":"nbQ2d6W0Eujw161FEtXu2MyTnOiKS1X3WZzWKC67zWs=","248":"56sPMc8zg9Eq17HnMqn8kUVwnwXTEhRZCJmE9EhhI8w=","249":"zrKctxjtaLW7XGTLbfVlOo1SWsOpA6EYZj+5OjtAefY=","250":"nCq9wibiminUCaMC8ZG0Td5bPUIhlLaXZWF6iMM20MA=","251":"KQ+PNiayX+dkkHfGXgU3L3xmTdNaVQ6hWtO+/gATguw=","252":"7ZRLo2e7rdB267+nO9NSbqSjI2tFMwEYUG8iHNdIvQo=","253":"Wt/q69ER4zWNVmODC/nc4oYg2F/d8XwqB5Oo/b1xYVk=","254":"Ufd19ri1CNPjrlPZUPHv/AaG7KZqSJL7gVdeHV+3TRc=","255":"RD1g+719wbdENOeuBwr6r2Tk0NCVYERKGT1TpQ0+fEc=","256":"kyp5mAv1HeefwwLNLZwN5eE/dZ9OcMLVG2zSCUH+LF0=","257":"k1hUPQOnFeqaZHfqZw5dLZHs+L3DvZw7nU/mWyb1SvA=","258":"XBMiQgjuMXSPPiexdPB90CMfmARq3bTIpb8UkHTdFyE=","259":"juVcb85k2GbTwJn/6Vw5PAVGfIfNgv0fUSmT9iXn8Ag=","260":"EVuTCZ76aVxjSIQg7a5hLYvEYHAlPHq0jmXsbs/ul+I=","261":"etGCQyF7aTfDmL5sOm0QRVrV7bwI73KG5ZXkebJ4vm8=","262":"jjN9lcxAh8Lms921kXTcXkQF0j6OaQwcr6HIUDDmjKs=","263":"Xai8CmWLXLXZMZMxM3BZ0EGMB9zG81qo36C5e0A1vVs=","264":"8BLlK8twiRDfSCtVjdrKO3yDXgfZRsTiHRGenK5xuyk=","265":"F8D+CpLDmXxl6+pNvrejsafipYp4QrM9nY7wEBIMX8c=","266":"QV7TF2pqWJ/dJQZtENMymI9IL9h/QqOoEfwAK7XjweA=","267":"LykgaQYSJ/j+ceIcpIHH9EDmqbEvZni4+D075iNCsLw=","268":"A2W/zetPjc9mvNZ3LmccgMyPFJ07QkR/7z0J9HLbKV4=","269":"rK74gFns4GzaBY8CeLuqUen2Za0f0nt02Of93x7IaAU=","270":"R+i4/aV45x5jbhYv93FNmzKJ31PYV6/t4fKHQ7qs5M0=","271":"NH/CG7iBK21uZvnniH0OuNTvfRAbELBAVhjyVukItLM="}},"BZIHHt+lilTuO4E1uMtX/y3micrrWOoNIoucWHc4ZjAl":{"chainKey":{"counter":2},"chainType":2,"messageKeys":{"0":"UVdJUoNLUbr6fRxsgdq6Hjy+EGC0xIR4BiXjiENm4Pc=","1":"acwtWdzcD6STp3WHs+VZlA2w0jOTNbjdqlTm3mZi87E="}},"BctqykAbEMDHw36hpsfosYWGknrIZpIadh5I6Bi+tQpe":{"chainKey":{"counter":2},"chainType":2,"messageKeys":{}},"Baa0giDPfpRQCcdXhWJdfptPLGPlcjKp8VkUB5CvB/pm":{"chainKey":{"counter":0},"chainType":2,"messageKeys":{}},"BbeYGagn8zCdTGGrl2GLDsBeGkJhHDHlXwyZ3Lb0EH12":{"chainKey":{"counter":0,"key":"F/sCHOWwNGGz/fQqHRN8KVbXfDHZr1ywPT9WTd4iwHo="},"chainType":2,"messageKeys":{}},"BYR2SoVodLIbUD80DkIVusXo9P0mSOjRXpIh/OfVdyVf":{"chainKey":{"counter":1,"key":"i5paenmIqPrlDRD6XJgjm7ls45UDROcI/7l2r4xIjps="},"chainType":1,"messageKeys":{}}}}},"version":"v1"}