{"_sessions":{"BRIZCDNYWh0n940AU1Cn94fUk/EspRC0+FyN3cgmeEcU":{"registrationId":809871727,"currentRatchet":{"ephemeralKeyPair":{"pubKey":"BcFuyca7jp+6oKByz77ogjUDk5ZqhXVj+ResPkdyVKgV","privKey":"8OinxHaFjacpih8f9f7YmQ6p+Bkgtgp65lCevO1Vc3k="},"lastRemoteEphemeralKey":"BRLiH8lWQurTcpGF0rQG/RzftU015/4ofZXOXF1nk+Ua","previousCounter":0,"rootKey":"hPTXTF0VwDAFpn9+8nMiM5dkxn4Cf+iTtHvMjmAVniE="},"indexInfo":{"baseKey":"BRIZCDNYWh0n940AU1Cn94fUk/EspRC0+FyN3cgmeEcU","baseKeyType":2,"closed":-1,"used":1730512120076,"created":1730512120076,"remoteIdentityKey":"BUFTNLT3ij5tqRojuCZv6nzYGM2NtXZmnNcgc+4khS8D"},"_chains":{"BRLiH8lWQurTcpGF0rQG/RzftU015/4ofZXOXF1nk+Ua":{"chainKey":{"counter":0,"key":"RwR42FhteFRV/UQCL/LFRRmuu53xkIs/K0Uixp4EG7I="},"chainType":2,"messageKeys":{}},"BcFuyca7jp+6oKByz77ogjUDk5ZqhXVj+ResPkdyVKgV":{"chainKey":{"counter":-1,"key":"SNlW8mnqNKEc9l3OYpetCMAJ8JNf0CsWDFRbaixnYFI="},"chainType":1,"messageKeys":{}}}}},"version":"v1"}