{"_sessions":{"BZCi8LpXcrs1eFai8yeNFbYVJbD04tbBsi/DGcGlqI9i":{"registrationId":504621581,"currentRatchet":{"ephemeralKeyPair":{"pubKey":"BToGDs8Vw2r4B6fd99lEbpTuDv1yCr/T8vWpQDu/9r98","privKey":"iP0FRDoLpPUGEdpjaf0eaOMpdDMZFppywuGZ0k7c51c="},"lastRemoteEphemeralKey":"BeGwCO2vMo7uSFC8Hemi9mfXMBMS+K+KUF+Adq7GyOwA","previousCounter":0,"rootKey":"EjS2t/vJNK6W8sbXMqtgW+zyfqKcTLzfUtspgW8kbrU="},"indexInfo":{"baseKey":"BZCi8LpXcrs1eFai8yeNFbYVJbD04tbBsi/DGcGlqI9i","baseKeyType":2,"closed":-1,"used":1730523239552,"created":1730523239552,"remoteIdentityKey":"BZcrYVCXmusbrab4K4b168N1mPKYF9/38QIZiVELba5T"},"_chains":{"BeGwCO2vMo7uSFC8Hemi9mfXMBMS+K+KUF+Adq7GyOwA":{"chainKey":{"counter":1,"key":"WFLsBTfMKAXzSXGTK1KRJmzMyXFK9+gzwqqLgFfcp7E="},"chainType":2,"messageKeys":{}},"BToGDs8Vw2r4B6fd99lEbpTuDv1yCr/T8vWpQDu/9r98":{"chainKey":{"counter":-1,"key":"ZWmX+NyvF7DaNP+U7qxTRQFjEkDP+1dF6OKA7cZf2VY="},"chainType":1,"messageKeys":{}}}}},"version":"v1"}