{"_sessions":{"BVkt0BV7vz+TstXf0fPWPFmuTeaZ3Y6DcveYqXeoXYoc":{"registrationId":568084878,"currentRatchet":{"ephemeralKeyPair":{"pubKey":"BVRmG4XJ6MqzJV2i8EiNJf15LCRXtH4ZeubX8gu59CJu","privKey":"MKo8XrxF9PnXETf7Pv4mum9/wRXFE0ngKm9QPs66EXU="},"lastRemoteEphemeralKey":"BeCKLSufNqyGSuImNNG7SncgMRXPzbDL7QJN5uqDa+w8","previousCounter":0,"rootKey":"23JdrgAjRVxAbJb4QPRAjIOjztuD39CSqQTqOSFJc4E="},"indexInfo":{"baseKey":"BVkt0BV7vz+TstXf0fPWPFmuTeaZ3Y6DcveYqXeoXYoc","baseKeyType":2,"closed":-1,"used":1730524847200,"created":1730524847200,"remoteIdentityKey":"BTVKbJngV7ZnECZyygoB7R6SawLUOUUkqVQCBYq0QjYA"},"_chains":{"BeCKLSufNqyGSuImNNG7SncgMRXPzbDL7QJN5uqDa+w8":{"chainKey":{"counter":1,"key":"kr6EQmQH64sbDebmvxj31rStYsp2tEwV0cO1u1RRb2M="},"chainType":2,"messageKeys":{"0":"KnD2ML/AK3xMeQhjqLI30JWvcSwSu487tAoETRfFT2Y="}},"BVRmG4XJ6MqzJV2i8EiNJf15LCRXtH4ZeubX8gu59CJu":{"chainKey":{"counter":-1,"key":"zPK+502zMrKdJoFxN+wr/ere/31EdgTewm/dMNL1Qmk="},"chainType":1,"messageKeys":{}}}}},"version":"v1"}