{"_sessions":{"BUpQQ13yf5M0VXpSmq9CSDu8WX6MCq5bKqG2HeqQGKAT":{"registrationId":192,"currentRatchet":{"ephemeralKeyPair":{"pubKey":"Bd0NTEuv5VC/0ZkSPpffOjKlrnN76uWumX0dwwhm1ZYx","privKey":"oBoUTKJIRE1uUGvg2Qend76a+R1ubNVJ8hfdSCEUZVc="},"lastRemoteEphemeralKey":"BccY3bsrv64Wjzxk0Av50YQvmpbO0oG/e9GjOxhrjhcs","previousCounter":0,"rootKey":"GYpl33x+uyu602IKljQsnQUpxaEuJmaOFN0mlwmWHJU="},"indexInfo":{"baseKey":"BUpQQ13yf5M0VXpSmq9CSDu8WX6MCq5bKqG2HeqQGKAT","baseKeyType":2,"closed":-1,"used":1730469544649,"created":1730469544649,"remoteIdentityKey":"BaUj8XQ1sMTG3Lpv9zQ/DGig9SnbG5h1JKGQAf5ng7hY"},"_chains":{"BccY3bsrv64Wjzxk0Av50YQvmpbO0oG/e9GjOxhrjhcs":{"chainKey":{"counter":0,"key":"Kx5gSAdVtnUF1aAIzVf8fmdNoTbqIR+LWyr/++BluGI="},"chainType":2,"messageKeys":{}},"Bd0NTEuv5VC/0ZkSPpffOjKlrnN76uWumX0dwwhm1ZYx":{"chainKey":{"counter":-1,"key":"qjllP6pUeUPjjaAFTdsGcSaoRempLOu9oCzsWTuZFZA="},"chainType":1,"messageKeys":{}}}}},"version":"v1"}