{"_sessions":{"BeQzeCz0Oi6kdnaRrfQ24JcA5HutxmFxMpnVLxnWpt40":{"registrationId":1314649853,"currentRatchet":{"ephemeralKeyPair":{"pubKey":"BSNudcIqqNuFP80w+hxN/AXNmaxP9wJA+aRmfAhXc+44","privKey":"UL85Nh7zyDqHtfdfPO7xxZQes35yi4XfmT2K6nRG52E="},"lastRemoteEphemeralKey":"BXt4wwYa/zvM7NhpcJt7M/4XEDypzCbm2yPgQFArqicu","previousCounter":0,"rootKey":"LEuVGZH4K3dirOzQ1cBTAtj9H1clsUm93UVZ5dhe5UM="},"indexInfo":{"baseKey":"BeQzeCz0Oi6kdnaRrfQ24JcA5HutxmFxMpnVLxnWpt40","baseKeyType":2,"closed":-1,"used":1730523237839,"created":1730523237839,"remoteIdentityKey":"Bar8Qcq51pS+FyXNnDzWgUeSNCvpYnrbSvoo1O7ROtVR"},"_chains":{"BXt4wwYa/zvM7NhpcJt7M/4XEDypzCbm2yPgQFArqicu":{"chainKey":{"counter":1,"key":"OkqDq30DY/tjbnQKRVxxwKfv2Hyz8dUeT9jfn+YNx2c="},"chainType":2,"messageKeys":{}},"BSNudcIqqNuFP80w+hxN/AXNmaxP9wJA+aRmfAhXc+44":{"chainKey":{"counter":0,"key":"PaGM9G60jZcAPTVyG/dApyg3t4kN/BHYj8p7Thwk/M8="},"chainType":1,"messageKeys":{}}}}},"version":"v1"}