{"_sessions":{"BRG4L2F4Ulijd7hPR35GpMvvrrzMlGBt3gTUW9uyeKAJ":{"registrationId":1578459454,"currentRatchet":{"ephemeralKeyPair":{"pubKey":"Be2xa2fvuQAJuX4f2utM05/2dy/TD/AzElfmuCPQBlF/","privKey":"SJsv2Pecx3yeNE+tvNQ2+XGaK6iUEXp3y7ATOlSDwHg="},"lastRemoteEphemeralKey":"BbTbj70NZgC7WQa4IM9Jwm+wGcBwM6/h2dzWSQ4P5No6","previousCounter":0,"rootKey":"9U8bWDKxFhpyeKbj3UtCkD39uLcVW3/nhCG2W+Dcm1M="},"indexInfo":{"baseKey":"BRG4L2F4Ulijd7hPR35GpMvvrrzMlGBt3gTUW9uyeKAJ","baseKeyType":1,"closed":-1,"used":1730617939930,"created":1730617939930,"remoteIdentityKey":"BRzGgHm01MJfWRsT4XjlpLBx5QtdWGtzo5TmyC2iYUk7"},"_chains":{"Be2xa2fvuQAJuX4f2utM05/2dy/TD/AzElfmuCPQBlF/":{"chainKey":{"counter":0,"key":"W221X+TIqOset9UEBQxqZ9os183x8i8GV74YBejbeMY="},"chainType":1,"messageKeys":{}}},"pendingPreKey":{"signedKeyId":6,"baseKey":"BRG4L2F4Ulijd7hPR35GpMvvrrzMlGBt3gTUW9uyeKAJ","preKeyId":1352595}}},"version":"v1"}