{"_sessions":{"BbE4lIw5vmiCDN+jwclhXZnkLW5mRn/X+n3MEnIdyOdr":{"registrationId":1523242233,"currentRatchet":{"ephemeralKeyPair":{"pubKey":"BTLSuXE5FM8cOt4UNRhQdYLv9QH9K+BPaD45ymaioSxQ","privKey":"8GOYvl9Cf056HMRFlInRNwCtLOeTcTEwQ4FpyOEk6WA="},"lastRemoteEphemeralKey":"BR75JbS3AJ4G11DIhZ2KZbay5X/TKshDjsgl2srs1H1Y","previousCounter":1,"rootKey":"jLVqxP2139Qgj0fH5e1tJQ2aw60olsOUy+PpRkwbhu4="},"indexInfo":{"baseKey":"BbE4lIw5vmiCDN+jwclhXZnkLW5mRn/X+n3MEnIdyOdr","baseKeyType":1,"closed":1730512121919,"used":1730617841076,"created":1730512119855,"remoteIdentityKey":"BTtESOFwsl99XzNvV7ppZvrkJwTGPwAIgNQ2eXDNQRAi"},"_chains":{"BR75JbS3AJ4G11DIhZ2KZbay5X/TKshDjsgl2srs1H1Y":{"chainKey":{"counter":7,"key":"boTc/PdZK5Cj+Ugaxl9S22g9QUkz8cFw78FW8dm8gqA="},"chainType":2,"messageKeys":{"2":"BFTtGgPzfpBpq5swSu65eOzLGQ8pEAwAHEnOQpi4qzs=","3":"kdUckmUAQ5UIWK8OZOyu/adoykvtJuzHkx9LrjCenos="}},"BTLSuXE5FM8cOt4UNRhQdYLv9QH9K+BPaD45ymaioSxQ":{"chainKey":{"counter":-1,"key":"yGBOOi89+5XimVujR0IVNKK8LUAz+5yGH36PL9w08eY="},"chainType":1,"messageKeys":{}}}},"BSeFnyCFj0A31wdwV0IrL3FXkRy7VR+Vcr8dIUM2KIIx":{"registrationId":1523242233,"currentRatchet":{"ephemeralKeyPair":{"pubKey":"BQUAwoB33jAdgu3PBXyIYbE740XM4LYNB944JhPA0All","privKey":"4OlJlyKWV/PcP/A6OOfXZDGu4g8lr5VGcDuABmT5DnQ="},"lastRemoteEphemeralKey":"BR75JbS3AJ4G11DIhZ2KZbay5X/TKshDjsgl2srs1H1Y","previousCounter":-1,"rootKey":"IL6IJgyjdmv1IUdb9wYcZLBy7KmffEQlmq7QB8eZBRo="},"indexInfo":{"baseKey":"BSeFnyCFj0A31wdwV0IrL3FXkRy7VR+Vcr8dIUM2KIIx","baseKeyType":2,"closed":-1,"used":1730512121924,"created":1730512121924,"remoteIdentityKey":"BTtESOFwsl99XzNvV7ppZvrkJwTGPwAIgNQ2eXDNQRAi"},"_chains":{"BXCcouEx+x8Nhe4jH0+O+4d+pfn6f7WsHyImg4FBfSQ3":{"chainKey":{"counter":8},"chainType":2,"messageKeys":{}},"BR75JbS3AJ4G11DIhZ2KZbay5X/TKshDjsgl2srs1H1Y":{"chainKey":{"counter":0,"key":"HqrZo9yNDBvbMj+clOuaKA5gJVZb4mdkKInyhnqUe8U="},"chainType":2,"messageKeys":{}},"BQUAwoB33jAdgu3PBXyIYbE740XM4LYNB944JhPA0All":{"chainKey":{"counter":0,"key":"aEAy+DwR/DRe+2wYdtFQ9OCzQAkj2imEaF6adVIX65o="},"chainType":1,"messageKeys":{}}}}},"version":"v1"}