{"_sessions":{"BXIAhYZyfcT7qJhAGrfQ55vcjV0IKuYH4YLrfiWwUEVE":{"registrationId":2108582434,"currentRatchet":{"ephemeralKeyPair":{"pubKey":"BXzoYGu0F7Cu3Eu1ZCoFTRy7L+IOBxSMEL4/h+mz6PAT","privKey":"MFidkr6G3orrF5npHuxn6CI+p9mLHjq/MPFgHIs7Pnc="},"lastRemoteEphemeralKey":"BbtByek4Q0T35FB6P72FEIVhJvUpGOTrfRtW4SdDDMA6","previousCounter":0,"rootKey":"PxGbUqTp6x4F0/ll5Qmv0oYKlImBSfTQLSKuWj+mjGI="},"indexInfo":{"baseKey":"BXIAhYZyfcT7qJhAGrfQ55vcjV0IKuYH4YLrfiWwUEVE","baseKeyType":1,"closed":1730523281952,"used":1730469400522,"created":1730469400522,"remoteIdentityKey":"BQ6nWBqjsaZXee9znigkLQqoQvpeGclPbGyu8Br7/gZ7"},"_chains":{"BXzoYGu0F7Cu3Eu1ZCoFTRy7L+IOBxSMEL4/h+mz6PAT":{"chainKey":{"counter":10,"key":"DApyaMrGRvc4Ig6KNcCQh61iATyAgwCtJz15q47Wq4A="},"chainType":1,"messageKeys":{}}},"pendingPreKey":{"signedKeyId":1,"baseKey":"BXIAhYZyfcT7qJhAGrfQ55vcjV0IKuYH4YLrfiWwUEVE","preKeyId":6895370}},"BblcPnjSFeD0MLUHsF3ENK5OGxo/IJ5m1xc8xBV5KeFg":{"registrationId":2108582434,"currentRatchet":{"ephemeralKeyPair":{"pubKey":"Be+hbe6Q0xmu5aYYJre+m0u3LjlhL/2THL633HpMQ4F8","privKey":"iIbFjNoxKYb0onAq3HlMxOmyRiUHalZCtRr5sEgZc14="},"lastRemoteEphemeralKey":"BbtByek4Q0T35FB6P72FEIVhJvUpGOTrfRtW4SdDDMA6","previousCounter":0,"rootKey":"Pypjf4IhPACns/8IqH7bsPSm9QK8TAYzVFAZMGTRkXQ="},"indexInfo":{"baseKey":"BblcPnjSFeD0MLUHsF3ENK5OGxo/IJ5m1xc8xBV5KeFg","baseKeyType":1,"closed":1730523287309,"used":1730523281951,"created":1730523281951,"remoteIdentityKey":"BQ6nWBqjsaZXee9znigkLQqoQvpeGclPbGyu8Br7/gZ7"},"_chains":{"Be+hbe6Q0xmu5aYYJre+m0u3LjlhL/2THL633HpMQ4F8":{"chainKey":{"counter":0,"key":"eHO7DDuEji5TQdko+TcNerFVqQho9iyCiB8pRF7PuQY="},"chainType":1,"messageKeys":{}}},"pendingPreKey":{"signedKeyId":1,"baseKey":"BblcPnjSFeD0MLUHsF3ENK5OGxo/IJ5m1xc8xBV5KeFg","preKeyId":6895255}},"BVAgyMg3m2PUhL4KwZEz956aFbpkK5Vi7tT7OmsGlSc7":{"registrationId":2108582434,"currentRatchet":{"ephemeralKeyPair":{"pubKey":"Bd6ebC4vxRyMocpTmryrT5HXT4R+kGiR6tss1GvFwB5Z","privKey":"UPPqzo//Qnm3QJHpI3Or902Ek8QZ0HEmwmUWkVKb41g="},"lastRemoteEphemeralKey":"BUbmQYU8O+nHcOqMoQGPhoCX19fk2T0OyglkQF17BulF","previousCounter":9,"rootKey":"WaFxu1gqoyD7aRTF4VzROa92nm7fgHZ9oN6QQUITETE="},"indexInfo":{"baseKey":"BVAgyMg3m2PUhL4KwZEz956aFbpkK5Vi7tT7OmsGlSc7","baseKeyType":1,"closed":1730617921677,"used":1730617844491,"created":1730523287308,"remoteIdentityKey":"BQ6nWBqjsaZXee9znigkLQqoQvpeGclPbGyu8Br7/gZ7"},"_chains":{"BUbmQYU8O+nHcOqMoQGPhoCX19fk2T0OyglkQF17BulF":{"chainKey":{"counter":0,"key":"qCj7xO+2WO5zO+gz06Tq/nFPUlRuTSEZ3/Mik5UDguk="},"chainType":2,"messageKeys":{}},"Bd6ebC4vxRyMocpTmryrT5HXT4R+kGiR6tss1GvFwB5Z":{"chainKey":{"counter":0,"key":"PLEAOfQ+6JU6PyfSmtCyIGxkthdkWboq8WH3uU5b6VI="},"chainType":1,"messageKeys":{}}}},"BdrQE/pwQrRrQyiKxVrqJIP3m8ag4ix6THrUOLBFEJZs":{"registrationId":217778834,"currentRatchet":{"ephemeralKeyPair":{"pubKey":"BXWcfupj3Msctp6lsje6hiZ0AbI0jGLti8r5b44IpKAW","privKey":"gCo+1c8cM5Tz5rUo5MQSlek4TvJRIYyjmx7UAzSu1nc="},"lastRemoteEphemeralKey":"BQ96grwToR94d1SG/qEBcChb0ZfENpskytL0AJlFZKhL","previousCounter":0,"rootKey":"X5rhQqEqyNd5iOMhIg+w55+t7GY3uFZ+9QT5h1N9YCM="},"indexInfo":{"baseKey":"BdrQE/pwQrRrQyiKxVrqJIP3m8ag4ix6THrUOLBFEJZs","baseKeyType":1,"closed":1730617940886,"used":1730617921675,"created":1730617921675,"remoteIdentityKey":"BVgaOtxWcFzM5b0EDMUMT4HdiL+NT32AN9VRIphvb70E"},"_chains":{"BXWcfupj3Msctp6lsje6hiZ0AbI0jGLti8r5b44IpKAW":{"chainKey":{"counter":1,"key":"MzFdGBv83dThV7NrT22/eqG0CJD3GyvkKzAmlTGMUPk="},"chainType":1,"messageKeys":{}}},"pendingPreKey":{"signedKeyId":0,"baseKey":"BdrQE/pwQrRrQyiKxVrqJIP3m8ag4ix6THrUOLBFEJZs","preKeyId":4760816}},"BREJyJHpcfKUatYA6V0qmPoVCTCrRrfNcnkG5LJmR3Zb":{"registrationId":217778834,"currentRatchet":{"ephemeralKeyPair":{"pubKey":"BZ3xJZf9lg0We3sVs7ld7dhq/BVM+u+B6ViNbZnuhrB/","privKey":"GLIBzeLHb5ZS0SBMrZ0iXQRmctfs/Ov2SrFHp2MWnFo="},"lastRemoteEphemeralKey":"BQ96grwToR94d1SG/qEBcChb0ZfENpskytL0AJlFZKhL","previousCounter":0,"rootKey":"w2qDkNPhWM0RCk0u04p4GEI6OpHLHJ7WZZbEZ08cXC4="},"indexInfo":{"baseKey":"BREJyJHpcfKUatYA6V0qmPoVCTCrRrfNcnkG5LJmR3Zb","baseKeyType":1,"closed":-1,"used":1730617940885,"created":1730617940885,"remoteIdentityKey":"BVgaOtxWcFzM5b0EDMUMT4HdiL+NT32AN9VRIphvb70E"},"_chains":{"BZ3xJZf9lg0We3sVs7ld7dhq/BVM+u+B6ViNbZnuhrB/":{"chainKey":{"counter":1,"key":"2+NucVbhE8B80PZFIniQ0GIrXnciVHi8kODaW8w/iYo="},"chainType":1,"messageKeys":{}}},"pendingPreKey":{"signedKeyId":0,"baseKey":"BREJyJHpcfKUatYA6V0qmPoVCTCrRrfNcnkG5LJmR3Zb","preKeyId":4760781}}},"version":"v1"}