{"_sessions":{"BbsJgXyx8v3n4UFLlN9ZJaaZuu5nGYbFEa9Yuqx5k4NZ":{"registrationId":1159242902,"currentRatchet":{"ephemeralKeyPair":{"pubKey":"BRMVqJ6t+ex5grf2Ob16wYbXgUKZlQgS13UxSvmYhS8A","privKey":"4HwTFAO4z5h/S9fNVt4i+TONhn9wunTxWA0kFqsOqmc="},"lastRemoteEphemeralKey":"BbY9wcpKzvCMvLoagvfJji85eIpYkX4uMy/1B82Qti8Q","previousCounter":0,"rootKey":"XfB9w7l9NbIQh+NyqnH1VRfjtmT0T1aMfAD6xgghTDk="},"indexInfo":{"baseKey":"BbsJgXyx8v3n4UFLlN9ZJaaZuu5nGYbFEa9Yuqx5k4NZ","baseKeyType":2,"closed":-1,"used":1730523231081,"created":1730523231081,"remoteIdentityKey":"BdwjBeBQsxzSdBJp1KFFHRz+Eygv3GOqpGIPMQJLLBtn"},"_chains":{"BbY9wcpKzvCMvLoagvfJji85eIpYkX4uMy/1B82Qti8Q":{"chainKey":{"counter":3,"key":"pEr4NADR8lTuTtriYV5aBTp7S+OoJert8FmWBM7mIl0="},"chainType":2,"messageKeys":{"0":"bUr9V2G1w2IunJK72GbH91n8b3OGia2mwgg00eySvgg=","1":"Zm7JGI9H7F11wyutqrNSRQ5zpMtL2opr4jieog6jaIQ="}},"BRMVqJ6t+ex5grf2Ob16wYbXgUKZlQgS13UxSvmYhS8A":{"chainKey":{"counter":-1,"key":"y7ewX4ABgu0bmvA+ltU3pJbeA75Hg2jGba4skRp9jes="},"chainType":1,"messageKeys":{}}}}},"version":"v1"}