{"_sessions":{"Bb9LYZJhus0C1e6MrJdaoHsorwoWp4mVfZBzhHJatM4O":{"registrationId":1240989561,"currentRatchet":{"ephemeralKeyPair":{"pubKey":"BR/ViTWoeHa5cPzzQd5SZlMbJ916aUehNhcq5ZRYkI5j","privKey":"cEvjllVvRN+KScKbGeDXBiTXpoWdmln/OmHT8wR3LkE="},"lastRemoteEphemeralKey":"BVQm2Q5MhOHx4xK6gYliGorqjnWjCLkj07omyH629scm","previousCounter":0,"rootKey":"oFlKyDARp/J7sGIjPl7n608+60WMC/znDnpjA88g3Sc="},"indexInfo":{"baseKey":"Bb9LYZJhus0C1e6MrJdaoHsorwoWp4mVfZBzhHJatM4O","baseKeyType":1,"closed":-1,"used":1730617939784,"created":1730617939784,"remoteIdentityKey":"BQVhDc8rXtJRGv07cUc6E6PPTuk7Fi+tMjVS4iYBIRQX"},"_chains":{"BR/ViTWoeHa5cPzzQd5SZlMbJ916aUehNhcq5ZRYkI5j":{"chainKey":{"counter":0,"key":"Lzf6xtxs1mCcP36lnbwKJ/5phhQHGPl/kZ/tdYJGyiQ="},"chainType":1,"messageKeys":{}}},"pendingPreKey":{"signedKeyId":3,"baseKey":"Bb9LYZJhus0C1e6MrJdaoHsorwoWp4mVfZBzhHJatM4O","preKeyId":15652642}}},"version":"v1"}