{"_sessions":{"BaWLKg78AtYWlXOh8TwGWlvkqY1nY3VG6wKmmaRhqcQh":{"registrationId":1617068959,"currentRatchet":{"ephemeralKeyPair":{"pubKey":"BYsYsp/fl4MSki3X5bJSirtJjgIKuYZR3T/pWPm24ZNR","privKey":"CGFRU2CcMgRekol+8DFTYjb13J0c3OlbtX2XpM52rH4="},"lastRemoteEphemeralKey":"BaSHJUOf+k1gyII7pY+ZProEOIRVLAFmCLIFBGTow6MH","previousCounter":0,"rootKey":"1hRdV+MWKp2S8IRSbyuSPDiWpeRUhKmILPFTzj50Uog="},"indexInfo":{"baseKey":"BaWLKg78AtYWlXOh8TwGWlvkqY1nY3VG6wKmmaRhqcQh","baseKeyType":2,"closed":-1,"used":1730617844556,"created":1730617844556,"remoteIdentityKey":"BRUm5MVUjwMkapXFPy4vneuypRvUYdMErxCyKTFe+Cgb"},"_chains":{"BaSHJUOf+k1gyII7pY+ZProEOIRVLAFmCLIFBGTow6MH":{"chainKey":{"counter":1,"key":"XFSe4Nta9Gkgcfx8FUJaTbjpyiNOd/+6xBrFABAoYsY="},"chainType":2,"messageKeys":{"0":"Tyx+tyeZoN5wZXAsIOodD0e3XLteGSI/JeUv3PfzJ3Y="}},"BYsYsp/fl4MSki3X5bJSirtJjgIKuYZR3T/pWPm24ZNR":{"chainKey":{"counter":-1,"key":"nuJSwqmyY/evW2943XcLK/2ujjGlHvffB8plovKIwSg="},"chainType":1,"messageKeys":{}}}}},"version":"v1"}