{"_sessions":{"BV8NG3fXeSy5wWPQ661PfykcPfiyRjZGlkrJRaoEeN0j":{"registrationId":1096433131,"currentRatchet":{"ephemeralKeyPair":{"pubKey":"BWbQYSYvjwMTYkSeau+VhJlHnD9S4epMgGKqxqIf9qBF","privKey":"UEj3b6Y+rb0sWXDSVQQdme2ARv4VoKjVrJS+i3wwWXE="},"lastRemoteEphemeralKey":"BWPWIuyNKLtyrAaEJEqSKHr0UCb445drsrZeWA5mjpgA","previousCounter":0,"rootKey":"XMqyCDpnC2XpiR+DbYMY/DxGqNJdrcm7pi3AHHkdh3U="},"indexInfo":{"baseKey":"BV8NG3fXeSy5wWPQ661PfykcPfiyRjZGlkrJRaoEeN0j","baseKeyType":1,"closed":-1,"used":1730617939730,"created":1730617939730,"remoteIdentityKey":"BcAaNu2ow7Vm2hpV4rmxQLBLpuuucAMhjHsxPDNLcLoE"},"_chains":{"BWbQYSYvjwMTYkSeau+VhJlHnD9S4epMgGKqxqIf9qBF":{"chainKey":{"counter":0,"key":"/Cdjfuso1zCf8RXkXCB2lHqfUj2avZWycrf1+YjUoGE="},"chainType":1,"messageKeys":{}}},"pendingPreKey":{"signedKeyId":1,"baseKey":"BV8NG3fXeSy5wWPQ661PfykcPfiyRjZGlkrJRaoEeN0j"}}},"version":"v1"}