{"_sessions":{"BeNfnw0NHY9B5BTxhPxggZaz3cAuUOyRZg0hwfmOH/g/":{"registrationId":491356080,"currentRatchet":{"ephemeralKeyPair":{"pubKey":"BaE0IIRyNIbBBHgzKoi8UhCyOuh6GQt4zDmVMj5S7LFT","privKey":"WDNNQcqzu6fbWUv88Op5zS829jCCgap+MTUWMIbrbWs="},"lastRemoteEphemeralKey":"BTSQwebbtQJdWT7VcciraBrCKsj/74EDI/Dv9ZBSD4UG","previousCounter":0,"rootKey":"KJv+gfkLWIaLNfzEaehbzKxY2ZqLKtOcviRh7ckBB4g="},"indexInfo":{"baseKey":"BeNfnw0NHY9B5BTxhPxggZaz3cAuUOyRZg0hwfmOH/g/","baseKeyType":2,"closed":-1,"used":1730523249304,"created":1730523249304,"remoteIdentityKey":"BTGH/Ln3yO0lAje0EnmEaAU41rcywiKgPskQY8c4+PYm"},"_chains":{"BTSQwebbtQJdWT7VcciraBrCKsj/74EDI/Dv9ZBSD4UG":{"chainKey":{"counter":0,"key":"8tLvLJNIfC8wGD5su5H2v2BQ5XbowfdpufCN25ClHg0="},"chainType":2,"messageKeys":{}},"BaE0IIRyNIbBBHgzKoi8UhCyOuh6GQt4zDmVMj5S7LFT":{"chainKey":{"counter":0,"key":"LMoXzEEEvOKRtlxjjsgKb2OYjdxtPR8R7NAklArXH9I="},"chainType":1,"messageKeys":{}}}}},"version":"v1"}