{"_sessions":{"BShBgRm1ExsS4iLWmGX/mz31G0ynb+zDPGpjV1UaAN8T":{"registrationId":1226001478,"currentRatchet":{"ephemeralKeyPair":{"pubKey":"Bc97yW3J2lWhrjV+SWb7BKUVDbUIoTCLGt3DQWytVPI9","privKey":"wJF11M6U926Mpw32UKWx+eice/w0UDKkmoiwZP4R/Xg="},"lastRemoteEphemeralKey":"BUgXUTkhdqHG3T1sWgVmRs7d1YB6qBeVJ7na2SSLMdA+","previousCounter":0,"rootKey":"H4Ji3EcTnuBmXZ19RlxwP3O8zC/WSB4HprDI+KVwFGw="},"indexInfo":{"baseKey":"BShBgRm1ExsS4iLWmGX/mz31G0ynb+zDPGpjV1UaAN8T","baseKeyType":2,"closed":-1,"used":1730523239107,"created":1730523239107,"remoteIdentityKey":"BT3bUn+MSNwfgsKRY4KBwSf1gVcvHSP1bk7vL1FerQAu"},"_chains":{"BUgXUTkhdqHG3T1sWgVmRs7d1YB6qBeVJ7na2SSLMdA+":{"chainKey":{"counter":0,"key":"X+x13kq2RyhFt3K4Bi9k3g/wMwI5itE8z0afT3hPGkM="},"chainType":2,"messageKeys":{}},"Bc97yW3J2lWhrjV+SWb7BKUVDbUIoTCLGt3DQWytVPI9":{"chainKey":{"counter":-1,"key":"fkJLd6oP2W/voj21tQHgl7gT8qrwPlQz69zFyID+dRw="},"chainType":1,"messageKeys":{}}}}},"version":"v1"}