{"_sessions":{"Bfov4PXABk6AMs5szd2yB8NMZIh7Ud886fGGUqXeD0lR":{"registrationId":1712219373,"currentRatchet":{"ephemeralKeyPair":{"pubKey":"Ba5A86R/BoXn+vsKci+r0VmAZZhhK/yrkA9NbOqaL/cC","privKey":"sD2+4aj+spXXeJvuKEJM0/yH6Wm5h+yugWCWPY41GHQ="},"lastRemoteEphemeralKey":"BTi9qDvmUIyMZxxnLGRvwRSJ0MBgX+TGsX4yUwHSVvVW","previousCounter":0,"rootKey":"BzMYyCzAz8jxzRng9VkW1yEnZiDgm2CJq2d0qDxkdb0="},"indexInfo":{"baseKey":"Bfov4PXABk6AMs5szd2yB8NMZIh7Ud886fGGUqXeD0lR","baseKeyType":2,"closed":-1,"used":1730524328084,"created":1730524328084,"remoteIdentityKey":"BcswdKbFKVD1MMvDRvO2gE00yb2fLP9yODAMCc4c+xY6"},"_chains":{"BTi9qDvmUIyMZxxnLGRvwRSJ0MBgX+TGsX4yUwHSVvVW":{"chainKey":{"counter":7,"key":"DAS3uNTnEQFAgyNv6jL+HVEAo7QSxBHf/hvIqz3qeg8="},"chainType":2,"messageKeys":{"0":"WE0vyEs6OlZq1gWhukwpRDF1P8GOGsxrhPxImve7BgI=","1":"PLY9iA/2/08WoHX4IX0WmVCEi9Z/LWeazYEhE44HzgM=","2":"FRIcv9g6D0O+uNt3C3f9Fy636tkZTa0nxAh5z43f2+o=","4":"K4bOFVyCmrApaLjaVKPObOqsMB1LCCzzVaFFHlrJxjI=","5":"HcQFBBJJvPxRSP86BZAsvYQ1A06fT2A8hJsD4WWS/U8=","6":"7VmVdKqRsSBYOfXjxn2ZzQw0AWWfwt9i/5MQJq6dQ9U="}},"Ba5A86R/BoXn+vsKci+r0VmAZZhhK/yrkA9NbOqaL/cC":{"chainKey":{"counter":-1,"key":"IvNBeUGWut0aHEgUOquUZRbxjzzElGml79sDzbpeY6o="},"chainType":1,"messageKeys":{}}}}},"version":"v1"}