{"_sessions":{"BbJ+CH3MZRVu9ITfdDhaW3LG2eyyQB8B/SYZMwJ5ERQ7":{"registrationId":1745111508,"currentRatchet":{"ephemeralKeyPair":{"pubKey":"Ba0mFaQUW0Gl3uwCC5Mqwn0clh+SVw3L8xzxJenKydR3","privKey":"SCgNEhF+ZZ5ddevpQGTuJgyHJbX+0QHd4oZlLMu5ClM="},"lastRemoteEphemeralKey":"BTU197nZcTm3MbiLeDU2NNE+HfyDkEHwd5zYszexDAVs","previousCounter":0,"rootKey":"TBcqsIDnwuZmF+YF6wz0lcQTchiQmIPVEvcscF/4Nsk="},"indexInfo":{"baseKey":"BbJ+CH3MZRVu9ITfdDhaW3LG2eyyQB8B/SYZMwJ5ERQ7","baseKeyType":1,"closed":-1,"used":1730617939793,"created":1730617939793,"remoteIdentityKey":"Beow3or9BPJDj+1yuUfU4v7aWUKYnGkEQdYiIMHRJP5x"},"_chains":{"Ba0mFaQUW0Gl3uwCC5Mqwn0clh+SVw3L8xzxJenKydR3":{"chainKey":{"counter":0,"key":"gHF2D/J+FnT0CnFesiLZE5BMB4GZU84xsw6SAYbw5lY="},"chainType":1,"messageKeys":{}}},"pendingPreKey":{"signedKeyId":7,"baseKey":"BbJ+CH3MZRVu9ITfdDhaW3LG2eyyQB8B/SYZMwJ5ERQ7","preKeyId":7767039}}},"version":"v1"}