{"_sessions":{"BZrbNeg2i8FEEjKBHYyIlvO24Sqoa6ThNRjo6OuWqShp":{"registrationId":1211031060,"currentRatchet":{"ephemeralKeyPair":{"pubKey":"BU+uQTsDG079xtqWDEw0/LGusV11+MOMrhH10qqr/usk","privKey":"WBGCCHpj7qFMp3g5+eAoH2M5fsy/4Y8MObE5zfXWLmI="},"lastRemoteEphemeralKey":"BU2i0qLI+88dgJukW6vReFxf+Y8F/3ZGkDgHgKnnMZQM","previousCounter":1,"rootKey":"Gcf5Eqxc0UElucqcIA/bUOwtuJsF5IhnNpKj6nXZHEQ="},"indexInfo":{"baseKey":"BZrbNeg2i8FEEjKBHYyIlvO24Sqoa6ThNRjo6OuWqShp","baseKeyType":1,"closed":-1,"used":1730617850259,"created":1730523279150,"remoteIdentityKey":"BRJjo60melB1kt+e2DICxEn108STLVkn1fVhF+vvbnAt"},"_chains":{"BU2i0qLI+88dgJukW6vReFxf+Y8F/3ZGkDgHgKnnMZQM":{"chainKey":{"counter":0,"key":"ro2YcD9t292k7oDHsrR8ZavHTswbKA+cu/jDaT0E/3k="},"chainType":2,"messageKeys":{}},"BU+uQTsDG079xtqWDEw0/LGusV11+MOMrhH10qqr/usk":{"chainKey":{"counter":-1,"key":"RX23ohueKfuzee7qLVpEdivP8n7DMiQr6ayyifw2Gwc="},"chainType":1,"messageKeys":{}}}}},"version":"v1"}