{"_sessions":{"BeDLy8DbrkWCPOQsjHxhdsbNdoPN0WHta+mu4RB56oxG":{"registrationId":1362514469,"currentRatchet":{"ephemeralKeyPair":{"pubKey":"BckKusTLe2L1z1uOjuMdwAVRvm8KbtA6wI2fv3ShnPkM","privKey":"2IdVtt8Bk745kbrZA1YjKMqmE5tlJtehAspHPpS8LHY="},"lastRemoteEphemeralKey":"BYPQlBECQEkYZsG7Zuj42j6SNysaqDDvpSlOxykmquZ2","previousCounter":0,"rootKey":"UrIhZpiO21I0kX5LlnJn0q++azgEpTwMO/iIq7wYkqQ="},"indexInfo":{"baseKey":"BeDLy8DbrkWCPOQsjHxhdsbNdoPN0WHta+mu4RB56oxG","baseKeyType":2,"closed":-1,"used":1730512328209,"created":1730512328209,"remoteIdentityKey":"BcmiYMUhSycuRNzzjawnuEd+JrkzGwrEG367CSyqWT0z"},"_chains":{"BYPQlBECQEkYZsG7Zuj42j6SNysaqDDvpSlOxykmquZ2":{"chainKey":{"counter":2,"key":"vY4l/zUYJd2M0I5j9xRWatLwZBuZEAz0dVszaEctMNM="},"chainType":2,"messageKeys":{}},"BckKusTLe2L1z1uOjuMdwAVRvm8KbtA6wI2fv3ShnPkM":{"chainKey":{"counter":-1,"key":"ZFp+Xt+xq/m4nMZGbwEOxI5gsmf7PTs0Z+6/rD0xhUM="},"chainType":1,"messageKeys":{}}}}},"version":"v1"}