{"_sessions":{"BXms3kw/QcOJWqKNkZPu2wcJ2Pi+awsLBQSKZXQJVCZC":{"registrationId":1722773605,"currentRatchet":{"ephemeralKeyPair":{"pubKey":"BdE5/RZAeB5k6K6jeIc0thRMqRRDRtNIW2s+dBgcDbp3","privKey":"INzNyJw2Ym1zepl+XeU4KptUPCTclZZ7zS1X6WAnhk0="},"lastRemoteEphemeralKey":"BZVCeO2qTHfEDSPq6UBk4Rt1agPgP08Pdw/IOD4Vbd9y","previousCounter":0,"rootKey":"GKUyo0eTyErYZAtrnL5EIfzajkiYMlWN7HLmLCZqSMA="},"indexInfo":{"baseKey":"BXms3kw/QcOJWqKNkZPu2wcJ2Pi+awsLBQSKZXQJVCZC","baseKeyType":2,"closed":-1,"used":1730523239331,"created":1730523239331,"remoteIdentityKey":"BTkqqZNh/ZaBlY+nEAKvH08qU/8d2PzjBd1fWx/1Us1l"},"_chains":{"BZVCeO2qTHfEDSPq6UBk4Rt1agPgP08Pdw/IOD4Vbd9y":{"chainKey":{"counter":1,"key":"FpnLuD614FfecdND/rCgxUF/Gc69ngkG0YSTYy7uZBk="},"chainType":2,"messageKeys":{"0":"5Pe+9dkzWcjf61u+LBhLKbZJQhT5+Hsn+6Zwi/8JvtI="}},"BdE5/RZAeB5k6K6jeIc0thRMqRRDRtNIW2s+dBgcDbp3":{"chainKey":{"counter":-1,"key":"QLTlbkRahL1rRh7VFXNuEiBeRNyetACCQnUMvaJlDXw="},"chainType":1,"messageKeys":{}}}}},"version":"v1"}