{"_sessions":{"BWqwxD+iT8+BTgIsjdtCQQ80gfBHaNn1w2r/6HkdOxJx":{"registrationId":2030170979,"currentRatchet":{"ephemeralKeyPair":{"pubKey":"BTYWBMj4S6LZKkKKSfzlPuXN4uudow71+N0pKZZRCbNf","privKey":"uFop31cfWw2hbbIrwFiA70JQlkGrlg28eiSWtbn3MUI="},"lastRemoteEphemeralKey":"BV3032PF4thiIyghtogl2fHcgiuEue7Of9SLZir9Fic2","previousCounter":0,"rootKey":"kXgn17gX36GtLDdlHZXQYPiSvNP81zI/mNHfThNCofs="},"indexInfo":{"baseKey":"BWqwxD+iT8+BTgIsjdtCQQ80gfBHaNn1w2r/6HkdOxJx","baseKeyType":2,"closed":-1,"used":1730523231883,"created":1730523231883,"remoteIdentityKey":"BWRQITOn1S2tmoGX4GXoWos42fsPYyqfB65Gb4DwhAIe"},"_chains":{"BV3032PF4thiIyghtogl2fHcgiuEue7Of9SLZir9Fic2":{"chainKey":{"counter":0,"key":"gdd/mQgHKZDCdLf4p4Z0OoSmwgOeLHEaKYfGS0jwrB0="},"chainType":2,"messageKeys":{}},"BTYWBMj4S6LZKkKKSfzlPuXN4uudow71+N0pKZZRCbNf":{"chainKey":{"counter":-1,"key":"/M18Z/kaRfv8oPytJJzazyvEsbFIMvDx3crq5jB9lOM="},"chainType":1,"messageKeys":{}}}}},"version":"v1"}