{"_sessions":{"BUI4d3A0mjtfH6RJ46uFtaAWw9DrEeV4B+4yAgl7oEx5":{"registrationId":683204744,"currentRatchet":{"ephemeralKeyPair":{"pubKey":"BUP1MZ65h5cqFfj1Z05jYotkTlkI1sMQWScuIfVWIxpY","privKey":"2HEZ3rpnoi2Tg/r9POMTXQULP/bwKOXxjXEzAwrYaWw="},"lastRemoteEphemeralKey":"BXoY1heEsDauzUtwSaNDxJqbHKDVTSUQmyxxI9ZecSB2","previousCounter":0,"rootKey":"yoKl2xduVjpM+KDsDiTrzn2g+9xMA6E1JUnsqtRP+x8="},"indexInfo":{"baseKey":"BUI4d3A0mjtfH6RJ46uFtaAWw9DrEeV4B+4yAgl7oEx5","baseKeyType":1,"closed":-1,"used":1730617939840,"created":1730617939840,"remoteIdentityKey":"BQjO72n46Ws8GPvGWcoVN8ii8AHOw+rCE8TK2hgNHmRH"},"_chains":{"BUP1MZ65h5cqFfj1Z05jYotkTlkI1sMQWScuIfVWIxpY":{"chainKey":{"counter":0,"key":"O/vc0XO0bZ2OL4B+QiODifFkcWVg9I0UYPEPDINCMac="},"chainType":1,"messageKeys":{}}},"pendingPreKey":{"signedKeyId":3,"baseKey":"BUI4d3A0mjtfH6RJ46uFtaAWw9DrEeV4B+4yAgl7oEx5","preKeyId":6156425}}},"version":"v1"}