{"_sessions":{"Bdge7aKXMOAuXw00XZkD27Q6jgpMnDO/DfM+NGWcFRB4":{"registrationId":846828505,"currentRatchet":{"ephemeralKeyPair":{"pubKey":"BXFO/mRCF/ZPBqC3kD/F/N8V+TP1gbgDFU7/T6ZUlPM9","privKey":"aJJwEO8tiAgzhPMhmuxaDp6+KOQRN591di0YdGn7iEY="},"lastRemoteEphemeralKey":"BRKxQg0RzygHHQosgi6SjTs6QBgjgV8288bJ/GAKknd4","previousCounter":0,"rootKey":"Cz2wEgpIipkJsv7SeFDHR8V6sjfyDwDZ6YQPryXi60Q="},"indexInfo":{"baseKey":"Bdge7aKXMOAuXw00XZkD27Q6jgpMnDO/DfM+NGWcFRB4","baseKeyType":2,"closed":-1,"used":1730523232414,"created":1730523232414,"remoteIdentityKey":"BRJ0Tt7A7wppyAUWKSGTLImfVAk4N9qMfVKf88mcdb8E"},"_chains":{"BRKxQg0RzygHHQosgi6SjTs6QBgjgV8288bJ/GAKknd4":{"chainKey":{"counter":3,"key":"ZOdLfUxnA/mITUSzWUWOLn5NdhbOSnIxiNPPNvFprkQ="},"chainType":2,"messageKeys":{"1":"gxGpnkEMdUjARa8b3WVdiZMYIQZ5bKFlu6g4A+QTZXY=","2":"sR/rZ3/97EMZFbVCqWMVe0pXBYXwUA+8HEZMLzsVnFk="}},"BXFO/mRCF/ZPBqC3kD/F/N8V+TP1gbgDFU7/T6ZUlPM9":{"chainKey":{"counter":-1,"key":"n1i4p/lvitt8E38LKC1Y4bb6O2ZHf92FmVNG1p3WJbE="},"chainType":1,"messageKeys":{}}}}},"version":"v1"}