{"_sessions":{"BXYoT1POvA26faWXzaF2j0Yb9yfP2nMIs6xUDEOD+FwM":{"registrationId":794240150,"currentRatchet":{"ephemeralKeyPair":{"pubKey":"BVpjrR6Si/TcXNqDW/IG3Hrp8VDEKSB7SFY6YO3+Wik2","privKey":"YAqPmtgT7ToQOckaxn8RbMo53aK8Jt80Y6osf3GHHEk="},"lastRemoteEphemeralKey":"BV5WT1dgjdrfgB+HONoLEZFCYDjDPBYDq+fCEvYF2JAg","previousCounter":0,"rootKey":"H5a86rH6IjIUENSOlG/vJxFtMM9ptSvDtj9ytSYBYDA="},"indexInfo":{"baseKey":"BXYoT1POvA26faWXzaF2j0Yb9yfP2nMIs6xUDEOD+FwM","baseKeyType":1,"closed":-1,"used":1730617939901,"created":1730617939901,"remoteIdentityKey":"BQ4JKyFpJCg5a5nFf1GKBm8Nh8oRrv3oRroFdO43BoYi"},"_chains":{"BVpjrR6Si/TcXNqDW/IG3Hrp8VDEKSB7SFY6YO3+Wik2":{"chainKey":{"counter":0,"key":"kOESym0AUMKUrSh/0+4IRUZTCmlzn7BsvQpggutBgb4="},"chainType":1,"messageKeys":{}}},"pendingPreKey":{"signedKeyId":24,"baseKey":"BXYoT1POvA26faWXzaF2j0Yb9yfP2nMIs6xUDEOD+FwM","preKeyId":1048896}}},"version":"v1"}