{"_sessions":{"BblC+15e7DWWEdD+2nU6jb2XWGysN3JUuAJuYuZfKpAt":{"registrationId":311469860,"currentRatchet":{"ephemeralKeyPair":{"pubKey":"BdQmZZ2tZQZsRy6bSAiM7Efu7q1VID7oz406ffrXIBoY","privKey":"4JlEg6eYd5AwAi4us7j1CC+tJmv/ULdLQQvuL1oYnFA="},"lastRemoteEphemeralKey":"BWjKBlGz8XEZzFqI+uNSmP83TsK5pBdBjagkwVR230Fr","previousCounter":0,"rootKey":"ChpEdth9Ehx+gYuoLPjvueYldPAkgNXqLMl88RL3abc="},"indexInfo":{"baseKey":"BblC+15e7DWWEdD+2nU6jb2XWGysN3JUuAJuYuZfKpAt","baseKeyType":2,"closed":-1,"used":1730523263740,"created":1730523263740,"remoteIdentityKey":"BaQp+O4R9QYBTzwSPdnK7zeGb9uyNswgDXXTJodMCasH"},"_chains":{"BWjKBlGz8XEZzFqI+uNSmP83TsK5pBdBjagkwVR230Fr":{"chainKey":{"counter":1,"key":"GMrfl9wxcNPp/+MiYWRy4nUA6sI4PEr68jRxq+hLTzA="},"chainType":2,"messageKeys":{"0":"KvyFjsx4AQbAPJDpVdV79NDKzUIsGXtFwDJYwEiP7v0="}},"BdQmZZ2tZQZsRy6bSAiM7Efu7q1VID7oz406ffrXIBoY":{"chainKey":{"counter":-1,"key":"X/SUQwgfQTtMJ3Ho0yUg4oBmCqMJ0xVKur6oCYpwTlo="},"chainType":1,"messageKeys":{}}}}},"version":"v1"}