{"_sessions":{"BeWoekjGqBBMNZvCCXx6uKwVam203j8ZHsb0/umj6gpW":{"registrationId":9775,"currentRatchet":{"ephemeralKeyPair":{"pubKey":"BR5cmJn2vS8Ufzg5c57GA0ug+3Lls5PdvhLr3vqIgF0k","privKey":"UGFRFwLL5/SO+MglrDnJFLsp7zCJprXjF6zgfmjg/W4="},"lastRemoteEphemeralKey":"BVwRM26AL4/aQoPcG3wjXrXUbKs8yeMLH1uQqxG5eGNx","previousCounter":0,"rootKey":"a6Y9vSZ8GM00V6F5Euvr0rod5K5KjsXZ0vk4isVEM8o="},"indexInfo":{"baseKey":"BeWoekjGqBBMNZvCCXx6uKwVam203j8ZHsb0/umj6gpW","baseKeyType":1,"closed":-1,"used":1730617939769,"created":1730617939769,"remoteIdentityKey":"BXnG842aElVEPQHDxzO9HptBJ04Kcgg/qGI/4rq/hlFU"},"_chains":{"BR5cmJn2vS8Ufzg5c57GA0ug+3Lls5PdvhLr3vqIgF0k":{"chainKey":{"counter":0,"key":"EAiX1LsHxJd4y7tkmgNY7Ac34hoUhrp12JukcQSrXWc="},"chainType":1,"messageKeys":{}}},"pendingPreKey":{"signedKeyId":1,"baseKey":"BeWoekjGqBBMNZvCCXx6uKwVam203j8ZHsb0/umj6gpW"}}},"version":"v1"}