{"_sessions":{"BTlO/j6V1LCT10yDIwWd0qwMeM9ddo3iOMBp22fCULNd":{"registrationId":305437500,"currentRatchet":{"ephemeralKeyPair":{"pubKey":"BaTrQFt3/8xOY5Tlew5HdcoaQYpGxqoxKiAs/jYMR0gI","privKey":"WGZFRo5Hovlvq3yM+JaP35jTD4Zk8WSsJbFsoYCQuUg="},"lastRemoteEphemeralKey":"Bb4DJl/q83Z4SMdIlK3txrrTefchqhzOUhjcgxGFAs5T","previousCounter":0,"rootKey":"LAS4ASQIqZ0RR4t7sfkEaaqTRLYih3SX5SGZtUFIfP0="},"indexInfo":{"baseKey":"BTlO/j6V1LCT10yDIwWd0qwMeM9ddo3iOMBp22fCULNd","baseKeyType":1,"closed":-1,"used":1730617939962,"created":1730617939962,"remoteIdentityKey":"BVRAYyOfSCCnEpDlwm1CDqob/itiEbO4dVQ1f8vBD+Ev"},"_chains":{"BaTrQFt3/8xOY5Tlew5HdcoaQYpGxqoxKiAs/jYMR0gI":{"chainKey":{"counter":0,"key":"BnV41hfFqvWPDuMaJflsDZXPcEd9gU/NfoMmV5KhHVM="},"chainType":1,"messageKeys":{}}},"pendingPreKey":{"signedKeyId":0,"baseKey":"BTlO/j6V1LCT10yDIwWd0qwMeM9ddo3iOMBp22fCULNd","preKeyId":13713172}}},"version":"v1"}