{"_sessions":{"BZLkch+jJD1ARAo4XRQy12X6Ao/nECgnMzzFm0qW1bZj":{"registrationId":26980405,"currentRatchet":{"ephemeralKeyPair":{"pubKey":"Bdlub7eFPbHnQVPPJ+wTS9mmPlUcdDSFjNsC2ERcBNZn","privKey":"4N3O4sxS+12XYTn3PQWM6PqGtHODEBsYaqvpwCb1Hm0="},"lastRemoteEphemeralKey":"BV3Q0Yl4o0QG0LwPYUwSXmRTVKcdRJE2M35FMjWEP4w/","previousCounter":0,"rootKey":"zxGsFKU8QzM3rwNYcUSG8kzUUBzDDt2Z3LZ6q9/ekzA="},"indexInfo":{"baseKey":"BZLkch+jJD1ARAo4XRQy12X6Ao/nECgnMzzFm0qW1bZj","baseKeyType":2,"closed":-1,"used":1730469459801,"created":1730469459801,"remoteIdentityKey":"BTt8Keuzl04/uPjPutSOX1Eyvqe1nz/3dUXNdpWdpkBz"},"_chains":{"BV3Q0Yl4o0QG0LwPYUwSXmRTVKcdRJE2M35FMjWEP4w/":{"chainKey":{"counter":22,"key":"z1GsSR6hTaeWILd/7XeB76TM1RkYmT3LAF/20yvKcRI="},"chainType":2,"messageKeys":{"6":"kTufD4Og1m9B2x30bdqVMSpLvsxNpzp6dqkcM0i0x4M=","7":"F/hOpXmrXjv1nIG/Rg5PKgMPmo+43DIqwukSMJjioVs=","8":"uncEkndQrTMhVbkxJHO7hht2yOUni6nJL9LV3+WQLpA=","9":"3i/bK9FVc1kK1um4Pa0zoCPKMR/rESnE/mUPSE/bpCg=","10":"gt+M49u4hQ7eDPMr0zMciVrgow7Asy5cjzRG+pS6IIg=","11":"v7g9sa1YImFO/eSFpn6i/ZD1l1bj04+bKOCPBTBxHZU=","12":"SG3b+xaNC3dNnb0YkIodq27EWpkzC/quBjH0gzuCICc=","13":"1ASicw3JrXjrz0wh/Z466JcUa9I4vrZ200XBL/wv7aM=","14":"WeXbLXeh0nTs2+MFfi6WuMHI7rwF2SKpdd1xQMFN1Lo=","15":"L8VAcrXgY/AcQIDbocxkqEfmQIm1tlRBGxM5etfPLNI=","16":"B4J1Wia0kwCsXV05Us9S47wwNtJSoeoLbuceTROUXOc=","17":"VIbbUz3ufWALwKw534K/JuRVxHMXJ1WQ7CZFnjK8Xtw=","18":"HGH08ZCXUzziZ7oWk82tWf0qaljx0JiS6BFXwzQOXXg=","19":"0/o4a+JdpmjKne2UUvYsSpf/wOABqTp6N9/A1Wa7jkw=","20":"Shx7whTupQTXVoVEeBO5CfOhQYTTEFS5EIFGyuonk7c="}},"Bdlub7eFPbHnQVPPJ+wTS9mmPlUcdDSFjNsC2ERcBNZn":{"chainKey":{"counter":-1,"key":"EqqoC4n0XnllbUEJAfLdt/jwL+qZhatrZks/tYRTjKI="},"chainType":1,"messageKeys":{}}}}},"version":"v1"}