{"_sessions":{"BUDV+tvAVrNt1RJdrfePaFeEcP1eqVQKLpx7SJ8djTEj":{"registrationId":1371328067,"currentRatchet":{"ephemeralKeyPair":{"pubKey":"BYcOArFZr0RvBxB/GYxv3Q65p1aAl74fJnWpR7IKL0I7","privKey":"oK+GCDqWTHtgUqfZNRS+W7f5drHbzASIxb5hhYVy0kU="},"lastRemoteEphemeralKey":"BbMfNafxkacAqGO/qy+J0feFsv56JktspT5TJfP70O1k","previousCounter":0,"rootKey":"Un2/7X3bWbgZrP92GvTY/KFdWi6zVu4wS5FEzffzfUk="},"indexInfo":{"baseKey":"BUDV+tvAVrNt1RJdrfePaFeEcP1eqVQKLpx7SJ8djTEj","baseKeyType":2,"closed":-1,"used":1730523241861,"created":1730523241861,"remoteIdentityKey":"BZhBP3Uv8n1OCn9AyA12lmOINl/7XohhX3Z+2AIhpPRh"},"_chains":{"BbMfNafxkacAqGO/qy+J0feFsv56JktspT5TJfP70O1k":{"chainKey":{"counter":0,"key":"O1Bq1pE31mfzvNK0c9jbCNYLTyw0cAKje22Dy05gkkc="},"chainType":2,"messageKeys":{}},"BYcOArFZr0RvBxB/GYxv3Q65p1aAl74fJnWpR7IKL0I7":{"chainKey":{"counter":-1,"key":"uQ2CasbQzOH7Iut9PMoLgMO+JrUJRKiyaHSb2PHhkWw="},"chainType":1,"messageKeys":{}}}}},"version":"v1"}