{"_sessions":{"Balg9bV9KWI398e5lA0uLfdCAxdG/rJ6sGNm8cfNtDNW":{"registrationId":1340472833,"currentRatchet":{"ephemeralKeyPair":{"pubKey":"BXHjlxJfCB8fbNp1l7e52GH++l68ksjidRE9u1ZkdNcZ","privKey":"GJvcdcvP0VZjJsMB5KWcMVjFrfJ7T1hZiBPeD3nRAlc="},"lastRemoteEphemeralKey":"BXTNb6CZxLHstutR4zWw7VCBbzwq8nlruppzaHfJHhQt","previousCounter":0,"rootKey":"LmMxM8vqJ5m7IWu12Sa/9oz4LEYQob3dWDOf0vqpmfk="},"indexInfo":{"baseKey":"Balg9bV9KWI398e5lA0uLfdCAxdG/rJ6sGNm8cfNtDNW","baseKeyType":2,"closed":-1,"used":1730523241775,"created":1730523241775,"remoteIdentityKey":"BWwHzBSv+d9s69PREqO9L/P7EnlpixVyf/BfGEdb1oph"},"_chains":{"BXTNb6CZxLHstutR4zWw7VCBbzwq8nlruppzaHfJHhQt":{"chainKey":{"counter":0,"key":"5QABaxStWW+dHR7zre1s+e6jUZ65VnRn5u3TafW/kv8="},"chainType":2,"messageKeys":{}},"BXHjlxJfCB8fbNp1l7e52GH++l68ksjidRE9u1ZkdNcZ":{"chainKey":{"counter":-1,"key":"OcjB4pfgNBWO3qnxw3+0IxPLBOvwdnlR1rSCJXLFkj4="},"chainType":1,"messageKeys":{}}}}},"version":"v1"}