{"_sessions":{"BeluAN50rXUGkm95IM7jFlbUhEH2KW+mVqi9WWkWT7Rp":{"registrationId":1630531021,"currentRatchet":{"ephemeralKeyPair":{"pubKey":"BV9fmGSS44fogl+5V3jlCFtHTsXiZLs1LP7DPoEAmS9Z","privKey":"yMlybLQp49dKU3WidquGXyxwPALqtc9bZTm5GzjRPE4="},"lastRemoteEphemeralKey":"BeNBXzV0t7L/njMSYBijNLrjyAB1AXPt6w9DGenDA8wB","previousCounter":0,"rootKey":"YdskRXuDp7E2U/mcgulfmDkL5WOrSDJ8crz4FwVPJtg="},"indexInfo":{"baseKey":"BeluAN50rXUGkm95IM7jFlbUhEH2KW+mVqi9WWkWT7Rp","baseKeyType":2,"closed":-1,"used":1730617843374,"created":1730617843374,"remoteIdentityKey":"BRW4EVBrvJPKN/AdwscewFy+YGoQbv34odG5DTfqHsNs"},"_chains":{"BeNBXzV0t7L/njMSYBijNLrjyAB1AXPt6w9DGenDA8wB":{"chainKey":{"counter":1,"key":"6TMIiUmSB8zWlSwpYaZirJSrJb3Wdcfqu8qzLtsVea4="},"chainType":2,"messageKeys":{"0":"6TmURNQ50p+jVrEH//KPTFl8avsfPtcCfEkmOzw531o="}},"BV9fmGSS44fogl+5V3jlCFtHTsXiZLs1LP7DPoEAmS9Z":{"chainKey":{"counter":-1,"key":"cbKylEfC75HtrDItlQqBOyhgJ9l83Rtx0qYhZYGFEGc="},"chainType":1,"messageKeys":{}}}}},"version":"v1"}