{"_sessions":{"BUGjYEIsnVwnuC2nBGBOS0XAOk+9/4luUSBtPzGY9wAg":{"registrationId":1608314718,"currentRatchet":{"ephemeralKeyPair":{"pubKey":"BeQFw4z1vvzMrEeqX8Pl49GMb0GF3cM4cmdFKiZdqFs6","privKey":"EIdgMnRqEWdC/lPQTcAIR0rCjs7SzT8+5qSsaPPTRH4="},"lastRemoteEphemeralKey":"Bb3Z22cwdRgz0nqWkq07YlyGnOt6dyPs5t83PZrg4uJD","previousCounter":0,"rootKey":"HYrYleaNHCf9Jb+d5ytyPbDq1LwbhnccgKRwWQchGCw="},"indexInfo":{"baseKey":"BUGjYEIsnVwnuC2nBGBOS0XAOk+9/4luUSBtPzGY9wAg","baseKeyType":2,"closed":-1,"used":1730523235969,"created":1730523235969,"remoteIdentityKey":"BXK6VY/FzTWl4anJsoTEOXc3TriUqsnrM/g9sV9HkGYy"},"_chains":{"Bb3Z22cwdRgz0nqWkq07YlyGnOt6dyPs5t83PZrg4uJD":{"chainKey":{"counter":3,"key":"AcU1nqBh0SrUFQ9tHt52QeGKBJvKQTF729niglrIvtc="},"chainType":2,"messageKeys":{"0":"Sezuf69duMGjsEy+Bwm46vG4y2n+suqyLSPxS5EGHvI=","1":"gH22Adtv9oKhqtZLdySsXPZRPH4F1W6FVgz58QV7StU=","2":"GAwL1psHjTvtQu7KhLBCHFOAbwtIheG+XV901eRnH4Q="}},"BeQFw4z1vvzMrEeqX8Pl49GMb0GF3cM4cmdFKiZdqFs6":{"chainKey":{"counter":-1,"key":"vQiEQji9ClqiIJbuKNaABqRY/rmxT2C2JrLmJPLdUbk="},"chainType":1,"messageKeys":{}}}}},"version":"v1"}