{"_sessions":{"BRkwXCo7DwdJsRcGch+9C6/mPG53nA4FWdPpwZzpCKpX":{"registrationId":2006739546,"currentRatchet":{"ephemeralKeyPair":{"pubKey":"BYYeuMg/E4Soox3lBpzSS2/70qDp9BiQ3ffg1q6QMZp/","privKey":"kJITaWD0DGcUt9jcUwYCH+JxYvpZIhvOneI5NUkBIUE="},"lastRemoteEphemeralKey":"BT1eVORzmNAbNg0/xmXCLO+7Zw/GLyPuVITgFi/M0KYj","previousCounter":0,"rootKey":"v6iApPKjOP3U4pTVN2DOV9lDr5SN7AZpbET6O16MVIo="},"indexInfo":{"baseKey":"BRkwXCo7DwdJsRcGch+9C6/mPG53nA4FWdPpwZzpCKpX","baseKeyType":2,"closed":-1,"used":1730523240195,"created":1730523240195,"remoteIdentityKey":"BU8CWFq09q2cmZ8+nGgNsumfhQTgqAVIeOlV0X0oF0Zm"},"_chains":{"BT1eVORzmNAbNg0/xmXCLO+7Zw/GLyPuVITgFi/M0KYj":{"chainKey":{"counter":4,"key":"OAWRc8bL2PhL+6tS/iqYE1xREigbKnAkcMXThviTN6o="},"chainType":2,"messageKeys":{"0":"RITb2g7Maqbo8/dWL+PKN5NyL5oaccNiZ+xNFl/3u2Q=","1":"uWnOeMkYcDGfIxgZqxnuAoQeL3zenya7RCd+x20/SXI=","2":"PL6hQ8pXRPqodFSf1eSRbWwvh6YgW8oxC+0YvWnwUU0="}},"BYYeuMg/E4Soox3lBpzSS2/70qDp9BiQ3ffg1q6QMZp/":{"chainKey":{"counter":-1,"key":"ZapGlezyofVBA9P8T08r84Hm/WxcI/SIifL9y9TrtFk="},"chainType":1,"messageKeys":{}}}}},"version":"v1"}