{"_sessions":{"BSsO5Io/zj9sHad+/Z+ELAFx1s9Eijsrl/v4gHivRQlj":{"registrationId":579287887,"currentRatchet":{"ephemeralKeyPair":{"pubKey":"BcXeisTt8CENwFaMSWoPyMIUSjSmNGbdEZ2Y88UtUU91","privKey":"uIF1Fgmcwe36kb3KBtHqMDTXlZBRwx3he9tq49bYS2c="},"lastRemoteEphemeralKey":"BdlfT3e2AIhDeungInDdMe4eHBj38hbH5WLEFvpXvhxz","previousCounter":0,"rootKey":"VkGlAapD8iyL24u0pOQF6lJiJkVCMlemTBh5+bOHJlE="},"indexInfo":{"baseKey":"BSsO5Io/zj9sHad+/Z+ELAFx1s9Eijsrl/v4gHivRQlj","baseKeyType":1,"closed":-1,"used":1730617939802,"created":1730617939802,"remoteIdentityKey":"Besa0KU4d8lFPBvabZYzwlNU4+VpS3obGzL6tmSdqosD"},"_chains":{"BcXeisTt8CENwFaMSWoPyMIUSjSmNGbdEZ2Y88UtUU91":{"chainKey":{"counter":0,"key":"hkCfa7NtMvYclldiIK2e1tuZbDOg1BJo0XhuF8laiI0="},"chainType":1,"messageKeys":{}}},"pendingPreKey":{"signedKeyId":6,"baseKey":"BSsO5Io/zj9sHad+/Z+ELAFx1s9Eijsrl/v4gHivRQlj","preKeyId":5431461}}},"version":"v1"}