{"_sessions":{"BXiJ07uCHlAaDuuYvhbJtmRY8lEyJXqSldC+G5WwEME2":{"registrationId":316113139,"currentRatchet":{"ephemeralKeyPair":{"pubKey":"BVcs3/2W5ytVB41ejQIEHlpe5SqQdw0DMq2dVh3S75Fc","privKey":"WIyC+q5MA9WoeWlf08xTvpgpheRKhja+mEzHakK181Q="},"lastRemoteEphemeralKey":"Be1wX3jS9zQeFFKcpiIEZJFn0bVAMrnc/wT824222yd7","previousCounter":0,"rootKey":"XCsccEAuL21tIbUDqhO/iSVY/T0g1KkUTCz6UBCscjc="},"indexInfo":{"baseKey":"BXiJ07uCHlAaDuuYvhbJtmRY8lEyJXqSldC+G5WwEME2","baseKeyType":2,"closed":-1,"used":1730523231839,"created":1730523231839,"remoteIdentityKey":"BanQqfRWlvjaliBynRIlGEFGGozmMz6ZhYECtVzfs8Ve"},"_chains":{"Be1wX3jS9zQeFFKcpiIEZJFn0bVAMrnc/wT824222yd7":{"chainKey":{"counter":4,"key":"4twQFB8fxzj16nOwlLu7qe1xW4xN7lWeLHJb+t9JsKU="},"chainType":2,"messageKeys":{"0":"x1obotmQfz4nmNtxs8n5HoCKEBkbPpvDTg/My0hxQwU=","3":"H4sQ6kKocyM6/ivMjoCnu3JHYMPxB/1O/tfefrP4uuU="}},"BVcs3/2W5ytVB41ejQIEHlpe5SqQdw0DMq2dVh3S75Fc":{"chainKey":{"counter":-1,"key":"b/Z4zqVD5oiJlR738G+Mhlg8rVbb+LhmZnzRUnCSG5E="},"chainType":1,"messageKeys":{}}}}},"version":"v1"}