{"_sessions":{"BTvHWxwupWYbG/dn+gyzDBUC8z8LvXZUy7Vb6ou9o/db":{"registrationId":1178533870,"currentRatchet":{"ephemeralKeyPair":{"pubKey":"BV+baU2zsiOlsyb6EsMNMuOIS69aPnjRJpcJaraNkkB/","privKey":"6I5xO6s5T2G7AXbRTgyDHaV2A/gEHqiY5AsQf7TUTFc="},"lastRemoteEphemeralKey":"BWS3bbobnDZQx4JTeOxiRYAkTNl+yTCRUSRE3YmqYj5X","previousCounter":0,"rootKey":"/oJh2a2dK2VWABSdxFWd1o0Uds3guD8uGl1FlLYM64c="},"indexInfo":{"baseKey":"BTvHWxwupWYbG/dn+gyzDBUC8z8LvXZUy7Vb6ou9o/db","baseKeyType":2,"closed":-1,"used":1730523248199,"created":1730523248199,"remoteIdentityKey":"BSUGoAdmGFRiFs5Sk2vvR0r8lX0IZ1i97MFJhOMsLtRW"},"_chains":{"BWS3bbobnDZQx4JTeOxiRYAkTNl+yTCRUSRE3YmqYj5X":{"chainKey":{"counter":0,"key":"JfxgG/wlYsAu476R9uFPOv+eFNIaKbThGI7tOkva8VE="},"chainType":2,"messageKeys":{}},"BV+baU2zsiOlsyb6EsMNMuOIS69aPnjRJpcJaraNkkB/":{"chainKey":{"counter":-1,"key":"TyosP4bj+icZbMGxCJVbBvfrrYxUsFvBHfGZ2q8SH1Q="},"chainType":1,"messageKeys":{}}}}},"version":"v1"}