{"_sessions":{"BQvQoiOtByHGePJ91nD96vgIdVM1SMGco/uUFZcX93NY":{"registrationId":15919,"currentRatchet":{"ephemeralKeyPair":{"pubKey":"BczWWpgPovxunIEj4XwJv1EYcLAbf1m9LktARTaLao4x","privKey":"ALsv4zhe6hRCb4KBAnjs/KNVQvUDuXncWWLXKIolt3M="},"lastRemoteEphemeralKey":"BRh7rnwIvM9nmkgombI8yimWURahrcMFEkUTSZ/RFOUz","previousCounter":0,"rootKey":"ih44VyHvoxeXcEWQf31RlWxj6Syr3NvwT92qFpxsi/s="},"indexInfo":{"baseKey":"BQvQoiOtByHGePJ91nD96vgIdVM1SMGco/uUFZcX93NY","baseKeyType":1,"closed":-1,"used":1730617939722,"created":1730617939722,"remoteIdentityKey":"BVx3X+5CsBkzMNYw66dlgx9Oy9JR3AbuhscSdpgZ+xRl"},"_chains":{"BczWWpgPovxunIEj4XwJv1EYcLAbf1m9LktARTaLao4x":{"chainKey":{"counter":0,"key":"1z5FND4EJod5eoZZSAAbl4ikBf14modTi/QnLlGGY5Q="},"chainType":1,"messageKeys":{}}},"pendingPreKey":{"signedKeyId":1,"baseKey":"BQvQoiOtByHGePJ91nD96vgIdVM1SMGco/uUFZcX93NY"}}},"version":"v1"}