{"_sessions":{"BbG8rvrcZCtUxE+p85cVKoT0BzkUImgSfpJ+Q8sa5vR5":{"registrationId":1355154442,"currentRatchet":{"ephemeralKeyPair":{"pubKey":"BQ4By1Qaxw3g+HtCbQZgCGiObQuQBJfROKsSL2VIMndF","privKey":"KBuzQVRHTuNgh1EBWY0FKJSCMmQLA/76hqtHaVNILGI="},"lastRemoteEphemeralKey":"BSWQF56e2dBEsFlC6YEPQ9KWKy9rsnKX2A/2Wwiv9aUW","previousCounter":0,"rootKey":"rt+SpbvyTinTVxE3kcnlKQD0QyF2FzVQsBz4iBXKtLY="},"indexInfo":{"baseKey":"BbG8rvrcZCtUxE+p85cVKoT0BzkUImgSfpJ+Q8sa5vR5","baseKeyType":1,"closed":-1,"used":1730523279145,"created":1730523279145,"remoteIdentityKey":"BQqfsT5V08kdilty8bIWCSCFI16aQzsHpsfGLSsowW0z"},"_chains":{"BQ4By1Qaxw3g+HtCbQZgCGiObQuQBJfROKsSL2VIMndF":{"chainKey":{"counter":1,"key":"VQWm+7jWq5GtFu5PtzAMv70LFuqbsk0l/1tbD6qyLHw="},"chainType":1,"messageKeys":{}}},"pendingPreKey":{"signedKeyId":2,"baseKey":"BbG8rvrcZCtUxE+p85cVKoT0BzkUImgSfpJ+Q8sa5vR5","preKeyId":14322758}}},"version":"v1"}