{"_sessions":{"BecYyM93Td+eTrhZM72HJv7mP+SfBA0K1V5Cwz72ALlT":{"registrationId":15253,"currentRatchet":{"ephemeralKeyPair":{"pubKey":"BTdYChmR2RKbOYWRCqEV9rBBJCBaku1SrJTcWbHjNZpw","privKey":"IIkIoMJvw4BzUjbvfa4BB0G/4aNCHMydSQ5JHsGWiGw="},"lastRemoteEphemeralKey":"BXPmBgv27jrZ5Q6jkbGU7LLEOUdGusOXanUQ9e5nAGpF","previousCounter":0,"rootKey":"Hof1cyThpSP/OIJrRctLOyVk7/N3FyFFr5T8HsQuOB8="},"indexInfo":{"baseKey":"BecYyM93Td+eTrhZM72HJv7mP+SfBA0K1V5Cwz72ALlT","baseKeyType":1,"closed":-1,"used":1730617939693,"created":1730617939693,"remoteIdentityKey":"BTXTBJTV9cWvy4X2XAKuDlyvjnth/b6Lo5KJBlwOrp0d"},"_chains":{"BTdYChmR2RKbOYWRCqEV9rBBJCBaku1SrJTcWbHjNZpw":{"chainKey":{"counter":0,"key":"8/k7u8JQoS+cRfzPlcNGAsgc7milG2wcVvlDzCuidnA="},"chainType":1,"messageKeys":{}}},"pendingPreKey":{"signedKeyId":3,"baseKey":"BecYyM93Td+eTrhZM72HJv7mP+SfBA0K1V5Cwz72ALlT","preKeyId":427}}},"version":"v1"}