{"_sessions":{"BWsG7YQGTXiyRWJmKC5zYy7NqW9fro7ETVOmpRsu4dRD":{"registrationId":12240,"currentRatchet":{"ephemeralKeyPair":{"pubKey":"BTemOgGy8shYthKTJRIE+GTeHN54pCOtkh5Q53OYOhki","privKey":"cJ0rYX0saIBw1juGngjclkbn0oCejV5X1wYhXXdzTFQ="},"lastRemoteEphemeralKey":"BdX3401rICBCKU39DgT2CNupLAA+XdasgUvmmtoUNiRP","previousCounter":0,"rootKey":"wN7WbQW8+l8n/Y4edos0F5RPDVOqII75bX0A/g+qDLw="},"indexInfo":{"baseKey":"BWsG7YQGTXiyRWJmKC5zYy7NqW9fro7ETVOmpRsu4dRD","baseKeyType":1,"closed":-1,"used":1730617939707,"created":1730617939707,"remoteIdentityKey":"BaN81+StjWIfzH7lvb92ucp8GI1gjJus7BV3hkbihZ1i"},"_chains":{"BTemOgGy8shYthKTJRIE+GTeHN54pCOtkh5Q53OYOhki":{"chainKey":{"counter":0,"key":"W7hJ6ryRum7oreMi5N2msWCoFBcXquMuFYsHHvod7EM="},"chainType":1,"messageKeys":{}}},"pendingPreKey":{"signedKeyId":1,"baseKey":"BWsG7YQGTXiyRWJmKC5zYy7NqW9fro7ETVOmpRsu4dRD"}}},"version":"v1"}