{"_sessions":{"BZVVgUoQuix1oS/UQFulU6yLF3z00oBrg1NbP1ZKs79x":{"registrationId":1649028761,"currentRatchet":{"ephemeralKeyPair":{"pubKey":"BdX7UQospwbD2xkpvApN/Zu44lRejd6yW6kJtl0wbNRI","privKey":"EFdkdAJ6nBqndwvJJPvhnNtM5F9l2VoBrKDPjdQl0Gc="},"lastRemoteEphemeralKey":"BZJxmDJB74EdSCuPXQnFtt1Oz4AdOBBRSg3tkiVXwLlq","previousCounter":0,"rootKey":"RdjXUSdp+kAeAuzpK46AqDgEMQNfx7n2irYs9bT/aT8="},"indexInfo":{"baseKey":"BZVVgUoQuix1oS/UQFulU6yLF3z00oBrg1NbP1ZKs79x","baseKeyType":2,"closed":-1,"used":1730524328122,"created":1730524328122,"remoteIdentityKey":"BRrJeK1XVk0iLM2s2s9f4ZVJLGyOxV8KWg73l11j0LFT"},"_chains":{"BZJxmDJB74EdSCuPXQnFtt1Oz4AdOBBRSg3tkiVXwLlq":{"chainKey":{"counter":3,"key":"KT71arE7338dG5VRo842Xli99bkHBuN3wlgrl8cXycA="},"chainType":2,"messageKeys":{}},"BdX7UQospwbD2xkpvApN/Zu44lRejd6yW6kJtl0wbNRI":{"chainKey":{"counter":0,"key":"arr39smDuzySNKe0tCPi0fCet+XPAjJBsMCm2rgWvZs="},"chainType":1,"messageKeys":{}}}}},"version":"v1"}