{"_sessions":{"BQk28WYlFI8JmJ8nx0wSjwKbXsUzvkMeI/Dw1sKD5mBK":{"registrationId":623829548,"currentRatchet":{"ephemeralKeyPair":{"pubKey":"BQvfM86wFWA9hx9fUc7Z3qyrL/BsxRvkPXENcdalKBFl","privKey":"INFJ9gzipZOcYpz326f+DGjS5NpZSqD16KkFBCtyGkU="},"lastRemoteEphemeralKey":"BR5iQc1by0GsNgwHa1xLlQZRLZf3tzW1ME/17TqU4fxf","previousCounter":0,"rootKey":"cJJblGkQcWMAZ9LhgnI2+oO9kq+ctQl8+FFhWph/F9o="},"indexInfo":{"baseKey":"BQk28WYlFI8JmJ8nx0wSjwKbXsUzvkMeI/Dw1sKD5mBK","baseKeyType":1,"closed":-1,"used":1730617939849,"created":1730617939849,"remoteIdentityKey":"BW8zrZBNQNMj4K9MKp4kiB+5BRaJdS/epbHwzcKQ+eMz"},"_chains":{"BQvfM86wFWA9hx9fUc7Z3qyrL/BsxRvkPXENcdalKBFl":{"chainKey":{"counter":0,"key":"Y6L7IHfrxvby4RvIlAmNSp/tjqit2QJTMrUO2xXJmsg="},"chainType":1,"messageKeys":{}}},"pendingPreKey":{"signedKeyId":3,"baseKey":"BQk28WYlFI8JmJ8nx0wSjwKbXsUzvkMeI/Dw1sKD5mBK","preKeyId":1278452}}},"version":"v1"}