{"_sessions":{"BcqmwNHvJ9KMLNfBEHRyS6QJ6OmZxJuB1ZBHbdnkms0l":{"registrationId":1903826571,"currentRatchet":{"ephemeralKeyPair":{"pubKey":"Bd9b3/SrWNZ77DD0n9GQEDSgidv9qpWDsvW5xUsj9UQC","privKey":"UOCVIZn77UOL1rN84rELs4G2QvnhZQ11NpEukDtReEM="},"lastRemoteEphemeralKey":"BQYsWUuXrBU8dwx1vXND/5wB0WgBAprdOOb0b9/SIyYd","previousCounter":0,"rootKey":"TR+/4AT+vGXc12k8E9b8nrp4Klvp377fWF9kAt8L3Ro="},"indexInfo":{"baseKey":"BcqmwNHvJ9KMLNfBEHRyS6QJ6OmZxJuB1ZBHbdnkms0l","baseKeyType":1,"closed":-1,"used":1730617939896,"created":1730617939896,"remoteIdentityKey":"Bdu4FMe2RjyKc68uNskOFLBMh/LOie0ZMC5cfHYSMU02"},"_chains":{"Bd9b3/SrWNZ77DD0n9GQEDSgidv9qpWDsvW5xUsj9UQC":{"chainKey":{"counter":0,"key":"RO+COvPwDs0hFEFx6gT7w0t/qRnG5tqjYb6ZDx6WUPU="},"chainType":1,"messageKeys":{}}},"pendingPreKey":{"signedKeyId":8,"baseKey":"BcqmwNHvJ9KMLNfBEHRyS6QJ6OmZxJuB1ZBHbdnkms0l","preKeyId":11805836}}},"version":"v1"}