{"_sessions":{"BeYcwoyVXhwiDqkkCiPy+ptHxMAhxcMLXM3xRiKd4bJw":{"registrationId":1085514132,"currentRatchet":{"ephemeralKeyPair":{"pubKey":"BbtjC5H3E0sDtIRvPGnugGWCfZs/vpoHUgXDb0y6aSB7","privKey":"kKElR1K2epBdVq6yxixB70yTQnIqwTIPbHy2c0ORqXQ="},"lastRemoteEphemeralKey":"BZXH9mhgggDyKafwb49NR8Dgq1KqFI/naO76ma9sSa1o","previousCounter":0,"rootKey":"bQT8DospE0rFD7ZmhdJIpbYoDCMNakLTnF5s75yKVUw="},"indexInfo":{"baseKey":"BeYcwoyVXhwiDqkkCiPy+ptHxMAhxcMLXM3xRiKd4bJw","baseKeyType":2,"closed":-1,"used":1730523240335,"created":1730523240335,"remoteIdentityKey":"BTouKBUXqlXdNPc2zARUen1Zf7hlvuG8UFrcBzG6KsoI"},"_chains":{"BZXH9mhgggDyKafwb49NR8Dgq1KqFI/naO76ma9sSa1o":{"chainKey":{"counter":3,"key":"pjqWMWYDNdEFP5WsEkn0PHQEsDscD2YtXG2cmdvomG4="},"chainType":2,"messageKeys":{}},"BbtjC5H3E0sDtIRvPGnugGWCfZs/vpoHUgXDb0y6aSB7":{"chainKey":{"counter":-1,"key":"J4HZpO6ZrkC6GZjDCLrgdQ8i1rJnG/nY7GXESsDBVTQ="},"chainType":1,"messageKeys":{}}}}},"version":"v1"}