[{"senderKeyId":333708648,"senderChainKey":{"iteration":687,"seed":"9XnBfwQgUDurd1NyD/WM6Jnxb6BeSJ1FgAiHZgGWGqg="},"senderSigningKey":{"public":"BciftH+mU/W/e5+gGodlg9qveBFrmwU43kDVhfwdy2Yu"},"senderMessageKeys":[{"iteration":603,"seed":"rIouGCKXT5QnoTelLnjT9WdPkpFyjAsFhr3z+5FSLzU="},{},{},{},{},{},{},{},{},{},{},{},{},{},{},{},{},{},{},{},{},{},{},{},{},{},{},{},{},{},{},{},{},{},{},{},{},{},{},{},{},{},{},{},{},{},{},{},{},{},{},{},{},{},{},{},{},{},{},{},{},{},{}]},{"senderKeyId":333708648,"senderChainKey":{"iteration":681,"seed":"Ug1N7WpCgm9IeKeHoZBL1sGLM0ij4ayc4Xi5270d/Pc="},"senderSigningKey":{"public":"BciftH+mU/W/e5+gGodlg9qveBFrmwU43kDVhfwdy2Yu"},"senderMessageKeys":[]}]