[{"senderKeyId":1245607586,"senderChainKey":{"iteration":1715,"seed":"sDMNyRm9R8RrqCTfz+4Whypp5Cb+PrFWa7z/vPZsOQw="},"senderSigningKey":{"public":"BVBIWI4VuBvYqqSsfF0gz2qcEbDnptevQ1viJfOj3y5y","private":"YIBT+jgzPL2uIDyqyxC9VutGbCze+llAq8tkKzXJ5G0="},"senderMessageKeys":[{"iteration":1,"seed":"QaAa8yEcoqlBDr6KNEKCXvrcJLfEH166IUn1O3DI7VE="},{"iteration":3,"seed":"2t33BSifgaYehfgaB6AAhJAvR5ciwQd25p1/gGsIvr8="},{"iteration":5,"seed":"ttjwkEqMuiyu5Xnk10kEqP+JLsEFPNXTZR39nvRl9tg="},{"iteration":7,"seed":"0zuApx6vIOd8SOtQxgwkbO9RpFD1xCellV46cQKz2pU="},{"iteration":9,"seed":"E5Xn8tIXWNgpA9KD/52DFtx8GBtjvfYQfFnDfw3WPCc="},{"iteration":11,"seed":"xcWrd2vTZwbDpx3KZ8sqXVz+B+g3f60fzlkoLYL+/gU="},{"iteration":13,"seed":"CtGudClpiiCsLdj+jwrBanuZayFhO4EAUq8Cu3NFi80="},{"iteration":15,"seed":"Oc/7fvRIYQygi8B/GhENWT4dGZ3zrSWzz3ZyGsxVtBQ="},{"iteration":17,"seed":"z3OX5Zo7MkAMaIjXEcOHfMHtsc2L2CSC9m8YDGRlVpk="},{"iteration":19,"seed":"xGl+LuBjCqrd+DgbdtKFaWOcgsM4ASCS2103p56iHfo="},{"iteration":21,"seed":"OQxULr5+gEJp2cx2iztYwLYHScCQZBtciAWffiSycCw="},{"iteration":23,"seed":"9gyelmgolmxRpW85U7RnjsoYEGBpqjwCs935FxPMGUw="},{"iteration":25,"seed":"t5H28taVQy85zkpQticqIQefmUcEo8VjUJfU4pj3DVI="},{"iteration":27,"seed":"ESg+lCHBFPRdzHdpX0Ti0gFE3oFDAdRH+EGlzw/fmUI="},{"iteration":29,"seed":"kZuMp43Eil4wa+AB+z5LTiu8VkiXCTOOJr3FtHTopWg="},{"iteration":31,"seed":"TwiIbRIdV/CDSfZqwiuLTAidYuLKqOxtM32hqbwkcB4="},{"iteration":33,"seed":"tq70dS6HTKbv2xohnynwrIvyCdrspd7IfKJC5ekBJls="},{"iteration":35,"seed":"EgHWNgqUB+XjINUtco6Ma/RKOSapBjS2MX+oOAB3Mqc="},{"iteration":37,"seed":"J84lrF6WoiSc3/Pooqkyl4zhdi4DUQnYzPY4XsN3/4A="},{"iteration":39,"seed":"xozRc8eNv2vI8JEJkGlMsjPHXU/JxejbShGfvNGU6Tk="},{"iteration":41,"seed":"MDYV75/OW4Q+WyOdBpUJWHxF9DUe8LFZ1Tx+J8VmHds="},{"iteration":43,"seed":"cUS3C5rrgR5SN+DUQ9KLya1UFvsw+wNwbHtfHYamTRU="},{"iteration":45,"seed":"2qehHEYpvnSYOlC1ocrmgqroCLMcjLfzBNy9CcqSFg0="},{"iteration":47,"seed":"5pwA9a0KO7lXCGE3mJVXOI5xGVoYRsKryC3lc1GosBY="},{"iteration":49,"seed":"R3LM67xtaNS3MMcM9+K5mO8f88VVufFpcta2ApzFtvs="},{"iteration":51,"seed":"25FDoHrvZ3XSrB2rn7BZc7SJpzQD4NfH/O4nH28KASk="},{"iteration":53,"seed":"Nx6WUvAajJwBlr6oxY5TRKe2ff0Qx+3t0M/BBI17l2c="},{"iteration":55,"seed":"hIVxiUVMNkn/TATv9sp9dYzLqocg0WVUL3EIIB8Su+I="},{"iteration":57,"seed":"MYKrhdBrJrfbR5sp0pA19QolexptYO6cwHon6IzCuEc="},{"iteration":59,"seed":"M49ZTY93tq0PT/YaZqIduoDAuCkSQGYFZl2AQB3zVrE="},{"iteration":61,"seed":"mXCX1HnEsr1JarVZXnSbAZelMcAQsCWxo9KAL1DR/s8="},{"iteration":63,"seed":"VlBMZ6o40np8eItPExEhK4evu5yoj574hZjXAKLDnPo="},{"iteration":65,"seed":"VGq+qXJm7YQ4BN1KzaVP27XzfGU9EUEP4zRYlVCRqgQ="},{"iteration":67,"seed":"3nYmvc1WmbzdsR7FHB6bDTZ1YVjwcRZ4e0+cVZHNgYU="},{"iteration":69,"seed":"SilqNxhMRA/HJn176NVcS9tlzlbceMhYhwRERjek9wg="},{"iteration":71,"seed":"7Tr2YuEi4EXka2Hkw9UzZqGERdBhCTYwhrxguGlCxDk="},{"iteration":73,"seed":"gMmtVvPevJ6i5KppAzO//jrDusAwWof2cEpDoDFipCU="},{"iteration":75,"seed":"qcdRf+VPKvpCHm338bynpiBwlfAg+zC9w5KpZhrC0a8="},{"iteration":77,"seed":"HW/A8XUaEQubJOb/uw3QqCGQlyx1fj0EpdAhGdcbaug="},{"iteration":79,"seed":"9Ld/p18tUaUVdEoJ2PqNi+W6pAYo3vf7v9rYJxmwERY="},{"iteration":81,"seed":"SdGZ4/2+zS/fwU48fPkzcERn3YG0UYv5GaAMTSTQ4Yc="},{"iteration":83,"seed":"eHbNHmP5IL7sfkHx1xd6AMF35P46P4xJA5a15u9PTxM="},{"iteration":85,"seed":"cBYk6H/GxsMz1BgQb5spXzVPQNLg1TCl4F9tPU63boc="},{"iteration":87,"seed":"DxBx/I2YKY/l+IQOYiIeTsGYa/i/ITuhviByn4nVjf0="},{"iteration":89,"seed":"QV6VMO9yGN8/nSGhnhW06LeWvZ6dhV3ZHT2Bfs71NSg="},{"iteration":91,"seed":"6/SvmFKKBCfFOkXTXTl5LNYdL/1jnOC37v/oFRoonqs="},{"iteration":93,"seed":"G8oi2PHFZeY6B+PmccYr+Q6npTLhW4nmZQ7qLdcK3s4="},{"iteration":95,"seed":"PAjgXsTPcCndzdK77KAAcJRjppIoYmlzqpTZ6qQcWFs="},{"iteration":97,"seed":"FychecywEklDv1o4ONitxb4V3dqS9Xr3SAa53YCuP70="},{},{},{},{},{},{},{},{},{},{},{},{},{},{},{},{},{},{},{},{},{},{},{},{},{},{},{},{},{},{},{},{},{},{},{},{},{},{},{},{},{},{},{},{},{},{},{},{},{},{},{},{},{},{},{},{},{},{},{},{},{},{},{},{},{},{},{},{},{},{},{},{},{},{},{},{},{},{},{},{},{},{},{},{},{},{},{},{},{},{},{},{},{},{},{},{},{},{},{},{},{},{},{},{},{},{},{},{},{},{},{},{},{},{},{},{},{},{},{},{},{},{},{},{},{},{},{},{},{},{},{},{},{},{},{},{},{},{},{},{},{},{},{},{},{},{},{},{},{},{},{},{},{},{},{},{},{},{},{},{},{},{},{},{},{},{},{},{},{},{},{},{},{},{},{},{},{},{},{},{},{},{},{},{},{},{},{},{},{},{},{},{},{},{},{},{},{},{},{},{},{},{},{},{},{},{},{},{},{},{},{},{},{},{},{},{},{},{},{},{},{},{},{},{},{},{},{},{},{},{},{},{},{},{},{},{},{},{},{},{},{},{},{},{},{},{},{},{},{},{},{},{},{},{},{},{},{},{},{},{},{},{},{},{},{},{},{},{},{},{},{},{},{},{},{},{},{},{},{},{},{},{},{},{},{},{},{},{},{},{},{},{},{},{},{},{},{},{},{},{},{},{},{},{},{},{},{},{},{},{},{},{},{},{},{},{},{},{},{},{},{},{},{},{},{},{},{},{},{},{},{},{},{},{},{},{},{},{},{},{},{},{},{},{},{},{},{},{},{},{},{},{},{},{},{},{},{},{},{},{},{},{},{},{},{},{},{},{},{},{},{},{},{},{},{},{},{},{},{},{},{},{},{},{},{},{},{},{},{},{},{},{},{},{},{},{},{},{},{},{},{},{},{},{},{},{},{},{},{},{},{},{},{},{},{},{},{},{},{},{},{},{},{},{},{},{},{},{},{},{},{},{},{},{},{},{},{},{},{},{},{},{},{},{},{},{},{},{},{},{},{},{},{},{},{},{},{},{},{},{},{},{},{},{},{},{},{},{},{},{},{},{},{},{},{},{},{},{},{},{},{},{},{},{},{},{},{},{},{},{},{},{},{},{},{},{},{},{},{},{},{},{},{},{},{},{},{},{},{},{},{},{},{},{},{},{},{},{},{},{},{},{},{},{},{},{},{},{},{},{},{},{},{},{},{},{},{},{},{},{},{},{},{},{},{},{},{},{},{},{},{},{},{},{},{},{},{},{},{},{},{},{},{},{},{},{},{},{},{},{},{},{},{},{},{},{},{},{},{},{},{},{},{},{},{},{},{},{},{},{},{},{},{},{},{},{},{},{},{},{},{},{},{},{},{},{},{},{},{},{},{},{},{},{},{},{},{},{},{},{},{},{},{},{},{},{},{},{},{},{},{},{},{},{},{},{},{},{},{},{},{},{},{},{},{},{},{},{},{},{},{},{},{},{},{},{},{},{},{},{},{},{},{},{},{},{},{},{},{},{},{},{},{},{},{},{},{},{},{},{},{},{},{},{},{},{},{},{},{},{},{},{},{},{},{},{},{},{},{},{},{},{},{},{},{},{},{},{},{},{},{},{},{},{},{},{},{},{},{},{},{},{},{},{},{},{},{},{},{},{},{},{},{},{},{},{},{},{},{},{},{},{},{},{},{},{},{},{},{},{},{},{},{},{},{},{},{},{},{},{},{},{},{},{},{},{},{},{},{},{},{},{},{},{},{},{},{},{},{},{},{},{},{},{},{},{},{},{},{},{},{},{},{},{},{},{},{},{},{},{},{},{},{},{},{},{},{},{}]}]