[{"senderKeyId":980792405,"senderChainKey":{"iteration":7,"seed":"pfCu1ouXyZkCd/V/fl/NRIsHmehNr4L7JVV6dXQxWBQ="},"senderSigningKey":{"public":"BVWLsQBGscdpL21bSM09dgrSXiSd4CvVwVz6TFmMYJZb"},"senderMessageKeys":[{"iteration":1,"seed":"sRnEvcHQ+ok2TmEjGT/YFdFCHwHmSWljVXbzUXt9He4="},{"iteration":3,"seed":"/wzjG8N1B0jMGRg4gwSxx1eY9yJHRClnZA463j2c37k="},{"iteration":5,"seed":"fDSmQEmVmAf61xemPoDde2i+f7F2LKBblpjxGbROwtw="}]},{"senderKeyId":980792405,"senderChainKey":{"iteration":1,"seed":"I269SmirWC78hzRvsZkJu0ljskQw51oVlR/+vdnV4kI="},"senderSigningKey":{"public":"BVWLsQBGscdpL21bSM09dgrSXiSd4CvVwVz6TFmMYJZb"}},{"senderKeyId":980792405,"senderChainKey":{"iteration":3,"seed":"sGxAsAq6y6WdwKNmV2hP8cwtbEhGiQoQfSh1e2/UHcY="},"senderSigningKey":{"public":"BVWLsQBGscdpL21bSM09dgrSXiSd4CvVwVz6TFmMYJZb"}}]