[{"senderKeyId":137271902,"senderChainKey":{"iteration":7,"seed":"tpfj3/sdNsb9bRWUDX15bdeELjM9vNbNLzqxiHnWsIg="},"senderSigningKey":{"public":"BfhzNWSFp7N1xFfusYYY7Drft/1Gg1P+iPquGg6k51It"},"senderMessageKeys":[]},{"senderKeyId":861639959,"senderChainKey":{"iteration":68,"seed":"X3Kbwl4aHSIPUiISHEPzHDoSIlo54Hc6+BTU/zy9Ok0="},"senderSigningKey":{"public":"BVlkSzYtn0d6C0bNJ9BWiNo17vp1oJKIh8FdmqUK0btv"},"senderMessageKeys":[]},{"senderKeyId":1780783881,"senderChainKey":{"iteration":12,"seed":"uzzeCwg6dWRJPrGBTC6D5N4z6nffZjOulYaicxtUKRs="},"senderSigningKey":{"public":"BSgDJwaJPVa7Resf9fwMhIOu0HkVLcvutWus5aeHAiwk"},"senderMessageKeys":[]},{"senderKeyId":1063493437,"senderChainKey":{"iteration":119,"seed":"1VCT0S6ku4iPjO5PDbL8ZRaZrVcnDfyLCGyeTEHF3bU="},"senderSigningKey":{"public":"BUa/nas0rseZm3omfsQfaolhjpi4OpcdtIYcJ0PkynRw"},"senderMessageKeys":[]},{"senderKeyId":966127785,"senderChainKey":{"iteration":299,"seed":"Qv2/kT15SKv0kGSZ9q2JQBW7o2RpaPpduRPWcfApie4="},"senderSigningKey":{"public":"BSCdrdx+aFXg1CaEiTLysVUl1dDFApRPBzqEVssX3tUI"},"senderMessageKeys":[]}]