[{"senderKeyId":1754952119,"senderChainKey":{"iteration":107,"seed":"ifZLMbCiVR+ZYm+ATDUOKUE/nT9o14PRyD3MdYNI/Cw="},"senderSigningKey":{"public":"BZ99XNL5i8Apz9O9yjNoKVtm0Vi5gVI7O7hYKr/kFAhM"},"senderMessageKeys":[{"iteration":89,"seed":"SYw5KArWkugEqiUGyPqEiSTnFawYGpfY0VvxNZzS1s8="},{"iteration":91,"seed":"BSazqu9ofImFseZtbBDhruyyCY7vNgT5CMlLrN+xLD0="},{"iteration":93,"seed":"DqY2f00aRgmcEtkPoUbeHjMc6LqEOjIZQfqtonfL4nQ="},{"iteration":95,"seed":"ljbp6AOGsqFrbqtIBJTYqy2fJNJcGgXhq/UaFDnS7xA="},{"iteration":97,"seed":"yEjW2/5tkwVTi1yivzJym8P/iJQ9DUByStNUkB3Cd0Q="},{"iteration":99,"seed":"bAytk1InR6EMpLlYOBtenEB8X6UKf2HDMJ/sfGN1DfI="},{"iteration":101,"seed":"TCyQir9eUiGb7FVfUK944dJr5MX68jkKJbMhZ4YZ/Ng="},{"iteration":102,"seed":"eLzFeXSlK1Mavqa/cwh0zsU8VtSchaQW8mSZfRtjC9Y="},{"iteration":103,"seed":"kDO0KVux8yCiUTq408Z2V7+q2C1Ke7CmBlqv0Db6Ar0="},{"iteration":104,"seed":"iEpuyqa23ZIyfvc6TThtrAhO9QZvfYbu5l4rDU2gBJ0="},{"iteration":105,"seed":"/p4CXvFaMHYfXuEUcdf8sqFcUvv2EgXPNl9sgVJriOE="}]}]