[{"senderKeyId":1107582721,"senderChainKey":{"iteration":8,"seed":"aQaRLUVhWvYmDYddxerweikVnP+4x7suLH4zvsFachs="},"senderSigningKey":{"public":"BQoNzwvLuRtQhi0PXAqkL7jGSK2+aGemljhzmn0lHndS"},"senderMessageKeys":[]},{"senderKeyId":1073655882,"senderChainKey":{"iteration":3,"seed":"DRGN1NIj23a5uERhhLEeV65elgMBO8UDnEdHgm4xzR4="},"senderSigningKey":{"public":"BQOWjiYvVTZAkv9VXsHhLYo+JYZVVzzGTSrPsQoMXh54"},"senderMessageKeys":[]},{"senderKeyId":1282273029,"senderChainKey":{"iteration":45,"seed":"lINHvyIM0juyE+f11MLcDfcLo7lesvUqSODZ/jvBQ+c="},"senderSigningKey":{"public":"BZ7SGS/S/MKxqQJuGBpdP4GGM/9vedAWjc/GrtKi/MU/"},"senderMessageKeys":[]},{"senderKeyId":1161797763,"senderChainKey":{"iteration":93,"seed":"yADvDmHSOqZleEwMXfFXjuPYGWS9zhJbGA03S7szNF4="},"senderSigningKey":{"public":"BX/WsuO3BkmCqJJwvM8vpl0LT6cQDkPH6Q0fgCHgcM41"},"senderMessageKeys":[]},{"senderKeyId":1000756272,"senderChainKey":{"iteration":97,"seed":"atdVOqYD5ayhNIAdTcM6bijlno43PEDVq/aF5wIYKxQ="},"senderSigningKey":{"public":"BatfMz21k83AhAcnAjBVHO/lfOoj0fEWo3vQYU5q0fl7"},"senderMessageKeys":[]}]