[{"senderKeyId":2120735236,"senderChainKey":{"iteration":17,"seed":"cpzX8p3HYN8eqnqtEm63SqnraXXaT4JgMj4FP2XHcBs="},"senderSigningKey":{"public":"BUMoeF3nuxIWdpyHrYmlr+H5YRB226le38UwNsHNMlEF"},"senderMessageKeys":[]},{"senderKeyId":1259066203,"senderChainKey":{"iteration":54,"seed":"HyHqfEV6ijEEVbhJbnc8xyulBqjW7SASlEL7005Y9aw="},"senderSigningKey":{"public":"BbpCjdKyLEzVB7P4hUAMKjr/6uc5pjx27NHq0uQ8ENwS"},"senderMessageKeys":[{"iteration":7,"seed":"dchndygo+g3XymKD+Kex+FOtk2o/35oEV2Dg+vXOt0Y="}]},{"senderKeyId":1110905430,"senderChainKey":{"iteration":17,"seed":"wbyNjWNYc/TkGdf+GzeoRhacgzd8vnvOJPKyFJwGefk="},"senderSigningKey":{"public":"BSbhDx/w114ZBIG44d0oUYWj15C2jRllE6N8l170B2Zz"}}]