{"_sessions":{"BdoVa01oJSNgi9Or2nrlJjFXEYvuMq4f4MT8KiHugCRi":{"registrationId":1866089415,"currentRatchet":{"ephemeralKeyPair":{"pubKey":"BQUL0jCK8RTgHO1unCvk0pSA0+Q4lBR4SGE9k1wwObAP","privKey":"kB446aoLfzihOoMCTzBrJVFuSGkB6W368o3iqpA8zGo="},"lastRemoteEphemeralKey":"BehRUWnWAiXK80OtV9HClgTQSAjspGN4sSdn7ws8HYlI","previousCounter":0,"rootKey":"ppsmD8JO67QIC21qWTvAkbxPWJdY8udxvwe32n5fTxc="},"indexInfo":{"baseKey":"BdoVa01oJSNgi9Or2nrlJjFXEYvuMq4f4MT8KiHugCRi","baseKeyType":1,"closed":-1,"used":1730561168798,"created":1730561168798,"remoteIdentityKey":"BV/If3VVeitZDzURQaiFdgqGvcFkq7cCtwtn0awk00kP"},"_chains":{"BQUL0jCK8RTgHO1unCvk0pSA0+Q4lBR4SGE9k1wwObAP":{"chainKey":{"counter":2,"key":"qhGRAyt+Xj+oja5cED8di+fh32BU3P3qHVACHBIC1nQ="},"chainType":1,"messageKeys":{}}},"pendingPreKey":{"signedKeyId":1,"baseKey":"BdoVa01oJSNgi9Or2nrlJjFXEYvuMq4f4MT8KiHugCRi","preKeyId":16387935}}},"version":"v1"}