{"_sessions":{"BS065idISj+ZUtm5/1OGbOROseEIr406PHqjVpBgw0tj":{"registrationId":982182816,"currentRatchet":{"ephemeralKeyPair":{"pubKey":"BT/H/88MQskaE8a0MQjX9HEdvK3dA0lGfxhBq1o/oC9R","privKey":"wMG/sDtzAQvPA+QBMZ9Q2+6ydIPAB4YJ3/T3XFm1mmA="},"lastRemoteEphemeralKey":"BWE5AVLLxq5fQvLp2E8waBFTayzTDcp5RU+JFbC6cTxu","previousCounter":0,"rootKey":"QF4j7e5iVQciY0AAFOMTTQs1TnElgVajF+JS6hslmds="},"indexInfo":{"baseKey":"BS065idISj+ZUtm5/1OGbOROseEIr406PHqjVpBgw0tj","baseKeyType":1,"closed":-1,"used":1730561168900,"created":1730561168900,"remoteIdentityKey":"BYAOPCsll6Ag4iDa32HHm5TPY1vvgeAG08cnR07YUM8I"},"_chains":{"BT/H/88MQskaE8a0MQjX9HEdvK3dA0lGfxhBq1o/oC9R":{"chainKey":{"counter":2,"key":"/00F8BjBZ8jtWDYzAB9Nk9wZkn3mF/bvA0oPI6/f0rw="},"chainType":1,"messageKeys":{}}},"pendingPreKey":{"signedKeyId":0,"baseKey":"BS065idISj+ZUtm5/1OGbOROseEIr406PHqjVpBgw0tj","preKeyId":1020955}}},"version":"v1"}