{"_sessions":{"BTApg0u81WnJLrvNuCYOSHAmeZU2ZXD29tQduIo6KxVB":{"registrationId":495265404,"currentRatchet":{"ephemeralKeyPair":{"pubKey":"BUgk6WxhifcpQIy9DU1vYgNDLVJ8jmQlUlTw3v+Y2IN0","privKey":"uCyjEYDZns0bWLY8MVHgZrV7W5F+uqSvE9j8fFdajGc="},"lastRemoteEphemeralKey":"BWOhAS2H8aVACW7dizDh+6OVLojJnlbuqsXL2j3WRYAc","previousCounter":0,"rootKey":"EHuS6VUZBKC4umgI/M7bcl6+tm7Vd3i+7SwcWeYSMec="},"indexInfo":{"baseKey":"BTApg0u81WnJLrvNuCYOSHAmeZU2ZXD29tQduIo6KxVB","baseKeyType":1,"closed":-1,"used":1730561168699,"created":1730561168699,"remoteIdentityKey":"BbNCA8t9hGdJ9v4hzagqFyVoxWLJ3DYue/7pnL7253FX"},"_chains":{"BUgk6WxhifcpQIy9DU1vYgNDLVJ8jmQlUlTw3v+Y2IN0":{"chainKey":{"counter":2,"key":"GasB5BAsDyIdOKP9g7H/5VnkGghgDXrAGX+uG3TEfwY="},"chainType":1,"messageKeys":{}}},"pendingPreKey":{"signedKeyId":5,"baseKey":"BTApg0u81WnJLrvNuCYOSHAmeZU2ZXD29tQduIo6KxVB","preKeyId":12461282}}},"version":"v1"}