{"_sessions":{"BbgzKorPxSrh5nbGObrwURgE02WxX5KQfosDxwvVRzoZ":{"registrationId":1890698302,"currentRatchet":{"ephemeralKeyPair":{"pubKey":"BdN0hXeX+M5aEYtnBrKEa4nvDbSOLeOOXu/bgLuolC1O","privKey":"CCyTWlU8o+DHgPkID6+lRof1Vs/SMaIkNjDBpdeOKUQ="},"lastRemoteEphemeralKey":"BdzZa+ovrLwerk1xCD6XrDcGAyTW3H2MwSHGy9TWKkEC","previousCounter":0,"rootKey":"EMn6NbtSDgMKdXUwkr29GzBd4vk6N6ix2FSEKb8TGyg="},"indexInfo":{"baseKey":"BbgzKorPxSrh5nbGObrwURgE02WxX5KQfosDxwvVRzoZ","baseKeyType":1,"closed":-1,"used":1730640514095,"created":1730561159576,"remoteIdentityKey":"BUg0XA3VHLamfQQs3UJb8F9cZoLRYOdeq3ZtVA0WeDIS"},"_chains":{"BUw1YAUvsHgo4bo+STZ0RHQEE6VGXqPsJfQfvSb26PIr":{"chainKey":{"counter":0},"chainType":2,"messageKeys":{}},"BZa4qcx+lW3pgvDbwWAB+mpVYpFw6BSwxdodgKtxGIxF":{"chainKey":{"counter":10},"chainType":2,"messageKeys":{"0":"Y6hPOY+JsRuqxahXiP6xL36r3cyBENyKjQtAdnlwaeM=","1":"1bXPo4lCWBiIr9FQk2cjFXx8jar6GujvjsccRpYwveM=","2":"L8SaNblyUVPDdQX+j4GfT3Zd5E39+n5EBUcp+IygcG4=","3":"lbsM75OlkF3MISHoK55X0KzkbN0sh9Sm3mRyZaGoXXk=","4":"DaI/cYcx32fRpXhwbnpTlhKOwgQwymT4p3BYQ0j1po4=","5":"1pdFXsfaMkw+0cjiyEniLTIzhEgEcPgRJa4BNRAmnJA=","6":"/wRjN2aMB78Eer0tlNqpczn+i6qDtBJEQueSQUvywLE=","7":"60LCv6e6mvZdZEbi/lW741LRcyH2ZHd65hzWI+3CfcY=","8":"2S+pI5sKPJTnkuSM0WoVeD6iXKhF0fFUSBiCFORYwqg=","9":"VQ9h/sGLn8Eobx651gdAhDAMyL9BWLfreO7EQeoIhDo="}},"BSlo3ADzhAzRBPpCWvtzTi5Y617zbuGYvxl5QyjLpScf":{"chainKey":{"counter":0},"chainType":2,"messageKeys":{}},"BbuKWFMCowSz0MbLTrvAvDwqibAtmKBR/0JzWxJcigsl":{"chainKey":{"counter":0},"chainType":2,"messageKeys":{}},"BT5Pmg5T8BduAKQf6os3zWWtU1nLwG7zys2qQBShRwBX":{"chainKey":{"counter":3},"chainType":2,"messageKeys":{"0":"tSkonJz9N5QVrp2eMRiV6zNUp4Cl+oniCI5/kg3Vx58="}},"BUgBCOhzo/yqmFlCZ8NsYWdQnvWTEk0W2wlFZSbE4nlp":{"chainKey":{"counter":1},"chainType":2,"messageKeys":{}},"BRslF3l64b7CayUCyZUL773YtnXFlU1BO6m1mDlcuCxF":{"chainKey":{"counter":3},"chainType":2,"messageKeys":{"0":"9tQ0N3zz3ubMsPaODp/1Noz/S20SHkf5Am12fnrA6fc=","1":"FcjAdp7tcqxtsfP4VuFKumt+P9P4CdnNv12kMWDdS7c="}},"BUQa440xSHJzMyTUO/jYMBPE1gvpquw7EiOTxb7e8pAS":{"chainKey":{"counter":1},"chainType":2,"messageKeys":{}},"BRS8dRTwzITH77ahhipoiw34lrbRznBAml8MeggPK4sc":{"chainKey":{"counter":0},"chainType":2,"messageKeys":{}},"BQ3hvg835C9XpYPdbIS5XeA5P78ZbYZTAJIFnRryZHhf":{"chainKey":{"counter":0},"chainType":2,"messageKeys":{}},"BSgUEcyG6xbi/5mhXqzVcC5F7NlvU/QvJg+1ADA/6xk0":{"chainKey":{"counter":0},"chainType":2,"messageKeys":{}},"BRt0dBMi8y5efp8DXDOZKMEIvPsEDtHEex5Z3E3wntsi":{"chainKey":{"counter":0},"chainType":2,"messageKeys":{}},"BWEgW64ljA5BhSJxR2UGlP4xDX1TjUIlh4d/ZTe+qp8O":{"chainKey":{"counter":0},"chainType":2,"messageKeys":{}},"BXWhr2UWVtqU4efSRWj7LncxAQKIFnHhaQ3Lfbj4DW9X":{"chainKey":{"counter":2},"chainType":2,"messageKeys":{}},"BWKZV1Z+HyiJBAUpAX31roSUHUopuMDGEZIVv5yxFVkC":{"chainKey":{"counter":0},"chainType":2,"messageKeys":{}},"BbV5TuJ05O2z59P2ZvcxUUZzfotAvrINXoboZ3end7ov":{"chainKey":{"counter":4},"chainType":2,"messageKeys":{"0":"mZ1WGP+JAQoOmSqoQLx3XR+RW50HE6FhAqzlwKVhHBQ=","1":"tgsotPeSOLVaagjFu+Prv6/BNnKMS6dt0/OGK6UXxpQ=","4":"lsgk1X2nzdNv3C5Z2amR+JSqpScqRWimUEu2/pBBZdE="}},"BZo/ru1V/z68LFuptV6BKo2AeD15r2lhTNAI7jQM4KQo":{"chainKey":{"counter":0},"chainType":2,"messageKeys":{}},"BSCbpND1L5pI/Kcu9NfPy6YVCJdGTBw1BhPINxvB4JED":{"chainKey":{"counter":2},"chainType":2,"messageKeys":{}},"BfuSkZmAp2RtBl46QV9KLOqmYtLfhYjkjkUgtmISislT":{"chainKey":{"counter":0},"chainType":2,"messageKeys":{}},"BdzZa+ovrLwerk1xCD6XrDcGAyTW3H2MwSHGy9TWKkEC":{"chainKey":{"counter":0,"key":"p/qiKTgMAEkAizbdSHlLz5SGvcCbmXT5EAYFAeIEJEU="},"chainType":2,"messageKeys":{}},"BdN0hXeX+M5aEYtnBrKEa4nvDbSOLeOOXu/bgLuolC1O":{"chainKey":{"counter":2,"key":"JFXy9BBhXwZxkF4r42K0j6yINEn/ze1ISfUXama6bTE="},"chainType":1,"messageKeys":{}}}}},"version":"v1"}