{"_sessions":{"BXJc7IlyaWmMFSEG7svHjUcpORb/RdJen5DG0ydr8WMF":{"registrationId":601942288,"currentRatchet":{"ephemeralKeyPair":{"pubKey":"BYPROCHhTSUEgz1n3r18pp9TAOof03YeVPwnTicOytUk","privKey":"0CL9F9aCjtvUEM519b9m74hSBBrwTAC+k7aAYxVcF34="},"lastRemoteEphemeralKey":"BZ9g+Jx0idbaCUn+oQdf5PMR6E3ItLO1Drpk2DmMFIUH","previousCounter":1,"rootKey":"7dFlk99HFVudPBWiHQEq897S8ZBLuy8khIwE4nqh27s="},"indexInfo":{"baseKey":"BXJc7IlyaWmMFSEG7svHjUcpORb/RdJen5DG0ydr8WMF","baseKeyType":2,"closed":-1,"used":1730637646565,"created":1730597800303,"remoteIdentityKey":"BbiAwpLJqJcJXwYSwiyx+MaLdLzTgTCn0HZVtKspnCVG"},"_chains":{"BdLmnT0tAgjws9WJx/pGDuzhqtwH1TG4eghspmx17q4I":{"chainKey":{"counter":0},"chainType":2,"messageKeys":{}},"BUsecQPBWVvzY+h8kZkvDaAMnBa/OhByCHuerYTa9h4w":{"chainKey":{"counter":0},"chainType":2,"messageKeys":{}},"BRkI4yHC2Eavex1VGWFq25yzJRaX0b5Eo+7VzPeZFBFd":{"chainKey":{"counter":0},"chainType":2,"messageKeys":{}},"BSRiuw1IRkJSyH8oMFOmON5+eb+4NaKO/LGA32Ru+S8E":{"chainKey":{"counter":0},"chainType":2,"messageKeys":{}},"BXVLJYFG6VFZ0LQwM6yn5cLEb8bNndCbfCXMzCRH3b4W":{"chainKey":{"counter":1},"chainType":2,"messageKeys":{}},"BQ3KG2uH8PWVcm34ISfEJzANbvyILYbqSqM+JMs015Rv":{"chainKey":{"counter":1},"chainType":2,"messageKeys":{}},"BVpiJZh6VmD3DjEhgoiswje03GNr4hhTXOHPCDn6RcM7":{"chainKey":{"counter":4},"chainType":2,"messageKeys":{}},"Bau4Hc75zk59zGBQCF2MsA/spEN1wcFWqqW34Aukkicu":{"chainKey":{"counter":1},"chainType":2,"messageKeys":{}},"Ba6onX42asIRjZVtcnskOYPbiAEtWzRzlj8LORjmx2sZ":{"chainKey":{"counter":0},"chainType":2,"messageKeys":{}},"BWt5qPeeogyLKiHJ+lC5HmOrH0hYGKDQZodhv8sTW4B1":{"chainKey":{"counter":1},"chainType":2,"messageKeys":{}},"Bea9O2VKpQRkjnsqLZQx9IpLjLDAZle4PD2RBHhvZD1r":{"chainKey":{"counter":1},"chainType":2,"messageKeys":{}},"BebroF9rrE3vFwuJMPAy5XcPuAhpTsCAgnI20piwiCZR":{"chainKey":{"counter":0},"chainType":2,"messageKeys":{}},"BXpHYaYyb4l0JzGMpzF/SOiieCS2lLPP9kgm8P9WrVJo":{"chainKey":{"counter":2},"chainType":2,"messageKeys":{}},"BcxVRtGbfOqYu1SzWibId/HJFyoalUIK1dWq+XPolZ9g":{"chainKey":{"counter":0},"chainType":2,"messageKeys":{}},"BdIJqW0FqUgvDWkg+HERniyhmKMfsbX3XStU5F5GEeUX":{"chainKey":{"counter":0},"chainType":2,"messageKeys":{}},"BSBtj5RSR/akWAg+8UYJnhMbN+ey/2LtxiCuex717+Rc":{"chainKey":{"counter":0},"chainType":2,"messageKeys":{}},"Bd295uEWxM8DctNr0BOwXqO+06EfidvDRAtEA23q7N13":{"chainKey":{"counter":3},"chainType":2,"messageKeys":{}},"BUOuoMFK2BWcM4tzJrmJpIRADvSyAiALOH3HiBfRjW0+":{"chainKey":{"counter":1},"chainType":2,"messageKeys":{}},"BZ9g+Jx0idbaCUn+oQdf5PMR6E3ItLO1Drpk2DmMFIUH":{"chainKey":{"counter":0,"key":"NWQ70N6vZv3ee2+PZ6J/WvWUkSM8MhLtzYUrp4kjgq8="},"chainType":2,"messageKeys":{}},"BYPROCHhTSUEgz1n3r18pp9TAOof03YeVPwnTicOytUk":{"chainKey":{"counter":1,"key":"7DV1+7bqMOQLTbmfmjaRWquRbbK8Jv7d4NWXtRKvhS4="},"chainType":1,"messageKeys":{}}}}},"version":"v1"}