{"_sessions":{"BV+y3OAuLeyKusCyGBynKENS3GzA+mOf/+jw1bo4o29L":{"registrationId":455437569,"currentRatchet":{"ephemeralKeyPair":{"pubKey":"BdpufGPKLC4g9mYB6PZ6HP921w5Hz0D9l+Xw0aMKNqdK","privKey":"qLMdXUWVsOWwf3yvUv5+8t+ep39nXyJtBc0iMvAaZmU="},"lastRemoteEphemeralKey":"BZnUtR5ZWHdqgnhVqnxASSZDbn6mHIwSPr6o8dGHf65Z","previousCounter":2,"rootKey":"l/d23S6+vyVdhcvA8r+zxgmVnNeNjaaX8nNpyxIOw40="},"indexInfo":{"baseKey":"BV+y3OAuLeyKusCyGBynKENS3GzA+mOf/+jw1bo4o29L","baseKeyType":1,"closed":-1,"used":1730633108441,"created":1730561168728,"remoteIdentityKey":"BQU9o4m7mvZfPQVj3g8FWcoalkpldDc7RYA46JOWafM5"},"_chains":{"BZnUtR5ZWHdqgnhVqnxASSZDbn6mHIwSPr6o8dGHf65Z":{"chainKey":{"counter":4,"key":"lM8G68DrtfFqHGBxkvmV87SSEsPrLYfgLpDYzfxR3Mc="},"chainType":2,"messageKeys":{}},"BdpufGPKLC4g9mYB6PZ6HP921w5Hz0D9l+Xw0aMKNqdK":{"chainKey":{"counter":-1,"key":"rr+ZPBGTXK4o9/zbgFBxDJ1AV/4d11IMFzb4XaiAedE="},"chainType":1,"messageKeys":{}}}}},"version":"v1"}