{"_sessions":{"BYftq89jC84T+udPv8uctcPFrgMTfR+x8ulLxB/lDBE1":{"registrationId":1127265188,"currentRatchet":{"ephemeralKeyPair":{"pubKey":"BZHOA1lOJScpG8GLAolQpWtaeoZUn2VxK8YWZbJWmt8I","privKey":"ODxIMcgCtdg6vmhZdVM8Cd66xXVw/BsIGNYTyV+x0EE="},"lastRemoteEphemeralKey":"Bf4IZiRaiBzoupu7zxC1GbcozDn2C0yXOvmUjMR9lSYx","previousCounter":0,"rootKey":"LdjtB8Axf6BIJDMsFj8hsyMyfQJ652Vh8MNVxx3/sEw="},"indexInfo":{"baseKey":"BYftq89jC84T+udPv8uctcPFrgMTfR+x8ulLxB/lDBE1","baseKeyType":1,"closed":-1,"used":1730561159555,"created":1730561159555,"remoteIdentityKey":"BfCm9XJqzH1UFul05c6lVb3OVjmf97T7WCKynG+ywmEp"},"_chains":{"BZHOA1lOJScpG8GLAolQpWtaeoZUn2VxK8YWZbJWmt8I":{"chainKey":{"counter":2,"key":"SVtZqM4R16jEiQ5FtT5164hxLPq3ozLJBUd6JHX42oQ="},"chainType":1,"messageKeys":{}}},"pendingPreKey":{"signedKeyId":0,"baseKey":"BYftq89jC84T+udPv8uctcPFrgMTfR+x8ulLxB/lDBE1","preKeyId":16403671}}},"version":"v1"}