{"_sessions":{"BWu7uFmC1h2uirBnXV+xech/XsAd4txsQ6xAsPnbzw13":{"registrationId":1952448760,"currentRatchet":{"ephemeralKeyPair":{"pubKey":"BRNmHkdK0d81aBV1TC5vShmEltGXO/quxavIPMnlnFkO","privKey":"sMBZ+FJJYqikKlG7XdCZhLsitA2UAgUAhcJxbq57Z3k="},"lastRemoteEphemeralKey":"BQTJCXRxHP2DQVBustXijTfa/CVeIraEsYLvH+BjRFxr","previousCounter":0,"rootKey":"TOnkzREEaT87deD9To3k10PrqgcUkiAgX3LA6x78zGU="},"indexInfo":{"baseKey":"BWu7uFmC1h2uirBnXV+xech/XsAd4txsQ6xAsPnbzw13","baseKeyType":1,"closed":-1,"used":1730561168746,"created":1730561168746,"remoteIdentityKey":"BQaLXvhxc0HaGBbXpmw51x4S9Xue6NF0ULZX80jTzilJ"},"_chains":{"BRNmHkdK0d81aBV1TC5vShmEltGXO/quxavIPMnlnFkO":{"chainKey":{"counter":2,"key":"uThznTzNpW4LBOPkcIioCmaKU+sqNaX7udk7KPifX10="},"chainType":1,"messageKeys":{}}},"pendingPreKey":{"signedKeyId":10,"baseKey":"BWu7uFmC1h2uirBnXV+xech/XsAd4txsQ6xAsPnbzw13","preKeyId":5606049}}},"version":"v1"}