{"_sessions":{"BWT6m7BTZGNAAfxsxOAph0tNrEa2x7k+ekM0yphuibwN":{"registrationId":131,"currentRatchet":{"ephemeralKeyPair":{"pubKey":"BYiGvknxcwDHc5j3iGlDe9xVWWT+iZIZ8xwHIH9+2+IQ","privKey":"aIwIiPdFsgZSVivjlCaEx7fDZjytCyPdV6XiF1vDxmU="},"lastRemoteEphemeralKey":"BfwBT78Aed6ksslscVtXzDA7UJ8ZrX5FeB98OYGW+Ic2","previousCounter":0,"rootKey":"gKAaHLZVUQHqAbbYCfJnKbSoQ359pwhNrHFaoFJN6dY="},"indexInfo":{"baseKey":"BWT6m7BTZGNAAfxsxOAph0tNrEa2x7k+ekM0yphuibwN","baseKeyType":1,"closed":-1,"used":1730622260862,"created":1730622260862,"remoteIdentityKey":"BQawU1fmTSQP1pAZ75xrMaXWRHwb0b6FcFuJJQCzYktG"},"_chains":{"BYiGvknxcwDHc5j3iGlDe9xVWWT+iZIZ8xwHIH9+2+IQ":{"chainKey":{"counter":1,"key":"A9ym6OXvKXYyd8HE83o4MG2wVcKnMICisNogKqlE4yw="},"chainType":1,"messageKeys":{}}},"pendingPreKey":{"signedKeyId":1,"baseKey":"BWT6m7BTZGNAAfxsxOAph0tNrEa2x7k+ekM0yphuibwN","preKeyId":122}}},"version":"v1"}