{"_sessions":{"BcsyJz/hnIv5nGwv6aCe3Iu8znR/oJAHEnFznLcuiGQd":{"registrationId":743686471,"currentRatchet":{"ephemeralKeyPair":{"pubKey":"Bd/lWE35cjy9XdxH+kikAO7qXxUjyRNWM5y0eRmXq7wb","privKey":"IIr0sCSjRthE4Co6Kz4RwWurpF/0RaH8EiCL/4e7Rno="},"lastRemoteEphemeralKey":"BcEsnzfU0TvIKG5MOABwHBXdOp1qFuWdiyIkhm4dOOBI","previousCounter":1,"rootKey":"V9xidhH8/jj215ya8y9jMfCWqKmNZbh7nqh9W8y6rTQ="},"indexInfo":{"baseKey":"BcsyJz/hnIv5nGwv6aCe3Iu8znR/oJAHEnFznLcuiGQd","baseKeyType":1,"closed":-1,"used":1730626830083,"created":1730561168737,"remoteIdentityKey":"BahvCpSyQxw0+pSqy2jCXNe2U8y18wC106xMO34j3T58"},"_chains":{"BaSFM5cwylk2qut1iBFCJFCFJf1Vk3uH9j6wMZnz3ZE6":{"chainKey":{"counter":1},"chainType":2,"messageKeys":{}},"BcEsnzfU0TvIKG5MOABwHBXdOp1qFuWdiyIkhm4dOOBI":{"chainKey":{"counter":2,"key":"v8Tbw4rM3xn6vEb7OV+oww61OJJ0ogui3vVFJ8PomnI="},"chainType":2,"messageKeys":{}},"Bd/lWE35cjy9XdxH+kikAO7qXxUjyRNWM5y0eRmXq7wb":{"chainKey":{"counter":-1,"key":"KaOLlZPTIRmexbFhVBRY4wftXiSU95DZnmqtCfutgwc="},"chainType":1,"messageKeys":{}}}}},"version":"v1"}