{"_sessions":{"BRfkB2xdAsQCCm6epFd1ltGznWerWv+gW3OUJFfQENIm":{"registrationId":683049452,"currentRatchet":{"ephemeralKeyPair":{"pubKey":"BZNlXQ5iTvc9yLIijZMLZqddM+5SrfU+eryGunwXUf1L","privKey":"4OCh28Yk8tk09FVl58EtPZ4s2UboQgIKmLe9SG/gHlY="},"lastRemoteEphemeralKey":"BXckWbzV4ZPoxFYDgGz78E7oBZYiNs8kl2eZFVqhOGJN","previousCounter":0,"rootKey":"bYRRQiCbGK4V/FBWmqJbFlZ3luId5fQzbrRAbSAYfjo="},"indexInfo":{"baseKey":"BRfkB2xdAsQCCm6epFd1ltGznWerWv+gW3OUJFfQENIm","baseKeyType":1,"closed":-1,"used":1730561168788,"created":1730561168788,"remoteIdentityKey":"Bc6cNxRy3wXODE5OH8tHdlpfLs9S03b41OvOf7EY0nFU"},"_chains":{"BZNlXQ5iTvc9yLIijZMLZqddM+5SrfU+eryGunwXUf1L":{"chainKey":{"counter":2,"key":"zfp5cHpC1mScNNrCq9mXtO6uQVQlMms+2szaKI85EaY="},"chainType":1,"messageKeys":{}}},"pendingPreKey":{"signedKeyId":6008530,"baseKey":"BRfkB2xdAsQCCm6epFd1ltGznWerWv+gW3OUJFfQENIm","preKeyId":13196}}},"version":"v1"}