{"_sessions":{"BbTpqnytXgAGayPsdw9pBmK7p4kJ7zoPDqceaKZyn9Zt":{"registrationId":2079979314,"currentRatchet":{"ephemeralKeyPair":{"pubKey":"BQCHu8cWDa3oq8iYHSTXBOrkg8hjCNe3j8/9JMXRO94u","privKey":"yK9192kz6mMGsZdgk5TW4CvInGkQA3/i8usGQQHvVFY="},"lastRemoteEphemeralKey":"BdFTImWtZd/m/BR8PDhtSNoak3V9QpPa6FyjI+j/Kq9X","previousCounter":0,"rootKey":"tTJecuLXBVtyCyaKuFP6Q5rJSvLBZphYyHgmC4MBiQM="},"indexInfo":{"baseKey":"BbTpqnytXgAGayPsdw9pBmK7p4kJ7zoPDqceaKZyn9Zt","baseKeyType":1,"closed":-1,"used":1730561168839,"created":1730561168839,"remoteIdentityKey":"BU7Nt6O2gzTkOAVVlTIuRdRVhBnHMVcovf97e5p4PnoJ"},"_chains":{"BQCHu8cWDa3oq8iYHSTXBOrkg8hjCNe3j8/9JMXRO94u":{"chainKey":{"counter":2,"key":"JrDXbGYn6y9c91o2LRkL5Lmi8BAumQK9wA4xMhhoYpU="},"chainType":1,"messageKeys":{}}},"pendingPreKey":{"signedKeyId":17,"baseKey":"BbTpqnytXgAGayPsdw9pBmK7p4kJ7zoPDqceaKZyn9Zt","preKeyId":15150738}}},"version":"v1"}