{"_sessions":{"BbgV6IxW1DFmcu6zXkO46Vv8doWsRmdEZJNCrV1AVO4c":{"registrationId":1703574870,"currentRatchet":{"ephemeralKeyPair":{"pubKey":"BZhm+v7D1mCExhbQYLng9eKF5NjrXbHoGnki6IRMPTYd","privKey":"KG/sXUcTMTmgJKz4lCKXCx8KSR25a8j5rsIndhQ8G1I="},"lastRemoteEphemeralKey":"BZQoieuI9mju1LwBMpcZ3Dxe/MevCovvi8DqSHSAQX4z","previousCounter":0,"rootKey":"QVblvdY6MQSvWWnneEbdsk3bRzSCmXutf2NMpFbxzrQ="},"indexInfo":{"baseKey":"BbgV6IxW1DFmcu6zXkO46Vv8doWsRmdEZJNCrV1AVO4c","baseKeyType":1,"closed":-1,"used":1730561159680,"created":1730561159680,"remoteIdentityKey":"Be8HivDDiPiRTKH0vVRxwaBEa4mBF9lUWscg+uqbfuEV"},"_chains":{"BZhm+v7D1mCExhbQYLng9eKF5NjrXbHoGnki6IRMPTYd":{"chainKey":{"counter":2,"key":"NiQrgCNCFjlGTQlwfJ0SFD80uiqCHaNqrbGMs3tXUNw="},"chainType":1,"messageKeys":{}}},"pendingPreKey":{"signedKeyId":3,"baseKey":"BbgV6IxW1DFmcu6zXkO46Vv8doWsRmdEZJNCrV1AVO4c","preKeyId":14168391}}},"version":"v1"}