{"_sessions":{"BbPYMkydedTY9woRx8TIP165oRADAKvdWDeojk1xd/UU":{"registrationId":6044,"currentRatchet":{"ephemeralKeyPair":{"pubKey":"BfExFGYYweV51izRdcwTYtHk8LWQaIpFapQ5Akoiwd9T","privKey":"oG9+lu4nZrX4N3J6BEtOtUdy9PD3oEaT/xSrtjQ8XVA="},"lastRemoteEphemeralKey":"Be1inyXIGLvww87b3/v9PAGkkwRzcIYfUcKkSXZ1104Q","previousCounter":0,"rootKey":"94+d0vkdr8TYIAC6uQFAwaCYpj40GCzqY0yXy6rECVk="},"indexInfo":{"baseKey":"BbPYMkydedTY9woRx8TIP165oRADAKvdWDeojk1xd/UU","baseKeyType":1,"closed":-1,"used":1730561168623,"created":1730561168623,"remoteIdentityKey":"Bc7BtPplkcOWSizwZmV9ka3vASKBNAZrqkV4+FBEhWIj"},"_chains":{"BfExFGYYweV51izRdcwTYtHk8LWQaIpFapQ5Akoiwd9T":{"chainKey":{"counter":2,"key":"ICxdwHfT4jIch71TKiRafLI0HlMnKNAK7CjDJHA92mU="},"chainType":1,"messageKeys":{}}},"pendingPreKey":{"signedKeyId":1,"baseKey":"BbPYMkydedTY9woRx8TIP165oRADAKvdWDeojk1xd/UU"}}},"version":"v1"}