{"_sessions":{"BbvpeW1mQFPCTpFYUq57QW5TpO8fTv9CG2ESQrXtGck7":{"registrationId":1111564353,"currentRatchet":{"ephemeralKeyPair":{"pubKey":"BVfojuAdze808yUp311NxVd91rXTFbO1NLn0zQEn6vhC","privKey":"UP6o3lwFyqoke5BwsVni7xxo3XEqxgM6ijPe/9dffm8="},"lastRemoteEphemeralKey":"Ba9caV4PmYuiyQJQqocDN/7hkPyxavJB6bVVGf6dwVcn","previousCounter":0,"rootKey":"JtSWbcYlic/xcmDgSuLln78Bf4eH2tARxtlZ4pmGIJE="},"indexInfo":{"baseKey":"BbvpeW1mQFPCTpFYUq57QW5TpO8fTv9CG2ESQrXtGck7","baseKeyType":1,"closed":-1,"used":1730561168709,"created":1730561168709,"remoteIdentityKey":"BXdhlh0hm0g3H9ZHXUpE+O1CwqAiothyWKJfnLuQzy8E"},"_chains":{"BVfojuAdze808yUp311NxVd91rXTFbO1NLn0zQEn6vhC":{"chainKey":{"counter":2,"key":"pBQwKMPbSdC/Lxye5/iUMe/Ij5uhQ0QQ649sYeYSp/k="},"chainType":1,"messageKeys":{}}},"pendingPreKey":{"signedKeyId":0,"baseKey":"BbvpeW1mQFPCTpFYUq57QW5TpO8fTv9CG2ESQrXtGck7","preKeyId":15985013}}},"version":"v1"}