{"_sessions":{"BcGvN+C0lCsA4QUOI/mihF4ojc37FLCEN0k7WMtCVrRM":{"registrationId":484499101,"currentRatchet":{"ephemeralKeyPair":{"pubKey":"BaaVPvtrSC+KKFVeDgFqbD4sv/KszgHiF7pnId3NOuVP","privKey":"wK7icd40lCo+oKH32ThkEmGmQhvoecbgNv4UoehYHns="},"lastRemoteEphemeralKey":"BaRyluitGuUd7u1nUyEJNIih32xva3ZiRQkhw8tzpUl2","previousCounter":0,"rootKey":"5vQISza8i0bYjDGQKansP8QSq6rvd/i4V01FJ9wX9Jo="},"indexInfo":{"baseKey":"BcGvN+C0lCsA4QUOI/mihF4ojc37FLCEN0k7WMtCVrRM","baseKeyType":1,"closed":-1,"used":1730561159532,"created":1730561159532,"remoteIdentityKey":"BUuSgH57iyorEbtdSye2mVFf3wJf8o+6zP0kflIB7gwN"},"_chains":{"BaaVPvtrSC+KKFVeDgFqbD4sv/KszgHiF7pnId3NOuVP":{"chainKey":{"counter":2,"key":"tbEA7TMvmAYVtnOBVgo6TYx9MpZv+aliFYNcHSZUvOc="},"chainType":1,"messageKeys":{}}},"pendingPreKey":{"signedKeyId":4,"baseKey":"BcGvN+C0lCsA4QUOI/mihF4ojc37FLCEN0k7WMtCVrRM","preKeyId":14922181}}},"version":"v1"}