{"_sessions":{"BToIWNWNaZuE5N2ZAt3JRiKN9sSPsLNpuzjdDec9vIYh":{"registrationId":107,"currentRatchet":{"ephemeralKeyPair":{"pubKey":"BW9o9jHWRHILWHNVg8NjGJudTOAYKuqRoe2j1lDm4gJV","privKey":"2F7z7j+lvQmqykPzv4hf2kj74tC9CHXcCmmo78iNenc="},"lastRemoteEphemeralKey":"BZz92ifosfSK4p7Ldt5+LHR+HPH2cHScUW/iXSlqwCQZ","previousCounter":0,"rootKey":"sQ3RhXmYMSlUkqsM6e8MoJ4910M2f/tv4RXgTq7mfk8="},"indexInfo":{"baseKey":"BToIWNWNaZuE5N2ZAt3JRiKN9sSPsLNpuzjdDec9vIYh","baseKeyType":1,"closed":-1,"used":1730633384742,"created":1730630364069,"remoteIdentityKey":"BfdAsB9gY7qzRXq3joDYw0TKPTizLci0lKJTcw41PUVv"},"_chains":{"BZz92ifosfSK4p7Ldt5+LHR+HPH2cHScUW/iXSlqwCQZ":{"chainKey":{"counter":0,"key":"4LOGfjsoanayhPZ0fDP7WcniTic/976tWCNvsE1TgLw="},"chainType":2,"messageKeys":{}},"BW9o9jHWRHILWHNVg8NjGJudTOAYKuqRoe2j1lDm4gJV":{"chainKey":{"counter":-1,"key":"sRZPtm5Q/uadBeo4LywC+l+TGmdrU2BT+y+9CBL24u4="},"chainType":1,"messageKeys":{}}}}},"version":"v1"}