{"_sessions":{"BSIiofQ5oa+dVZksY6hROvrsOQkP0sdcTD2vqaDZHoNG":{"registrationId":14376,"currentRatchet":{"ephemeralKeyPair":{"pubKey":"BX7tufk5BSdZvp6fSsV5E4BEZZrorUrI04uwuI0x/jkd","privKey":"AEwQzj8xk2r9/wclsC1nut0mNYvuqtJgs0Xew/6A1U4="},"lastRemoteEphemeralKey":"BS0zhUrClUYGSh6oRlevohR4womM9bvIqOjgQN9555lY","previousCounter":0,"rootKey":"dC19L3XsP5Xs1ECSWk5+SgpcQ4nKCzT8l/c88ie5XSQ="},"indexInfo":{"baseKey":"BSIiofQ5oa+dVZksY6hROvrsOQkP0sdcTD2vqaDZHoNG","baseKeyType":1,"closed":-1,"used":1730561168581,"created":1730561168581,"remoteIdentityKey":"Bca9FAnlsJulTUBYgdAn6V7ple32Y6uGHHyOSkorYGc5"},"_chains":{"BX7tufk5BSdZvp6fSsV5E4BEZZrorUrI04uwuI0x/jkd":{"chainKey":{"counter":2,"key":"XgPobSW9MgVdq9MkUiklxP4PPH8zpuv0Jhfpl7mxoZk="},"chainType":1,"messageKeys":{}}},"pendingPreKey":{"signedKeyId":1,"baseKey":"BSIiofQ5oa+dVZksY6hROvrsOQkP0sdcTD2vqaDZHoNG","preKeyId":962}}},"version":"v1"}