{"_sessions":{"BcmCXWUU/xrb5jLXYXKn0Rd4oGKAHgKcrNvnNiCM430X":{"registrationId":185,"currentRatchet":{"ephemeralKeyPair":{"pubKey":"BQ7ss545d+M7Hs5PeMOfLlEkCHLX9UcBEql/AuMFN0cU","privKey":"+Pz3g+rfrsNy/VgkmYmLGjlHPklc68Is/c7a4j5gXUI="},"lastRemoteEphemeralKey":"BWN0q6QWH6mgg3NN39SK7xyMBgvhI9f9V76NGa73DQFE","previousCounter":0,"rootKey":"zuX5KSf/JmFkfxb12a9pTF0dscOq+bBLtIqdlykYOyw="},"indexInfo":{"baseKey":"BcmCXWUU/xrb5jLXYXKn0Rd4oGKAHgKcrNvnNiCM430X","baseKeyType":1,"closed":-1,"used":1730638017784,"created":1730638017784,"remoteIdentityKey":"BfWe2L988TARybMREhV/hqDt8L70PEk2/KU+2FPDTipS"},"_chains":{"BQ7ss545d+M7Hs5PeMOfLlEkCHLX9UcBEql/AuMFN0cU":{"chainKey":{"counter":0,"key":"XmF8ORg+b1bAD8G7bJNanxITQjJUsuefC4RhVQw+FCU="},"chainType":1,"messageKeys":{}}},"pendingPreKey":{"signedKeyId":1,"baseKey":"BcmCXWUU/xrb5jLXYXKn0Rd4oGKAHgKcrNvnNiCM430X","preKeyId":25}}},"version":"v1"}