{"_sessions":{"BStO45SGxhb7cuwcbS2QHnxFhpGdEE/m5JV0H3hvy8dH":{"registrationId":23,"currentRatchet":{"ephemeralKeyPair":{"pubKey":"BauAz42XiUB/WVgOa651dHh1n7ErUkgNHE+O92hv0UZV","privKey":"kKaX7D0B+4Z477GOOcq8/otMtfbv4VwkIIhHcRJQAWc="},"lastRemoteEphemeralKey":"BflNHcQKoUkKBM+kVGxO+wOJ38v85Hp8XTtXPT/GFckA","previousCounter":0,"rootKey":"h9n3QKbZA2oIj4vCpz2LSgyKHcq9k0OeB0KL74WLztU="},"indexInfo":{"baseKey":"BStO45SGxhb7cuwcbS2QHnxFhpGdEE/m5JV0H3hvy8dH","baseKeyType":1,"closed":-1,"used":1730592069701,"created":1730592069701,"remoteIdentityKey":"Bcqs39RSqQBIdzlFhvWsoefUlmsdJtfT8eYG4feqT9w6"},"_chains":{"BauAz42XiUB/WVgOa651dHh1n7ErUkgNHE+O92hv0UZV":{"chainKey":{"counter":2,"key":"jkCm0PYOUv0gaS9HcIq0gi5BlV3WY40s44uAEAILYY8="},"chainType":1,"messageKeys":{}}},"pendingPreKey":{"signedKeyId":1,"baseKey":"BStO45SGxhb7cuwcbS2QHnxFhpGdEE/m5JV0H3hvy8dH","preKeyId":29}}},"version":"v1"}