{"_sessions":{"BerdOdkZaVuXJJ9oSl4sfaoDtChHQ//GCcQ/pAu/9st6":{"registrationId":1402623851,"currentRatchet":{"ephemeralKeyPair":{"pubKey":"Be7aYCRukte2SXNs9qJdoypazfSuzWuHvrnrkVpxTtYS","privKey":"6O0X6R0XHPwdTk3s9v99wGvgYcfQXS5+SiItlTMAxGo="},"lastRemoteEphemeralKey":"Bb7pr2UhuRszF5bT03y+XcS2GgZZB8nNEjkQvFURjvdh","previousCounter":0,"rootKey":"H2TO18Kas+1Ut7RNAJIAihQibFZdQCFCmPlSDTJ5HZE="},"indexInfo":{"baseKey":"BerdOdkZaVuXJJ9oSl4sfaoDtChHQ//GCcQ/pAu/9st6","baseKeyType":1,"closed":-1,"used":1730561159476,"created":1730561159476,"remoteIdentityKey":"BdmQvR2nC1vHYbRGlTDC/JPDsjhoY7fxEvhDDEqYl9Ii"},"_chains":{"Be7aYCRukte2SXNs9qJdoypazfSuzWuHvrnrkVpxTtYS":{"chainKey":{"counter":2,"key":"jDBm8y3Mfb5pTErGM7j7KBK3IGm7crhHMWMMdpoRR8s="},"chainType":1,"messageKeys":{}}},"pendingPreKey":{"signedKeyId":11,"baseKey":"BerdOdkZaVuXJJ9oSl4sfaoDtChHQ//GCcQ/pAu/9st6","preKeyId":14015684}}},"version":"v1"}