{"_sessions":{"Baw4snWpdwp5oxNmder/TwtbBDUdR9SOyKbBrlhE7a5f":{"registrationId":1701437379,"currentRatchet":{"ephemeralKeyPair":{"pubKey":"BaLrWHSYCFvwbXC2Q2qmXixQRvNnGSJ/3fz2deD3VHJI","privKey":"CLy+HXJbOOojt4nDWmy6GcZgfJJMDQ+ZzDCwoMd7Jlw="},"lastRemoteEphemeralKey":"BcsJrNZtAdS+2NPwmS4qmNAzTVz4cfJeJDL4+/wDCjhq","previousCounter":0,"rootKey":"4klpCebuzzzxGcXZvJMWoKlr8YMk1uVfQDeLk2uoRgo="},"indexInfo":{"baseKey":"Baw4snWpdwp5oxNmder/TwtbBDUdR9SOyKbBrlhE7a5f","baseKeyType":1,"closed":-1,"used":1730561159518,"created":1730561159518,"remoteIdentityKey":"BcgTLtH0qSe4ahedW73t9ADg/paQ+qZS3NNPRC0Hyole"},"_chains":{"BaLrWHSYCFvwbXC2Q2qmXixQRvNnGSJ/3fz2deD3VHJI":{"chainKey":{"counter":2,"key":"gl7y2mhaJv0HYQewbJwIbvt2g9JZHd8sw848fFqH8+I="},"chainType":1,"messageKeys":{}}},"pendingPreKey":{"signedKeyId":18,"baseKey":"Baw4snWpdwp5oxNmder/TwtbBDUdR9SOyKbBrlhE7a5f","preKeyId":15060093}}},"version":"v1"}