{"_sessions":{"BRq5U7wSMCvYqu/iV/f3BLLBGwkoq472YhXfdLYRlGQj":{"registrationId":749823280,"currentRatchet":{"ephemeralKeyPair":{"pubKey":"Bbr4phZUs1F4JFmFYtkrApil4P7v66PZ64GEOF5TInUl","privKey":"QNH6xwNx9dC1iJI0LyAH0u1vEB80KlFCg8kgEuxdbE4="},"lastRemoteEphemeralKey":"BX0hLSycRo/a6oj/pfiq9YbC8uW25PNbWHi4hFohkWoA","previousCounter":0,"rootKey":"KBrrq5iL3mX31TxvDrqdlkrs2HleRDSv5f8qacdFcZ8="},"indexInfo":{"baseKey":"BRq5U7wSMCvYqu/iV/f3BLLBGwkoq472YhXfdLYRlGQj","baseKeyType":1,"closed":-1,"used":1730561168627,"created":1730561168627,"remoteIdentityKey":"BdNYoiZXlzK+WcMkhJ2M9/k9rXOGZzwrALCkqLFb0zQD"},"_chains":{"Bbr4phZUs1F4JFmFYtkrApil4P7v66PZ64GEOF5TInUl":{"chainKey":{"counter":2,"key":"8g1KcycBNHj1hUeszunLVbw3TmsYLM7mWjXHjBphzIo="},"chainType":1,"messageKeys":{}}},"pendingPreKey":{"signedKeyId":3257549,"baseKey":"BRq5U7wSMCvYqu/iV/f3BLLBGwkoq472YhXfdLYRlGQj","preKeyId":678}}},"version":"v1"}