{"_sessions":{"BWPFsPKBGVgAd5xsnJyfc5yLlhAVz2serPZlQ+QcKbQj":{"registrationId":15181,"currentRatchet":{"ephemeralKeyPair":{"pubKey":"BXZ87jRi0+dgkNQ9QGHxpSPVjfdbazCXANkcN1EvoA4B","privKey":"aE2JJGlop7f4BBvh5ieBIYKBPDOnP473h1+TfsWQ23I="},"lastRemoteEphemeralKey":"Be9zcMEf9Wl3kf3nrBZsGTKI9OlAMjEGssLSoxTW0p8u","previousCounter":0,"rootKey":"zQoaG4Mz+K5lh4lS4loy0IiCYpAriFj69plAFFbefJ0="},"indexInfo":{"baseKey":"BWPFsPKBGVgAd5xsnJyfc5yLlhAVz2serPZlQ+QcKbQj","baseKeyType":1,"closed":-1,"used":1730561168594,"created":1730561168594,"remoteIdentityKey":"BQnYX8ETn24JWe7mBdTEiOKJjytZyKS6+hbcDOJSnkEe"},"_chains":{"BXZ87jRi0+dgkNQ9QGHxpSPVjfdbazCXANkcN1EvoA4B":{"chainKey":{"counter":2,"key":"bF4ksUT/Yz5c7B3KqkEesttjf5egesMGTv25p5iehMI="},"chainType":1,"messageKeys":{}}},"pendingPreKey":{"signedKeyId":1,"baseKey":"BWPFsPKBGVgAd5xsnJyfc5yLlhAVz2serPZlQ+QcKbQj"}}},"version":"v1"}