{"_sessions":{"BUZbEnYBLN0fh068p8GZV4/io2Hu8Waw5aHnWcbCZdcW":{"registrationId":1903826571,"currentRatchet":{"ephemeralKeyPair":{"pubKey":"BbZ77g6bxx/D8FS/tSPxzzBE9r6y3QRxFuaBTCO5ypkv","privKey":"EPs70pB3EaBa5w0Gb22+8VPdr3OYhKDM+SSDuZ2igHQ="},"lastRemoteEphemeralKey":"BYbY1wCWC3qu0bA0ZylajytRwCnBmW0dV+t0FwyMvvdS","previousCounter":0,"rootKey":"oFb5L1AVcuXgmaLw6KW5o6lP4MpOGA2OPuii5agfjMU="},"indexInfo":{"baseKey":"BUZbEnYBLN0fh068p8GZV4/io2Hu8Waw5aHnWcbCZdcW","baseKeyType":1,"closed":-1,"used":1730609932609,"created":1730561159603,"remoteIdentityKey":"Bdu4FMe2RjyKc68uNskOFLBMh/LOie0ZMC5cfHYSMU02"},"_chains":{"BYbY1wCWC3qu0bA0ZylajytRwCnBmW0dV+t0FwyMvvdS":{"chainKey":{"counter":0,"key":"hXBmsrxzc1ZTiZ6Vluw1+kBo1NBLHRb/Ls2Xzvi810Q="},"chainType":2,"messageKeys":{}},"BbZ77g6bxx/D8FS/tSPxzzBE9r6y3QRxFuaBTCO5ypkv":{"chainKey":{"counter":1,"key":"c1OZHpAyVdCqVTvasF3HOXBvgxaWdtImHGNEqf/YGNU="},"chainType":1,"messageKeys":{}}}}},"version":"v1"}