{"_sessions":{"BQ+EyMoeBaO3DaI/mZU+WfvOpLiGdOFe7vOxSs5Kdfd8":{"registrationId":1085514132,"currentRatchet":{"ephemeralKeyPair":{"pubKey":"BR9rF10Ag24mCaNzUCQoeDMSI5UnmfGaOC+pvafSDbYr","privKey":"WPGv6VbVUWwDSPPN0zjFB3kasrMYJiwGfcax2M/Do1k="},"lastRemoteEphemeralKey":"Bbel7MtED2V9jOF7SWUJMy0nA7bbGCu4wpf1vj8aJQAr","previousCounter":3,"rootKey":"trje+6wcaalVtszdmWeVxaSlZ15WnKFe68xGc/hZHuE="},"indexInfo":{"baseKey":"BQ+EyMoeBaO3DaI/mZU+WfvOpLiGdOFe7vOxSs5Kdfd8","baseKeyType":2,"closed":-1,"used":1730626832957,"created":1730561147271,"remoteIdentityKey":"BTouKBUXqlXdNPc2zARUen1Zf7hlvuG8UFrcBzG6KsoI"},"_chains":{"BdRpemfqZseTz5yRElaEdwWaoBkdSia2fMn0R39D3udk":{"chainKey":{"counter":0},"chainType":2,"messageKeys":{}},"BS1FJFjvb10IrhHgp9kCBLugrtTrWyGWTTcms7QEJzV2":{"chainKey":{"counter":2},"chainType":2,"messageKeys":{}},"BYB1JUkJNCYqRP6zRE3910oAG1MY/mAJEWSjGvsQCtkH":{"chainKey":{"counter":0},"chainType":2,"messageKeys":{}},"BWcY07t3lJ2LQbxgDvXQmO0ZBF0YUhujX+cYG+1054oT":{"chainKey":{"counter":3},"chainType":2,"messageKeys":{}},"Bbel7MtED2V9jOF7SWUJMy0nA7bbGCu4wpf1vj8aJQAr":{"chainKey":{"counter":0,"key":"Xvtvq0E2EtRAbFIkXUpqZ1siBC4nP9jfozKo6ctuvwk="},"chainType":2,"messageKeys":{}},"BR9rF10Ag24mCaNzUCQoeDMSI5UnmfGaOC+pvafSDbYr":{"chainKey":{"counter":-1,"key":"LleRzRkWdLDDhDA7v24VnREknGVMwVZ2cRm0nqVdL5U="},"chainType":1,"messageKeys":{}}}}},"version":"v1"}