{"_sessions":{"BaJLDg6cUaHw8manLB0a315ZeYYZ0y9a/jFUVgTEO0wc":{"registrationId":547586859,"currentRatchet":{"ephemeralKeyPair":{"pubKey":"BfVyITuMLq0O6dG/fLFpApyQPvru4pS4tSTJjHHlr2Re","privKey":"WP6MpwAJWbET4SpZtx2rp9sfrlNx/3P3WvONepHf100="},"lastRemoteEphemeralKey":"BfTN+cfBAMLP1IilR2QQ4wJh9TDmmnsYdze5p5ny8KhV","previousCounter":0,"rootKey":"glNe07s8453Qp177R7ekz2x9ChgTv/IDLRrgprrfdYY="},"indexInfo":{"baseKey":"BaJLDg6cUaHw8manLB0a315ZeYYZ0y9a/jFUVgTEO0wc","baseKeyType":1,"closed":-1,"used":1730561159428,"created":1730561159428,"remoteIdentityKey":"Bb8WETnVCrPX3vI6Gv/TBXhK9imElFejKVz2b8+tvbo9"},"_chains":{"BfVyITuMLq0O6dG/fLFpApyQPvru4pS4tSTJjHHlr2Re":{"chainKey":{"counter":2,"key":"0GlbgOUPdLDz7RquCyo5P9wJPn3SDyIgK5CNj34lbis="},"chainType":1,"messageKeys":{}}},"pendingPreKey":{"signedKeyId":1,"baseKey":"BaJLDg6cUaHw8manLB0a315ZeYYZ0y9a/jFUVgTEO0wc","preKeyId":282}}},"version":"v1"}