{"_sessions":{"BRAGTFHA3ua8gi59JofGNMQiDzrlxWiNhU5AG9Z+rI1Q":{"registrationId":1596130627,"currentRatchet":{"ephemeralKeyPair":{"pubKey":"BRBanblgglchV4t3wyD4efqaC1/DIfMApC5eowNNVj8r","privKey":"oBcxBp6LATh9AF1sj5kHqy9xOWLhUKRIb7m3TxyyBEk="},"lastRemoteEphemeralKey":"BZ517AkVQTnaO5G6eDKbd0h2EjBi8OYqckneKkv4LM9M","previousCounter":0,"rootKey":"l9fz0Hc9ItMZVJ37hZHM+OJKY40tGHlkEmZCn8jOnF8="},"indexInfo":{"baseKey":"BRAGTFHA3ua8gi59JofGNMQiDzrlxWiNhU5AG9Z+rI1Q","baseKeyType":1,"closed":-1,"used":1730561159671,"created":1730561159671,"remoteIdentityKey":"Be80bUYk1vrjvEjfQuBYDdVL94KueJZGbboy6JEbMDUv"},"_chains":{"BRBanblgglchV4t3wyD4efqaC1/DIfMApC5eowNNVj8r":{"chainKey":{"counter":2,"key":"q/pr//iJ25z+jJZRdwRohqG2xitPv6OVbo/DanjN2tE="},"chainType":1,"messageKeys":{}}},"pendingPreKey":{"signedKeyId":0,"baseKey":"BRAGTFHA3ua8gi59JofGNMQiDzrlxWiNhU5AG9Z+rI1Q","preKeyId":8264617}}},"version":"v1"}