{"_sessions":{"BUNKid7V87JetDpcgq1B1Z7GYCXbaLVn4jfDdSy0ZI8l":{"registrationId":20285713,"currentRatchet":{"ephemeralKeyPair":{"pubKey":"BZqO+/z4UEr5Do8sFvtjQlgnEzST/IaSeaEU2aho38tM","privKey":"yCYu/zLlhk8LMv5UejxtO7s8beGcwC/ovqHcj3kguV4="},"lastRemoteEphemeralKey":"BT1pLpvJXfKINc0vyO+pAzBcQZTACr/nxTa1A147YiYA","previousCounter":0,"rootKey":"tzI6tsrKgdY7+1AQnEAP3XkwVjKL6sGG5X7qSgWRhC8="},"indexInfo":{"baseKey":"BUNKid7V87JetDpcgq1B1Z7GYCXbaLVn4jfDdSy0ZI8l","baseKeyType":1,"closed":-1,"used":1730561168802,"created":1730561168802,"remoteIdentityKey":"Ber7JTG2Y+zBp5Mi8e45AenXKFkiOSxr/oyCsmHOMWl9"},"_chains":{"BZqO+/z4UEr5Do8sFvtjQlgnEzST/IaSeaEU2aho38tM":{"chainKey":{"counter":2,"key":"jutlpbKIBHYx1j5/70gMJpFzHNGR1aFwc5FuxtK8i4w="},"chainType":1,"messageKeys":{}}},"pendingPreKey":{"signedKeyId":12,"baseKey":"BUNKid7V87JetDpcgq1B1Z7GYCXbaLVn4jfDdSy0ZI8l","preKeyId":3482436}}},"version":"v1"}