{"_sessions":{"BTmlMxjJqHIVl4SK8jXr3NjWmOEhbuI0oOKQslG/YesU":{"registrationId":10782880,"currentRatchet":{"ephemeralKeyPair":{"pubKey":"BZnMJJro1dXCvRkgzxwEO2JztXs3IwcaImD3i0BLzY9V","privKey":"sGOYT3LIys9pParb66wrmsePEBPXLetik6UiewCpP0Y="},"lastRemoteEphemeralKey":"Be6kbBuyUs+LMKZ/hNZd+ullyALf/yFG6oYOxYJBljYd","previousCounter":0,"rootKey":"gcW0ABjz9M7xhBBq4kWw9S4bVNGBSMWqRVkbgrzTquM="},"indexInfo":{"baseKey":"BTmlMxjJqHIVl4SK8jXr3NjWmOEhbuI0oOKQslG/YesU","baseKeyType":1,"closed":-1,"used":1730561168844,"created":1730561168844,"remoteIdentityKey":"BW/BOH/rrKBUC0+3pTgsDTpthUUeqBeJBOx+zx0gkQB1"},"_chains":{"BZnMJJro1dXCvRkgzxwEO2JztXs3IwcaImD3i0BLzY9V":{"chainKey":{"counter":2,"key":"mAf6R0LDS4C+JsXUcJgbGo3raGZnxtmqHk2bBjlmkOs="},"chainType":1,"messageKeys":{}}},"pendingPreKey":{"signedKeyId":14970117,"baseKey":"BTmlMxjJqHIVl4SK8jXr3NjWmOEhbuI0oOKQslG/YesU","preKeyId":58720}}},"version":"v1"}