{"_sessions":{"BVUlYUlFwD5QVG0m2KVgWo/r+Qf7eC2WRr2jdQWhcnM+":{"registrationId":1397227395,"currentRatchet":{"ephemeralKeyPair":{"pubKey":"BYpTHDdb6kKXVXiVl6w9VlhIULqfl/Luc3Rg3SxMV3le","privKey":"UKSNhyA7wr7y0Cqp2taHk5f/ZYrOoCf4OOb5rExoMmk="},"lastRemoteEphemeralKey":"BeLKdkoJWwd9AY8eO1MgSlzIgvR0WXQGxHTfEp5lGi1U","previousCounter":0,"rootKey":"OhWshL+bO+mEtPH6mwW2G7wNgIGGp0s2TrltR9uOrhs="},"indexInfo":{"baseKey":"BVUlYUlFwD5QVG0m2KVgWo/r+Qf7eC2WRr2jdQWhcnM+","baseKeyType":1,"closed":-1,"used":1730561168941,"created":1730561168941,"remoteIdentityKey":"BWXKtTnN4BkD8aEjI2gqDkEwH8/3ynPs3QGlT7zjrqUW"},"_chains":{"BYpTHDdb6kKXVXiVl6w9VlhIULqfl/Luc3Rg3SxMV3le":{"chainKey":{"counter":2,"key":"kpjkg2T6uYYQu2NiZth8SFkvTq/cag0IHirmnX9wRp8="},"chainType":1,"messageKeys":{}}},"pendingPreKey":{"signedKeyId":6,"baseKey":"BVUlYUlFwD5QVG0m2KVgWo/r+Qf7eC2WRr2jdQWhcnM+"}}},"version":"v1"}