{"_sessions":{"BdEz4RCZOja/IZ0c4/bOTZb8ZyBy4AM5dXsZ7EcqvoxK":{"registrationId":1967320622,"currentRatchet":{"ephemeralKeyPair":{"pubKey":"BcOVNtJllarKfI63S/dbhSgitK8CGKnLg3Ynux0xiLsz","privKey":"mNHiHuG+ZMa/6JDsSyaKFSjC5YNYzbBXUVGaMlrnJm4="},"lastRemoteEphemeralKey":"BVljcYMU7ST9fM7l7XRwxAzwVwIlpup5XVuBfHaO0mo0","previousCounter":0,"rootKey":"LZvzn1tnuUrm2UY3ijeR5ZOYqv33Pj4KSUyXU4yU5Bk="},"indexInfo":{"baseKey":"BdEz4RCZOja/IZ0c4/bOTZb8ZyBy4AM5dXsZ7EcqvoxK","baseKeyType":1,"closed":-1,"used":1730563156984,"created":1730561159593,"remoteIdentityKey":"BUD/5c0DCU4o7fmbwxA6gC97buoRi2exQ/cSrBeFG6kb"},"_chains":{"BVljcYMU7ST9fM7l7XRwxAzwVwIlpup5XVuBfHaO0mo0":{"chainKey":{"counter":0,"key":"WzhFVykRJXu8wZwjJJKHnAFf5Cl0XYwQJyO69rZl9k0="},"chainType":2,"messageKeys":{}},"BcOVNtJllarKfI63S/dbhSgitK8CGKnLg3Ynux0xiLsz":{"chainKey":{"counter":1,"key":"a/e0jBRZNrv0PZ/IC76pnXiS5FT7XNAZGwtBFlbkE/E="},"chainType":1,"messageKeys":{}}}}},"version":"v1"}