{"_sessions":{"Bd4bauKNcq/MMHiCeQ3S8FVAORWvXAgwWlc77p/fhvZr":{"registrationId":2145370875,"currentRatchet":{"ephemeralKeyPair":{"pubKey":"BdlSsZWHZrrrKQYDcJj9hQgTgwJJUTOuBUcOw63cvmJA","privKey":"kA2RTL+KJkIScYasKe7MW8ox+IC8EBO1k7MRHqAu0HE="},"lastRemoteEphemeralKey":"BRqXejSzm3A7dttFf9vplXcV6DS7nELbwYUSGapNGQgL","previousCounter":0,"rootKey":"40tjFLA7sjzd87DD1QgE7F0S+oOpig9Vr39RYKlFE3U="},"indexInfo":{"baseKey":"Bd4bauKNcq/MMHiCeQ3S8FVAORWvXAgwWlc77p/fhvZr","baseKeyType":1,"closed":-1,"used":1730561168645,"created":1730561168645,"remoteIdentityKey":"BQaxG09Ou6+ufcIh/Vf2g/EAY3GgBM/FbjTvwtNh9BRr"},"_chains":{"BdlSsZWHZrrrKQYDcJj9hQgTgwJJUTOuBUcOw63cvmJA":{"chainKey":{"counter":2,"key":"DORH5ug/0lcxfJdic7ZHjPjPLLDOzzdxmsfjL5AcCcY="},"chainType":1,"messageKeys":{}}},"pendingPreKey":{"signedKeyId":10,"baseKey":"Bd4bauKNcq/MMHiCeQ3S8FVAORWvXAgwWlc77p/fhvZr","preKeyId":10221116}}},"version":"v1"}