{"_sessions":{"BdsIJL+NiRiXgsWxoc5KPqd1/nfWMr1R6bj+55/xe+9s":{"registrationId":15753,"currentRatchet":{"ephemeralKeyPair":{"pubKey":"BS48IqN8vU4vPUiLK8dkD2t2/hzhrmBrAVYkFJOhFGBm","privKey":"gC7OW0o9aCjrQhpmorm7boAC+huOZ6ZBz/KFXiHqSEI="},"lastRemoteEphemeralKey":"BW7IB7nC9trmkpqJ8k/C7Yc4psZESbxV6yE/0yePFoI4","previousCounter":0,"rootKey":"jXT+LzM5sV2DEjNIzp0zDbBL+cedbEuy6OvLZYX9d74="},"indexInfo":{"baseKey":"BdsIJL+NiRiXgsWxoc5KPqd1/nfWMr1R6bj+55/xe+9s","baseKeyType":1,"closed":-1,"used":1730561159419,"created":1730561159419,"remoteIdentityKey":"BXJv7hMKpz784bj6//dQDij7iCGl2HmHuzb15G1Mr6lx"},"_chains":{"BS48IqN8vU4vPUiLK8dkD2t2/hzhrmBrAVYkFJOhFGBm":{"chainKey":{"counter":2,"key":"bDqTbx6n6cA04vhRR2R1SgGjL2Ef8fWEf+tlffJ/b0E="},"chainType":1,"messageKeys":{}}},"pendingPreKey":{"signedKeyId":1,"baseKey":"BdsIJL+NiRiXgsWxoc5KPqd1/nfWMr1R6bj+55/xe+9s"}}},"version":"v1"}