{"_sessions":{"BWMsAEPZ3g3XKFJxc6TpIXgrld7Hh12kU8GCRhXY7CFT":{"registrationId":1803701148,"currentRatchet":{"ephemeralKeyPair":{"pubKey":"BXnLJWfxGqpva+bu9/X0NJlmT2oeIzuOB04iqc89hnBB","privKey":"AABCDxxXD0RgICted1LQEQTYMPIMsoSgq0p8QDGtK3Q="},"lastRemoteEphemeralKey":"BYiBjUi/fNPBLe5EbWJgeFVdKjnOZpqjVQBImOJ/LyEs","previousCounter":0,"rootKey":"9etdg+jRKQ4k2OjSk0epqpwRbCSd1IZLYQ69VQ2cD9o="},"indexInfo":{"baseKey":"BWMsAEPZ3g3XKFJxc6TpIXgrld7Hh12kU8GCRhXY7CFT","baseKeyType":1,"closed":-1,"used":1730561168891,"created":1730561168891,"remoteIdentityKey":"BYU/0dakcG9IiLypSuswpARkValphS/pG0N3GGBBqnE3"},"_chains":{"BXnLJWfxGqpva+bu9/X0NJlmT2oeIzuOB04iqc89hnBB":{"chainKey":{"counter":2,"key":"Dvz9e1KYpgSbh5+4xmJOQTRO5AlyCUiT8ltPvUWi2dM="},"chainType":1,"messageKeys":{}}},"pendingPreKey":{"signedKeyId":7,"baseKey":"BWMsAEPZ3g3XKFJxc6TpIXgrld7Hh12kU8GCRhXY7CFT","preKeyId":5393145}}},"version":"v1"}