{"_sessions":{"BcUsLeGi8gCOGMIOc5ccko0oNyPYLyr/4PUPWpkvkFxd":{"registrationId":9775,"currentRatchet":{"ephemeralKeyPair":{"pubKey":"BeJfWzZUP20zLd0BSO8bRiK5HsoV072kJIi9BREDrexF","privKey":"UDl7uzHolTM8fD7wrURyWGcUe4usEGTuE4MVZkhmXl4="},"lastRemoteEphemeralKey":"BVwRM26AL4/aQoPcG3wjXrXUbKs8yeMLH1uQqxG5eGNx","previousCounter":0,"rootKey":"3JiVvRMbwI6AukTctLa+oCR5CITx7pe22QU9c66kdiI="},"indexInfo":{"baseKey":"BcUsLeGi8gCOGMIOc5ccko0oNyPYLyr/4PUPWpkvkFxd","baseKeyType":1,"closed":-1,"used":1730561159447,"created":1730561159447,"remoteIdentityKey":"BXnG842aElVEPQHDxzO9HptBJ04Kcgg/qGI/4rq/hlFU"},"_chains":{"BeJfWzZUP20zLd0BSO8bRiK5HsoV072kJIi9BREDrexF":{"chainKey":{"counter":2,"key":"rCMjImQ79oMLw/0sMicPr4n98gYQS0U/cieNoLLPdrE="},"chainType":1,"messageKeys":{}}},"pendingPreKey":{"signedKeyId":1,"baseKey":"BcUsLeGi8gCOGMIOc5ccko0oNyPYLyr/4PUPWpkvkFxd"}}},"version":"v1"}