{"_sessions":{"BXwQqJ6nO3L0goSv2ffqbYQ+CBs6xD0S6jnLQ+pQk+YJ":{"registrationId":4629,"currentRatchet":{"ephemeralKeyPair":{"pubKey":"BcaPYIwlXP69DElb9rNDf0PC73GAYqxo8Um2cMJixwI6","privKey":"OHqdG49FrRsNUe06Ao8HJekrB+BiMV/M6oQUDVFp41w="},"lastRemoteEphemeralKey":"Be2mkFG/CbELMT/s8S/CYV3dBJRtup1STvDKi7e4V6Uf","previousCounter":0,"rootKey":"7bBLWLM2ic4WrDBN8mRNKnteZvq89Ck7wIBXW3oXv4M="},"indexInfo":{"baseKey":"BXwQqJ6nO3L0goSv2ffqbYQ+CBs6xD0S6jnLQ+pQk+YJ","baseKeyType":1,"closed":-1,"used":1730584523027,"created":1730584523027,"remoteIdentityKey":"BeLEvYps+xJNx+XfHxwDf2d6PJhoXFbuiEMJ7nVDlLxe"},"_chains":{"BcaPYIwlXP69DElb9rNDf0PC73GAYqxo8Um2cMJixwI6":{"chainKey":{"counter":18,"key":"vZ6HsBKVcNP7Gyov0loIbNBGndvmWyiaaoX81wlkw1A="},"chainType":1,"messageKeys":{}}},"pendingPreKey":{"signedKeyId":1,"baseKey":"BXwQqJ6nO3L0goSv2ffqbYQ+CBs6xD0S6jnLQ+pQk+YJ"}}},"version":"v1"}