{"_sessions":{"BTNwkwLnPi3YjuUWSSubpg2vaz+LJJXmMFTPi7If3C9O":{"registrationId":1355154442,"currentRatchet":{"ephemeralKeyPair":{"pubKey":"BYDh+rrSqSSYYLfAiAHvxduiWV4euaaumx4ABGX9Xape","privKey":"ALU3MIQd/wgnRjfJ5o0Giz9t9MZZUHvkBHAOWRpV5ko="},"lastRemoteEphemeralKey":"BSWQF56e2dBEsFlC6YEPQ9KWKy9rsnKX2A/2Wwiv9aUW","previousCounter":0,"rootKey":"zboOvGMMkEoF7BFta0UOkq7NuQ4xsc9kTmehW3XXS3g="},"indexInfo":{"baseKey":"BTNwkwLnPi3YjuUWSSubpg2vaz+LJJXmMFTPi7If3C9O","baseKeyType":1,"closed":-1,"used":1730595397309,"created":1730595397309,"remoteIdentityKey":"BQqfsT5V08kdilty8bIWCSCFI16aQzsHpsfGLSsowW0z"},"_chains":{"BYDh+rrSqSSYYLfAiAHvxduiWV4euaaumx4ABGX9Xape":{"chainKey":{"counter":0,"key":"OleLZ2Vz0h2H+EYTFNTT8fn2d8XwEBn+iiyDVCeOxP8="},"chainType":1,"messageKeys":{}}},"pendingPreKey":{"signedKeyId":2,"baseKey":"BTNwkwLnPi3YjuUWSSubpg2vaz+LJJXmMFTPi7If3C9O","preKeyId":14322847}}},"version":"v1"}