{"_sessions":{"BROolEyRc7gMudOyXq2V8pBZTQzRZHOiBdYDYwwXbEQI":{"registrationId":947667690,"currentRatchet":{"ephemeralKeyPair":{"pubKey":"Bf3nl2mPpN6bYS/17kX30eVob0VUvOFU8I4OVm+YJ0Aj","privKey":"MB3+regn7/zDL+TE61vxMizBP/4VsajdnEva9fOsomA="},"lastRemoteEphemeralKey":"BUDjXZ2vGm9YngztapOCzrha/ZKljIv5ZmNrYX5RkdQD","previousCounter":0,"rootKey":"JSqU+tZ2Za33JezZ+GekSiVvJbOkM03sElC7kc8tDQo="},"indexInfo":{"baseKey":"BROolEyRc7gMudOyXq2V8pBZTQzRZHOiBdYDYwwXbEQI","baseKeyType":1,"closed":-1,"used":1730561168862,"created":1730561168862,"remoteIdentityKey":"BTYk35vYdlk6QY1KPn0GKl0cNLD8pq2E75R0K4Ra4+Qj"},"_chains":{"Bf3nl2mPpN6bYS/17kX30eVob0VUvOFU8I4OVm+YJ0Aj":{"chainKey":{"counter":2,"key":"dT3W1iP38gMRlENlkgWdb+fSQeeNlnge1FHR6lUbXIg="},"chainType":1,"messageKeys":{}}},"pendingPreKey":{"signedKeyId":5,"baseKey":"BROolEyRc7gMudOyXq2V8pBZTQzRZHOiBdYDYwwXbEQI","preKeyId":14492769}}},"version":"v1"}