{"_sessions":{"BXJSmfK9OYQAdRXeZdY99LSb+eMiTkjn6bQygElGKqZl":{"registrationId":496267545,"currentRatchet":{"ephemeralKeyPair":{"pubKey":"BXxtS0cBketDRRyBQOFObNlUnVTddGfRvWAQku4jh1Y4","privKey":"gLls9MiipPWp9BSziaFb+SU4pSG3P65MfKMb3FtBrVM="},"lastRemoteEphemeralKey":"BdPsXwCGkx7QyM0PiMG7smD423CFYt51rFfKOTQ6Vjkp","previousCounter":0,"rootKey":"QOSZyaZlNcnJSa1ORpw/G0Cv+AJM8rskrWq9kyciWw0="},"indexInfo":{"baseKey":"BXJSmfK9OYQAdRXeZdY99LSb+eMiTkjn6bQygElGKqZl","baseKeyType":1,"closed":-1,"used":1730561159584,"created":1730561159584,"remoteIdentityKey":"BToQDHQjLx355aJ9Zg3BfqCAsRlmrRoozkD+mfWxxsN8"},"_chains":{"BXxtS0cBketDRRyBQOFObNlUnVTddGfRvWAQku4jh1Y4":{"chainKey":{"counter":2,"key":"M1t8mzwDGiQ9s9/tTVvWF1PnQ6s1j2IL/hRXSV3IV5o="},"chainType":1,"messageKeys":{}}},"pendingPreKey":{"signedKeyId":3,"baseKey":"BXJSmfK9OYQAdRXeZdY99LSb+eMiTkjn6bQygElGKqZl"}}},"version":"v1"}