{"_sessions":{"BQGp6zgLtCpUQXqHJywppUBvE7RTZLBxnnMV6sgD4WFy":{"registrationId":30,"currentRatchet":{"ephemeralKeyPair":{"pubKey":"BQfngHnRQXIMKrD9ba0KYbaMLjApdyiikkSmK4jcPWYk","privKey":"UNYWNy/y6aEkNKWmLrV/coIHwRlwLeIhd9z71zWmsGA="},"lastRemoteEphemeralKey":"Bfq5qTyXCY9QXy0VFxXD0X7r69Xi7vWMbF0RrEaDL8kf","previousCounter":0,"rootKey":"oY/ukuIfWKiZbRWq93+c9s5L+/rkomhJzKB0UOTSHbI="},"indexInfo":{"baseKey":"BQGp6zgLtCpUQXqHJywppUBvE7RTZLBxnnMV6sgD4WFy","baseKeyType":1,"closed":1730561582449,"used":1730561159393,"created":1730561159393,"remoteIdentityKey":"BeowMrVeJN1OdXBYCrjmLNBC/BrJjHA+Gd8gx6KR4vov"},"_chains":{"BQfngHnRQXIMKrD9ba0KYbaMLjApdyiikkSmK4jcPWYk":{"chainKey":{"counter":0,"key":"ZsLy3QPRwCh9f5kRQSAh13wyXm1E22iu2Q8Om2EX2DA="},"chainType":1,"messageKeys":{}}},"pendingPreKey":{"signedKeyId":1,"baseKey":"BQGp6zgLtCpUQXqHJywppUBvE7RTZLBxnnMV6sgD4WFy","preKeyId":10}},"BYlqCXlrRWAHHAsug/6bz5/qS/E/LIdfQEWsOvRnkVIO":{"registrationId":30,"currentRatchet":{"ephemeralKeyPair":{"pubKey":"Ba8L3iXAd88V46M7jJCYbmb2ApB5DUJoMGZuZ01QmdUw","privKey":"iAEZH6KOTp7nX6o+uKgKEuNjBvCphZB0eu4Ak7gkvWI="},"lastRemoteEphemeralKey":"BX5rPTo5lRVLUVrADiTbpdpULh1pPzTTHmY3zmmqw89J","previousCounter":0,"rootKey":"z+j1lrvn7q+GJoIZRo6xHTk5RmZZ1HhVZUdiBu4E6P0="},"indexInfo":{"baseKey":"BYlqCXlrRWAHHAsug/6bz5/qS/E/LIdfQEWsOvRnkVIO","baseKeyType":2,"closed":-1,"used":1730622261937,"created":1730561582460,"remoteIdentityKey":"BeowMrVeJN1OdXBYCrjmLNBC/BrJjHA+Gd8gx6KR4vov"},"_chains":{"BekqljzoQynwQXM31OPx0S4ABMsqjoQdfU99C+KDP4J/":{"chainKey":{"counter":0},"chainType":2,"messageKeys":{}},"BX5rPTo5lRVLUVrADiTbpdpULh1pPzTTHmY3zmmqw89J":{"chainKey":{"counter":0,"key":"ZTO1GqDktcRXVVj6ZuXeDlu8I3E8o9qignW8UXNTAaM="},"chainType":2,"messageKeys":{}},"Ba8L3iXAd88V46M7jJCYbmb2ApB5DUJoMGZuZ01QmdUw":{"chainKey":{"counter":0,"key":"Dc2EIIfTFcPdrhoEgVcjyDaXv1JVyp/cdgrGK4tLVWc="},"chainType":1,"messageKeys":{}}}}},"version":"v1"}