{"_sessions":{"BVproLHfiSwlYRtPBk5XqYH8Alc/2AehD3upJd+piA9R":{"registrationId":952043827,"currentRatchet":{"ephemeralKeyPair":{"pubKey":"BViGomsUjHgcc1khL0+19aM4iat7+OmX3nO23VtanLVP","privKey":"EGTwVHnZKbveRPoGc2iLhZ2HC9PA/NZEIN3yyubYAGE="},"lastRemoteEphemeralKey":"Bbg1GW6DGp3Ap75YqJqTvnyzNgEWNYdY0DVaCb4mkZB3","previousCounter":0,"rootKey":"0TIesVTSrdy7BncRPnzVyGQ5QuDmcrxVkl60swvgqD4="},"indexInfo":{"baseKey":"BVproLHfiSwlYRtPBk5XqYH8Alc/2AehD3upJd+piA9R","baseKeyType":1,"closed":-1,"used":1730561168927,"created":1730561168927,"remoteIdentityKey":"BVUNQbOYQdYkFgeNnYjrWLexGpwp/zzkx6Ot6bScA84r"},"_chains":{"BViGomsUjHgcc1khL0+19aM4iat7+OmX3nO23VtanLVP":{"chainKey":{"counter":2,"key":"n/OZTRVMNDyLX64yJZFUdZGLwt+tmE8CRRZ9D44g4lg="},"chainType":1,"messageKeys":{}}},"pendingPreKey":{"signedKeyId":5,"baseKey":"BVproLHfiSwlYRtPBk5XqYH8Alc/2AehD3upJd+piA9R","preKeyId":7684098}}},"version":"v1"}