{"_sessions":{"BaAwcpFvJCQnyZVu/SzChxyDk9SlTeKfj+v6ohVFZRJg":{"registrationId":986124053,"currentRatchet":{"ephemeralKeyPair":{"pubKey":"BUfmNvU2RloqvVNXBDDZlNXxgcTjPIiwSVdRCe8SrM8Z","privKey":"0JEtFqqF9dL25NARyDsNiLBvKwKAygQrimfJavYTPH8="},"lastRemoteEphemeralKey":"BTBFNiheks11PRMT8//gSclsTVx7S9Og0S81c4Lqinw8","previousCounter":0,"rootKey":"QZpuSV+dPWHLSG2oLlHvgv+aUefF61gupe/PhgOTT+g="},"indexInfo":{"baseKey":"BaAwcpFvJCQnyZVu/SzChxyDk9SlTeKfj+v6ohVFZRJg","baseKeyType":1,"closed":-1,"used":1730561168751,"created":1730561168751,"remoteIdentityKey":"BVlkCvcwCEOqbdM8odKU4uMl4wzEDk9Qmg6rH2E49pE+"},"_chains":{"BUfmNvU2RloqvVNXBDDZlNXxgcTjPIiwSVdRCe8SrM8Z":{"chainKey":{"counter":2,"key":"/FryFHb8BewVieKPBCLX4yShDX+Sae9YcXm5XJpUSa0="},"chainType":1,"messageKeys":{}}},"pendingPreKey":{"signedKeyId":3,"baseKey":"BaAwcpFvJCQnyZVu/SzChxyDk9SlTeKfj+v6ohVFZRJg","preKeyId":12688378}}},"version":"v1"}