{"_sessions":{"BYaPwIrI14/L4NJp0pwoVbzWRGSL2+4eX9wY6unF/GNJ":{"registrationId":491356080,"currentRatchet":{"ephemeralKeyPair":{"pubKey":"Bf/sw6Jlvn8fqJYGLLL7IFk8LKdXLEBHNM58HyDW7zoI","privKey":"mGgc2KdboCLZQFGJPNDBLD+XXPHRmzlEkEhJr6lLj2k="},"lastRemoteEphemeralKey":"BZuZ+tdjU8zX7MhQaYHOX6A3aNhilmYaB+4hWJfloUAk","previousCounter":0,"rootKey":"goV9GghS8N7M2oSYAGz5FCBWZBvabhAL1C5+x73Vy7U="},"indexInfo":{"baseKey":"BYaPwIrI14/L4NJp0pwoVbzWRGSL2+4eX9wY6unF/GNJ","baseKeyType":1,"closed":1730622261859,"used":1730561159649,"created":1730561159649,"remoteIdentityKey":"BTGH/Ln3yO0lAje0EnmEaAU41rcywiKgPskQY8c4+PYm"},"_chains":{"Bf/sw6Jlvn8fqJYGLLL7IFk8LKdXLEBHNM58HyDW7zoI":{"chainKey":{"counter":1,"key":"EuH0pb2atnZXu5Fv8dozPzNfpzRVxYWyepoa/9m92IY="},"chainType":1,"messageKeys":{}}},"pendingPreKey":{"signedKeyId":4,"baseKey":"BYaPwIrI14/L4NJp0pwoVbzWRGSL2+4eX9wY6unF/GNJ","preKeyId":8254906}},"Bdb+TQzAPaI1EzadhCH2r8NjT+ztJCNoIeM6vNrhOX0T":{"registrationId":491356080,"currentRatchet":{"ephemeralKeyPair":{"pubKey":"BX8IXgt9z8iK2q7PQegF8PmME0SrSxJYM66JSV5wC8At","privKey":"AEGvVAxpSu2zokFKCnegof1XXrxrD/VWbxtgQpum+lk="},"lastRemoteEphemeralKey":"BRBfWey0as0bXb6ZYdzKVO65OSKwUTbAS7WHtw4/t4M9","previousCounter":0,"rootKey":"pRjmBbUMi8MvnpDlSDoV/DrtdHlIFeelU/UkFls6ECo="},"indexInfo":{"baseKey":"Bdb+TQzAPaI1EzadhCH2r8NjT+ztJCNoIeM6vNrhOX0T","baseKeyType":1,"closed":-1,"used":1730635579546,"created":1730622261857,"remoteIdentityKey":"BTGH/Ln3yO0lAje0EnmEaAU41rcywiKgPskQY8c4+PYm"},"_chains":{"BRBfWey0as0bXb6ZYdzKVO65OSKwUTbAS7WHtw4/t4M9":{"chainKey":{"counter":0,"key":"FKC0aloVM7j9OLsH41dmvKZT3ex5xfrbAph2rOz9rAM="},"chainType":2,"messageKeys":{}},"BX8IXgt9z8iK2q7PQegF8PmME0SrSxJYM66JSV5wC8At":{"chainKey":{"counter":-1,"key":"YzWwFjYOmkdvSQiK46aKdBcDDWx5qC+xLvIb0phTHUM="},"chainType":1,"messageKeys":{}}}}},"version":"v1"}