{"_sessions":{"BQW14GrA/JlmZMpO1/3W6HVSTBHqDYrjeypqC1pgpJhn":{"registrationId":20332863,"currentRatchet":{"ephemeralKeyPair":{"pubKey":"BYSW0GJJieekapntPWnWcrVyuH52kPe11vvdYJirOVht","privKey":"AHyx0dNvMWXSB1i7XA7eUqENmueVBox1hrz61V3JY3o="},"lastRemoteEphemeralKey":"BQdYII943ZsVcb/4I02uhbblfOyD6Sy+jKK3xK4loakH","previousCounter":0,"rootKey":"bpghxcyLn/KGDdMa9tfFHQ+pZF6UxFuxqNix2hQ19xc="},"indexInfo":{"baseKey":"BQW14GrA/JlmZMpO1/3W6HVSTBHqDYrjeypqC1pgpJhn","baseKeyType":2,"closed":-1,"used":1730604227282,"created":1730604227282,"remoteIdentityKey":"BU55IrOypmHKvBBZk7GLbvnPmqclm/0wdDSjijeAZV4j"},"_chains":{"BQdYII943ZsVcb/4I02uhbblfOyD6Sy+jKK3xK4loakH":{"chainKey":{"counter":0,"key":"WtONAwLAUhKR13tXCBeH++jpD2Q87NTqx/64yAe8Yvk="},"chainType":2,"messageKeys":{}},"BYSW0GJJieekapntPWnWcrVyuH52kPe11vvdYJirOVht":{"chainKey":{"counter":-1,"key":"ti/xAGBua4EORuJYeXpqc+W4Zg/Z5ok1WmdUy6TZSdk="},"chainType":1,"messageKeys":{}}}}},"version":"v1"}