{"_sessions":{"BTu2K4HESYHHsA1E7rBmBQf70Uryh53P+TsiEGm7lvdA":{"registrationId":1620567142,"currentRatchet":{"ephemeralKeyPair":{"pubKey":"BW8inLKxcl6uNim/Z5naqJbNZQZqspIS3cRwN4tbGeAr","privKey":"wIlV0YeI6HffWSoOfrwDnPKD5gCWk6N3FHl4+ygukVg="},"lastRemoteEphemeralKey":"BaDMoJ+jmGIdv70hzSBslQBFV4V1ur04DQDs3Q9haFws","previousCounter":0,"rootKey":"4PUj7E//bGMPfHjSoZPFO/HBLfgE1XhhhJKEtNie+ws="},"indexInfo":{"baseKey":"BTu2K4HESYHHsA1E7rBmBQf70Uryh53P+TsiEGm7lvdA","baseKeyType":1,"closed":-1,"used":1730561168704,"created":1730561168704,"remoteIdentityKey":"BY28MP1rJEYe/tmsX+kYK4m1ynRucC6oWrzyYv6sqENG"},"_chains":{"BW8inLKxcl6uNim/Z5naqJbNZQZqspIS3cRwN4tbGeAr":{"chainKey":{"counter":2,"key":"LFc9rt4Apm09t71Hvc+xA0HYPOGyAALU7splst363Zc="},"chainType":1,"messageKeys":{}}},"pendingPreKey":{"signedKeyId":12,"baseKey":"BTu2K4HESYHHsA1E7rBmBQf70Uryh53P+TsiEGm7lvdA","preKeyId":3151752}}},"version":"v1"}