{"_sessions":{"BQ7R8T9JF1BABNlKdUulQAZBpobSy/OslaYgj4yEKvsL":{"registrationId":1240989561,"currentRatchet":{"ephemeralKeyPair":{"pubKey":"BWWr+qmShjrspaFdeBdPNeiG5Nk2aAM8jSAFxEjlk/Bs","privKey":"+HfzPCFEjskElw7szwyhjFE2HykUrzz8kif6DW/T22U="},"lastRemoteEphemeralKey":"BVQm2Q5MhOHx4xK6gYliGorqjnWjCLkj07omyH629scm","previousCounter":0,"rootKey":"CtpmK5Wqyb3lP6tRDLu6lCuwVLAcqYsWiDC9DJmBK20="},"indexInfo":{"baseKey":"BQ7R8T9JF1BABNlKdUulQAZBpobSy/OslaYgj4yEKvsL","baseKeyType":1,"closed":-1,"used":1730561159462,"created":1730561159462,"remoteIdentityKey":"BQVhDc8rXtJRGv07cUc6E6PPTuk7Fi+tMjVS4iYBIRQX"},"_chains":{"BWWr+qmShjrspaFdeBdPNeiG5Nk2aAM8jSAFxEjlk/Bs":{"chainKey":{"counter":2,"key":"trti1XpPyZMjRQFq5CufCwaFhQI8I2KfM/sWt7LvxKk="},"chainType":1,"messageKeys":{}}},"pendingPreKey":{"signedKeyId":3,"baseKey":"BQ7R8T9JF1BABNlKdUulQAZBpobSy/OslaYgj4yEKvsL","preKeyId":15651454}}},"version":"v1"}