{"_sessions":{"BV0vK6hD+N5chPTEVWOw43YT8s8iNuXDNeN9agH9XwhZ":{"registrationId":1481006231,"currentRatchet":{"ephemeralKeyPair":{"pubKey":"BeSpbwEnlmj1gotILA+dmN4gNH7l9ThLOA1LsvbCyZNg","privKey":"aN7Cww/IEkraEHHqDbhFHVCrjt4yrv6BlWPQAXoCQF8="},"lastRemoteEphemeralKey":"BabgEHB3JsEDvli4f97VKkUXAGjjM9JXrM4tEBkC2DY1","previousCounter":0,"rootKey":"6JB9K+u+ZD9Fi4EM6NHkTfdH03rqrxb3uuSadrzYETM="},"indexInfo":{"baseKey":"BV0vK6hD+N5chPTEVWOw43YT8s8iNuXDNeN9agH9XwhZ","baseKeyType":1,"closed":-1,"used":1730561169050,"created":1730561169050,"remoteIdentityKey":"BYUZmjVmtoP8TBFEmOmwyvYAu5+FJBE5vWwfFOW+75pK"},"_chains":{"BeSpbwEnlmj1gotILA+dmN4gNH7l9ThLOA1LsvbCyZNg":{"chainKey":{"counter":2,"key":"+3/R2CDgcCZhOF0EEUPi2LFnuvJtgvvP8NDbmEwfQxI="},"chainType":1,"messageKeys":{}}},"pendingPreKey":{"signedKeyId":12,"baseKey":"BV0vK6hD+N5chPTEVWOw43YT8s8iNuXDNeN9agH9XwhZ","preKeyId":5828224}}},"version":"v1"}