{"_sessions":{"BZ8PkIMOC8SPiu4exujYJok/nB2V0fkznszoVQ+8YrNw":{"registrationId":1511427442,"currentRatchet":{"ephemeralKeyPair":{"pubKey":"BTwf9t1HlNz9nmOQTFBL5+YeVjK8X/3EgBJduXGotWU1","privKey":"0MT1u5gl7tpyaoCfDWxLNRH6SxW17v6/ds25rTCR4nI="},"lastRemoteEphemeralKey":"BTsbMA4h2KqMwYMFfhnngEyrKdOvF1gRzM/+Gyh2sngB","previousCounter":0,"rootKey":"17Qn4JU4I9DKondmzWhFk6MBMDiSjGyNUCcG9fuNAFU="},"indexInfo":{"baseKey":"BZ8PkIMOC8SPiu4exujYJok/nB2V0fkznszoVQ+8YrNw","baseKeyType":1,"closed":-1,"used":1730561159485,"created":1730561159485,"remoteIdentityKey":"BcNKTMLPtoKKCjainb8eX+G8nLBPoat/yMW/mibPIRhH"},"_chains":{"BTwf9t1HlNz9nmOQTFBL5+YeVjK8X/3EgBJduXGotWU1":{"chainKey":{"counter":2,"key":"V4Y1N8+cPPxDaN2H5papBbDjCZqhMwUohfb1dKyoHvE="},"chainType":1,"messageKeys":{}}},"pendingPreKey":{"signedKeyId":6,"baseKey":"BZ8PkIMOC8SPiu4exujYJok/nB2V0fkznszoVQ+8YrNw","preKeyId":1595059}}},"version":"v1"}