{"_sessions":{"BZjT7SQje8FVLp8d8mDDByAGJ1qZP1S2Wj33a6g1s2AI":{"registrationId":2040227009,"currentRatchet":{"ephemeralKeyPair":{"pubKey":"BTqbSR1BnhajKt/6FqbC1amk6T7WkEJCDZ1kPGPO3ot/","privKey":"IF59s+RP93jNvhC/5N+mhoyH84+pSxwdn136eLNRG2o="},"lastRemoteEphemeralKey":"BRYdfRA69tubkdlVEaXI4c5ayh3jppOWus4eQEiNiDhZ","previousCounter":0,"rootKey":"M0h8RB4dK+sakH96qO2ARK3QonTBAX1pfEdgXWBQk/s="},"indexInfo":{"baseKey":"BZjT7SQje8FVLp8d8mDDByAGJ1qZP1S2Wj33a6g1s2AI","baseKeyType":1,"closed":-1,"used":1730561168947,"created":1730561168947,"remoteIdentityKey":"Bb65+BXz4ru8ooQ8Y75O6IFrXzLv2R5nFZuj5zG6ckVA"},"_chains":{"BTqbSR1BnhajKt/6FqbC1amk6T7WkEJCDZ1kPGPO3ot/":{"chainKey":{"counter":2,"key":"3bORtq+s3ee+sR+oYvbOZvcANpeYWPd92pItWxisFsw="},"chainType":1,"messageKeys":{}}},"pendingPreKey":{"signedKeyId":3,"baseKey":"BZjT7SQje8FVLp8d8mDDByAGJ1qZP1S2Wj33a6g1s2AI","preKeyId":13776973}}},"version":"v1"}