{"_sessions":{"Bd+bJY9nuuxi5xFvOuGJT6GdqTnghv6FFzYcABj8/+Fu":{"registrationId":1771485641,"currentRatchet":{"ephemeralKeyPair":{"pubKey":"BcKC0h9Nb3W7hiAzMIrzl6bt4FHpxnuPD5CxWc5boQw3","privKey":"YCMywUYPeIaci21hYSXuDl2mmLxxGFRVmHJWs6ymEGs="},"lastRemoteEphemeralKey":"BZehkCFkQxMZygYvHIsnWO3MrspMRxKXOv1yKHS29hQe","previousCounter":0,"rootKey":"Dfo2fUw7osl4jkLkNdLdKf4GYNjfKfmZiVAGE15ZSbw="},"indexInfo":{"baseKey":"Bd+bJY9nuuxi5xFvOuGJT6GdqTnghv6FFzYcABj8/+Fu","baseKeyType":1,"closed":-1,"used":1730561159513,"created":1730561159513,"remoteIdentityKey":"Bbkr9XVFeMHqcfho63LAJQZP/AzbZQzQUGdILSbTcpBa"},"_chains":{"BcKC0h9Nb3W7hiAzMIrzl6bt4FHpxnuPD5CxWc5boQw3":{"chainKey":{"counter":2,"key":"CsBqKYXPl4wuTGrrYtix8+LHkhghtMzq08YmlKypbl4="},"chainType":1,"messageKeys":{}}},"pendingPreKey":{"signedKeyId":7,"baseKey":"Bd+bJY9nuuxi5xFvOuGJT6GdqTnghv6FFzYcABj8/+Fu","preKeyId":7714312}}},"version":"v1"}