{"_sessions":{"BYamlqzYT88z2YejFUm0qs7lffkXPePsSQfLks35Zbxh":{"registrationId":1408347037,"currentRatchet":{"ephemeralKeyPair":{"pubKey":"BTcDj50LhRww9ylDt7Ob7L9+e1O253NLXZyzHbX36A40","privKey":"6MpGoySL4Psw7Mgz54JVn7p0c8ImzpgCz1EBGNtc51A="},"lastRemoteEphemeralKey":"Bb6qc49hFACpP3Oes3wfB9D8VCV4GrvryqGyEUxj7pNX","previousCounter":0,"rootKey":"wHaxGoNZxNCulRC6IB2aNekJIBsGKeJB3UpOf1gSUiU="},"indexInfo":{"baseKey":"BYamlqzYT88z2YejFUm0qs7lffkXPePsSQfLks35Zbxh","baseKeyType":1,"closed":-1,"used":1730561168920,"created":1730561168920,"remoteIdentityKey":"BTa4KX/T5siuxEmiDcuvDRIGm91k2K7uZ6xyrbLZuZQR"},"_chains":{"BTcDj50LhRww9ylDt7Ob7L9+e1O253NLXZyzHbX36A40":{"chainKey":{"counter":2,"key":"jLB1wXVODs6H1mG9E0A0SRf3dM6V6fZ1kWKtZ4APaSg="},"chainType":1,"messageKeys":{}}},"pendingPreKey":{"signedKeyId":1,"baseKey":"BYamlqzYT88z2YejFUm0qs7lffkXPePsSQfLks35Zbxh","preKeyId":8251224}}},"version":"v1"}