{"_sessions":{"BWo8JHXeMV4LiCBj+JqtnbWWZluumVA0tseDPcx20bZz":{"registrationId":483122834,"currentRatchet":{"ephemeralKeyPair":{"pubKey":"BdRvRIJ+dwsF+A790ppkLJf7Nwtuyx0EHLRPkM7u+1gB","privKey":"ECCglHMRuo8HhJllkCtMXa9zbN4dYhwOPV2U+Bo9HHM="},"lastRemoteEphemeralKey":"BRxfhho8eMoHpH+gB2rloMbEUg+K48CIBt58xxP9fHM/","previousCounter":0,"rootKey":"JqlMdT000UXe51OLh8BCCdWOannAzPvKRopPOjdG6Dg="},"indexInfo":{"baseKey":"BWo8JHXeMV4LiCBj+JqtnbWWZluumVA0tseDPcx20bZz","baseKeyType":1,"closed":-1,"used":1730561168653,"created":1730561168653,"remoteIdentityKey":"BV4qvbBBVwezXbj0LgOqQGRgTjuuBF6UTnHMKwuVi6E4"},"_chains":{"BdRvRIJ+dwsF+A790ppkLJf7Nwtuyx0EHLRPkM7u+1gB":{"chainKey":{"counter":2,"key":"rXj5ji3y7XT2LFdc/NZXsAFaaEEKa30JvOakN4RP56o="},"chainType":1,"messageKeys":{}}},"pendingPreKey":{"signedKeyId":1,"baseKey":"BWo8JHXeMV4LiCBj+JqtnbWWZluumVA0tseDPcx20bZz"}}},"version":"v1"}