{"_sessions":{"BShfAifTfSPoVTaQN1XKlVkS4B7875JWNDBLUfrqdCcb":{"registrationId":15253,"currentRatchet":{"ephemeralKeyPair":{"pubKey":"BeZoGTFyDjNra9GcQQIV6dePQIWmWNuEF1aTfPhAc6lq","privKey":"aNR1odVJ5grqjahFvrlcZ/31EWTAElyBx5SR/odTj0I="},"lastRemoteEphemeralKey":"BXPmBgv27jrZ5Q6jkbGU7LLEOUdGusOXanUQ9e5nAGpF","previousCounter":0,"rootKey":"XDX47sByhaa8KK8xnCRk5wBo+0Fccg+POto8hQNECMs="},"indexInfo":{"baseKey":"BShfAifTfSPoVTaQN1XKlVkS4B7875JWNDBLUfrqdCcb","baseKeyType":1,"closed":-1,"used":1730561159398,"created":1730561159398,"remoteIdentityKey":"BTXTBJTV9cWvy4X2XAKuDlyvjnth/b6Lo5KJBlwOrp0d"},"_chains":{"BeZoGTFyDjNra9GcQQIV6dePQIWmWNuEF1aTfPhAc6lq":{"chainKey":{"counter":2,"key":"ha8+Vw6QqPT8pHLfXk6ezyBmJmMJuzf0NrA2rKhzh88="},"chainType":1,"messageKeys":{}}},"pendingPreKey":{"signedKeyId":3,"baseKey":"BShfAifTfSPoVTaQN1XKlVkS4B7875JWNDBLUfrqdCcb","preKeyId":770}}},"version":"v1"}