{"_sessions":{"BQScOpYtkUk/GNogO+e10HCzUue2YXa7hANYo7EBbhco":{"registrationId":2574,"currentRatchet":{"ephemeralKeyPair":{"pubKey":"BSrf3LYXM75BRB8A0gjfSAU/WDVVVHSEaqocnl/txkwy","privKey":"6I6cNyjhClR8Qwg+FQiNiWzwkq4BPXuElvdPC+0MQXs="},"lastRemoteEphemeralKey":"BXhRFVWJTejU33CcVYxkZnQ7AK/HhHpvBBvbonrX7aR3","previousCounter":0,"rootKey":"AD6jsckzV/nD5d4hC+rQLL+Yc26Gl9/0JpNbgOH6JsY="},"indexInfo":{"baseKey":"BQScOpYtkUk/GNogO+e10HCzUue2YXa7hANYo7EBbhco","baseKeyType":1,"closed":-1,"used":1730561159388,"created":1730561159388,"remoteIdentityKey":"BXip33j0h5r7lmAaq0tdXOJLTuJzB6w4n4XCWg9haFNp"},"_chains":{"BSrf3LYXM75BRB8A0gjfSAU/WDVVVHSEaqocnl/txkwy":{"chainKey":{"counter":2,"key":"Rj7/57MOWF0+UoFExnUqWFvPXX/UY8PAsiiWlRE/mdw="},"chainType":1,"messageKeys":{}}},"pendingPreKey":{"signedKeyId":1,"baseKey":"BQScOpYtkUk/GNogO+e10HCzUue2YXa7hANYo7EBbhco","preKeyId":178}}},"version":"v1"}