{"_sessions":{"BdR55wXbbUl+gUAI7okFhU4X5L8f+9bNLVhxAxhdKg0G":{"registrationId":3920,"currentRatchet":{"ephemeralKeyPair":{"pubKey":"BRcvI2wRy7Uno7k/iCbd4pwXpPdQnB/+ZZ5w66Tn7h86","privKey":"wBLWc6yjz0vkVEl6CvspfP7e1l+BNV7hv3jRSFHMhmE="},"lastRemoteEphemeralKey":"Bcg3D5YoDKISOl0/h3YE7QBxz72TJ3w/Nn7ALjI4wtoF","previousCounter":0,"rootKey":"IG0D6lYRD2RHTLnaRfYN71bE/D3rG0XqRunOl2oiKOk="},"indexInfo":{"baseKey":"BdR55wXbbUl+gUAI7okFhU4X5L8f+9bNLVhxAxhdKg0G","baseKeyType":1,"closed":-1,"used":1730561168573,"created":1730561168573,"remoteIdentityKey":"BcRBR8Mh8Na7aZo/MEjSthckPoGCBPXKeYIOjnVF+GBt"},"_chains":{"BRcvI2wRy7Uno7k/iCbd4pwXpPdQnB/+ZZ5w66Tn7h86":{"chainKey":{"counter":2,"key":"D/Wn411JlrougvSiCIwKPj7V4qk8krD3TxGEUaFeKYs="},"chainType":1,"messageKeys":{}}},"pendingPreKey":{"signedKeyId":1,"baseKey":"BdR55wXbbUl+gUAI7okFhU4X5L8f+9bNLVhxAxhdKg0G"}}},"version":"v1"}