{"_sessions":{"BbfeVNHANN6apXkvDtt/R80nqFI/L9RDceK4oUH002cs":{"registrationId":1745111508,"currentRatchet":{"ephemeralKeyPair":{"pubKey":"BQfk/xGj303Z3WXjAdqSvieyXwQqZwPcxx1braLI57Nb","privKey":"kL9LbulToHvJoURkAO+fKnBPUvGuPsxVok6LjIj+XVA="},"lastRemoteEphemeralKey":"BTU197nZcTm3MbiLeDU2NNE+HfyDkEHwd5zYszexDAVs","previousCounter":0,"rootKey":"SceV1cnllmL+5gAw6c+XuDUa8CX5MYsmZh6M6Zey3qs="},"indexInfo":{"baseKey":"BbfeVNHANN6apXkvDtt/R80nqFI/L9RDceK4oUH002cs","baseKeyType":1,"closed":-1,"used":1730561159471,"created":1730561159471,"remoteIdentityKey":"Beow3or9BPJDj+1yuUfU4v7aWUKYnGkEQdYiIMHRJP5x"},"_chains":{"BQfk/xGj303Z3WXjAdqSvieyXwQqZwPcxx1braLI57Nb":{"chainKey":{"counter":2,"key":"YVBfKB91MRdkKddjnR5NnBwTrvdrYpPdne9eNfW9x80="},"chainType":1,"messageKeys":{}}},"pendingPreKey":{"signedKeyId":7,"baseKey":"BbfeVNHANN6apXkvDtt/R80nqFI/L9RDceK4oUH002cs","preKeyId":7766923}}},"version":"v1"}