{"_sessions":{"BQBJwGyEAWDOy9k3JBUMdsZ6J3sqp7JJYlf3k3TeZcA1":{"registrationId":1096433131,"currentRatchet":{"ephemeralKeyPair":{"pubKey":"BYE1Omt/B+I9naTDW/MVeJMOsLbIkoYYO5AdplADwLNf","privKey":"yGgA5FpKU0MkBhHexNC3xr/xWkt/k1UM527e/NQssWI="},"lastRemoteEphemeralKey":"BWPWIuyNKLtyrAaEJEqSKHr0UCb445drsrZeWA5mjpgA","previousCounter":0,"rootKey":"HSAx/KbmPKLwuIrkcGzBW3PTTi5iwZx5fWvBESTiUAo="},"indexInfo":{"baseKey":"BQBJwGyEAWDOy9k3JBUMdsZ6J3sqp7JJYlf3k3TeZcA1","baseKeyType":1,"closed":-1,"used":1730561159415,"created":1730561159415,"remoteIdentityKey":"BcAaNu2ow7Vm2hpV4rmxQLBLpuuucAMhjHsxPDNLcLoE"},"_chains":{"BYE1Omt/B+I9naTDW/MVeJMOsLbIkoYYO5AdplADwLNf":{"chainKey":{"counter":2,"key":"OposMZL94JOE7lCjfywt/v2wVBbJVIDuhK54gIv5KcE="},"chainType":1,"messageKeys":{}}},"pendingPreKey":{"signedKeyId":1,"baseKey":"BQBJwGyEAWDOy9k3JBUMdsZ6J3sqp7JJYlf3k3TeZcA1"}}},"version":"v1"}