{"_sessions":{"BbUEWtqniBklHcQi4H7o8v1td6ahWeppqbhAy9D7WFUU":{"registrationId":1268355147,"currentRatchet":{"ephemeralKeyPair":{"pubKey":"Bc+HdKoDxyZjzws55raSCnn2iFyMsdEACNaBr8WTX3JI","privKey":"8AAs5AGFhQNFUWtJuvccfk8xFWcBGCZSWn4hctJI018="},"lastRemoteEphemeralKey":"BW7VBtSjJ4zVKJkTg0WRskXMCRrx3NCoKzbVUBqAxBMB","previousCounter":0,"rootKey":"2iMo5SspyuFcpCnLshmVQ7AmWXJ3tOljN26NQ98pa3A="},"indexInfo":{"baseKey":"BbUEWtqniBklHcQi4H7o8v1td6ahWeppqbhAy9D7WFUU","baseKeyType":1,"closed":-1,"used":1730633043343,"created":1730612142332,"remoteIdentityKey":"BZzXuAhMT4/PlkFHCuqmQO7m0OwYshw5UzDtGhJLsds9"},"_chains":{"BW7VBtSjJ4zVKJkTg0WRskXMCRrx3NCoKzbVUBqAxBMB":{"chainKey":{"counter":2,"key":"GLFH3+S13phL4w9RsP9S394vyHUd0zGnHNob7I3+gB4="},"chainType":2,"messageKeys":{}},"Bc+HdKoDxyZjzws55raSCnn2iFyMsdEACNaBr8WTX3JI":{"chainKey":{"counter":-1,"key":"xprt7sVrpib+hxMKaxO6/0gN3ALXVswjzNxVDWSpAlA="},"chainType":1,"messageKeys":{}}}}},"version":"v1"}