{"_sessions":{"BbFGN11i5yqyUqETMNkHakOFLSBEsCROoSA+nVlBF6ED":{"registrationId":2030170979,"currentRatchet":{"ephemeralKeyPair":{"pubKey":"BZYafF5sBPg3X2YdrHiq/2/H+jyWb8155cwBhRiHT2AT","privKey":"wEVaUk6dL0WCPIBkAXyQ+AZGXB8YkSbd+rZJfRWXnms="},"lastRemoteEphemeralKey":"Bb8u/D4RAqkYlEpc8Rlgj9Bb+vi9M47RoVGv79WdFrMD","previousCounter":0,"rootKey":"WfhLI8pcz1ColKN+voW6KgYJ/D2MlixEorg5rGiFYW8="},"indexInfo":{"baseKey":"BbFGN11i5yqyUqETMNkHakOFLSBEsCROoSA+nVlBF6ED","baseKeyType":1,"closed":-1,"used":1730621887643,"created":1730607483833,"remoteIdentityKey":"BWRQITOn1S2tmoGX4GXoWos42fsPYyqfB65Gb4DwhAIe"},"_chains":{"Bb8u/D4RAqkYlEpc8Rlgj9Bb+vi9M47RoVGv79WdFrMD":{"chainKey":{"counter":0,"key":"NcIKQzBARQTx9N8rLbqR9jdweijNsIdVwLRjSKqbCQc="},"chainType":2,"messageKeys":{}},"BZYafF5sBPg3X2YdrHiq/2/H+jyWb8155cwBhRiHT2AT":{"chainKey":{"counter":-1,"key":"NVQf+LIOYTAMGukYUdIh5My6blmgJ7u5rhJnmVtsoeU="},"chainType":1,"messageKeys":{}}}}},"version":"v1"}