{"_sessions":{"BVN9yFNDa+EnhhgVn6UTG/tSpIgiaedX5y/vmCzLRAQL":{"registrationId":1324226124,"currentRatchet":{"ephemeralKeyPair":{"pubKey":"BejKCyDHTP8Q8Hb+cQtJxHHwwk5+Pk9WWVLcBRi2uWFq","privKey":"cEoCDDiQykYuR+RK5jKjadajpZ9ymyvYP5yQ/cmTUkA="},"lastRemoteEphemeralKey":"BdFitO3K9khd7kA3/VSyVi8u7TaU32E8JPROZxgvB3Bm","previousCounter":0,"rootKey":"Zy74kj5HM4qavpxg/yxWixZpS2OwjdhWSHAIdv6l4r4="},"indexInfo":{"baseKey":"BVN9yFNDa+EnhhgVn6UTG/tSpIgiaedX5y/vmCzLRAQL","baseKeyType":1,"closed":-1,"used":1730603093131,"created":1730561159452,"remoteIdentityKey":"BQhUU/Isxr/4pw+xXW+IJ6vSD6GPibkbvQpf7JzI8XJN"},"_chains":{"BdFitO3K9khd7kA3/VSyVi8u7TaU32E8JPROZxgvB3Bm":{"chainKey":{"counter":0,"key":"m6P56jBGxsWaHXTVYXbTxISZXBJNMhocB3H12KMzGrA="},"chainType":2,"messageKeys":{}},"BejKCyDHTP8Q8Hb+cQtJxHHwwk5+Pk9WWVLcBRi2uWFq":{"chainKey":{"counter":1,"key":"8S47+Vk5sFQSE2u3DQqZ9Yu2NC4n+fvpeaM20Ront74="},"chainType":1,"messageKeys":{}}}}},"version":"v1"}