{"_sessions":{"BUPlFwXdtOGFGZap4cxts7njJ9xTlETLIN1Iix24Pn13":{"registrationId":1314649853,"currentRatchet":{"ephemeralKeyPair":{"pubKey":"Bd/kGVV2eNR9K4v/vFWATfDICIVIG5JpPDHGGmeoAgFH","privKey":"MBrYGPOvkC24Rviu0kFcNXts7S13nwGG6WZGKiAggW0="},"lastRemoteEphemeralKey":"BYtaW31ZAdVdLscbXY7nETY6apMsbXj62c8bkxGxAj5g","previousCounter":0,"rootKey":"/ILAuHTGPgjOX6BNMZA70fwoeW2vpx8qFHvbeCMY0q0="},"indexInfo":{"baseKey":"BUPlFwXdtOGFGZap4cxts7njJ9xTlETLIN1Iix24Pn13","baseKeyType":1,"closed":-1,"used":1730561159661,"created":1730561159661,"remoteIdentityKey":"Bar8Qcq51pS+FyXNnDzWgUeSNCvpYnrbSvoo1O7ROtVR"},"_chains":{"Bd/kGVV2eNR9K4v/vFWATfDICIVIG5JpPDHGGmeoAgFH":{"chainKey":{"counter":2,"key":"cXOAG10YO7wp1n+cHeGv3beOnLx/szFdV7+++1j3fYw="},"chainType":1,"messageKeys":{}}},"pendingPreKey":{"signedKeyId":6,"baseKey":"BUPlFwXdtOGFGZap4cxts7njJ9xTlETLIN1Iix24Pn13","preKeyId":10085910}}},"version":"v1"}