{"_sessions":{"BTuY89mNd6LnrQmkrhHuFmKqfHnAMwk9ZIuIL4JvC9ld":{"registrationId":12111299,"currentRatchet":{"ephemeralKeyPair":{"pubKey":"Be555reUX55tDB9SbZURVVaEQ1Ovi5HVmID8CfttBsVA","privKey":"UKkMoSIVYs0mMF1wXPpRjK8tfnUoyOnxHNPYlCqdSGw="},"lastRemoteEphemeralKey":"BdCEw6vAzh5tHglC71CAdcc7f2oXeANXf3ZQpXxyf/5u","previousCounter":0,"rootKey":"GTfQBV3HBkvkWvLyeoBurVAnQbhzDAMxvZ+tLB9Za4s="},"indexInfo":{"baseKey":"BTuY89mNd6LnrQmkrhHuFmKqfHnAMwk9ZIuIL4JvC9ld","baseKeyType":1,"closed":-1,"used":1730561169011,"created":1730561169011,"remoteIdentityKey":"BeVPbCtEX6gXo1yH1Ob2WXECHtwfHTLqwozvJc9tWaZH"},"_chains":{"Be555reUX55tDB9SbZURVVaEQ1Ovi5HVmID8CfttBsVA":{"chainKey":{"counter":2,"key":"E+1zp6ghsq06sRHtk6snrAQWCbp7JgK7DZvyAywdCWY="},"chainType":1,"messageKeys":{}}},"pendingPreKey":{"signedKeyId":2,"baseKey":"BTuY89mNd6LnrQmkrhHuFmKqfHnAMwk9ZIuIL4JvC9ld","preKeyId":16585020}}},"version":"v1"}