{"_sessions":{"BbLF3d8Q8lRjJqTF4fFwFw8F/ioAWy+fpRVOKMQyAJ9a":{"registrationId":40919948,"currentRatchet":{"ephemeralKeyPair":{"pubKey":"Bf1vzkrZK2QDL4Jrqz1p1mJJjtZcgBrbgl77XnKKb4d3","privKey":"6OO8DQAUD2vkBPMBxyvA5wemTRucPGxTaJmArCmtdmI="},"lastRemoteEphemeralKey":"BXhM+V6XjaVFM8qapTCPNC0WM8WXzFsCXbHYy9IurB8g","previousCounter":0,"rootKey":"7fwdlnTvW+KejYZ1okCPvA65kMdZ4w9HIWMnzREfQxo="},"indexInfo":{"baseKey":"BbLF3d8Q8lRjJqTF4fFwFw8F/ioAWy+fpRVOKMQyAJ9a","baseKeyType":1,"closed":-1,"used":1730561168881,"created":1730561168881,"remoteIdentityKey":"BRF1n+u2U72sU2FmT1sBnou/1NaFMM5tOuyiMsXLmM1s"},"_chains":{"Bf1vzkrZK2QDL4Jrqz1p1mJJjtZcgBrbgl77XnKKb4d3":{"chainKey":{"counter":2,"key":"tIxPV/hdDzw9nUxqdW0BVqNziLyvQllNjQ/vzxrlZeM="},"chainType":1,"messageKeys":{}}},"pendingPreKey":{"signedKeyId":3,"baseKey":"BbLF3d8Q8lRjJqTF4fFwFw8F/ioAWy+fpRVOKMQyAJ9a","preKeyId":3338700}}},"version":"v1"}