{"_sessions":{"BV68dH32mqFczShYgFK/vdaUQBKgvlrrRg+vY4gwNcs8":{"registrationId":831309813,"currentRatchet":{"ephemeralKeyPair":{"pubKey":"Bazghly9laYnKgRpCFrfAinOWOi3pWgM0o0T7zIutwpR","privKey":"MChzELwEPLuvD0y3gART2VepxoRCHkiwqFvWn38mz24="},"lastRemoteEphemeralKey":"BU6dd9h7j3K0/UsjEI9wN3YutWPmqXyugNlUkOFQKUdt","previousCounter":0,"rootKey":"VdZskI0CvIPf0JefJ7MHOmwHTD9e5VZ2dkNvykqmO4k="},"indexInfo":{"baseKey":"BV68dH32mqFczShYgFK/vdaUQBKgvlrrRg+vY4gwNcs8","baseKeyType":1,"closed":-1,"used":1730561168732,"created":1730561168732,"remoteIdentityKey":"Bfph+Pz66qhfjWw8QScuJ8KdjVm/7hpTSxnEk+aPLN42"},"_chains":{"Bazghly9laYnKgRpCFrfAinOWOi3pWgM0o0T7zIutwpR":{"chainKey":{"counter":2,"key":"fHZlP52qLCZUn3hSO2Vx0KhWprQmJvg3NTIKhCY4880="},"chainType":1,"messageKeys":{}}},"pendingPreKey":{"signedKeyId":14,"baseKey":"BV68dH32mqFczShYgFK/vdaUQBKgvlrrRg+vY4gwNcs8","preKeyId":14670608}}},"version":"v1"}