{"_sessions":{"BZKO2o3Oomi244IDxyY+RyP3ID7K0Kf0xJM5ZeAWUf5k":{"registrationId":1211031060,"currentRatchet":{"ephemeralKeyPair":{"pubKey":"BcXzMATJ6duX9qrUSpshGymYIPXnkI2dPq7gZbevWktL","privKey":"sA417DO8C9n7WiH27OfJB15/ECjwDgXgJyzbxz09gHs="},"lastRemoteEphemeralKey":"BatXIjih8EXSqydz/8xVop2jvvLEDuNktIh6wlIVOBV+","previousCounter":0,"rootKey":"MOdlnmc/6jjOWI4MrANyAFqwBLFniUv//8sh/FGOEg8="},"indexInfo":{"baseKey":"BZKO2o3Oomi244IDxyY+RyP3ID7K0Kf0xJM5ZeAWUf5k","baseKeyType":1,"closed":-1,"used":1730619023569,"created":1730595397316,"remoteIdentityKey":"BRJjo60melB1kt+e2DICxEn108STLVkn1fVhF+vvbnAt"},"_chains":{"BatXIjih8EXSqydz/8xVop2jvvLEDuNktIh6wlIVOBV+":{"chainKey":{"counter":0,"key":"6RQSwi9jlLKPN/BLICe5Q01Lmz987aG55VN1G5aXC4I="},"chainType":2,"messageKeys":{}},"BcXzMATJ6duX9qrUSpshGymYIPXnkI2dPq7gZbevWktL":{"chainKey":{"counter":-1,"key":"Sqn6mp9Go9FcLA9pLVolguCxcr6/OIsYzlh/3I06SCk="},"chainType":1,"messageKeys":{}}}}},"version":"v1"}