{"_sessions":{"Be8lxUoT9cTcKeaFq+5QJph/AFVLFRm32RADHQqv4iFc":{"registrationId":877629171,"currentRatchet":{"ephemeralKeyPair":{"pubKey":"BXdsr2IP2c2dElLW+6KQW4yL7PS8fuH0sUq+tMvGdfB0","privKey":"oGNV9s8vN86gh+zIKF5nk3OnERa2QUr8++FG5JNbB0g="},"lastRemoteEphemeralKey":"BeCWhJHmAlwlLBydtFIxiv5rbbvWsEHriH+EIoIozXVw","previousCounter":0,"rootKey":"cTQg+Q1CCWUHUdryhzMr0FY1IorWcIEsroJ9YyKIwQY="},"indexInfo":{"baseKey":"Be8lxUoT9cTcKeaFq+5QJph/AFVLFRm32RADHQqv4iFc","baseKeyType":2,"closed":-1,"used":1730563106393,"created":1730563106393,"remoteIdentityKey":"BQ+nSAYLaoZ8l9alSxhUOHPiDBO+XfntvFugC7SlIE5L"},"_chains":{"BeCWhJHmAlwlLBydtFIxiv5rbbvWsEHriH+EIoIozXVw":{"chainKey":{"counter":0,"key":"42RapdmgIjcLYUrTIljkWbKFucOR2LTpg/1nMhfpXek="},"chainType":2,"messageKeys":{}},"BXdsr2IP2c2dElLW+6KQW4yL7PS8fuH0sUq+tMvGdfB0":{"chainKey":{"counter":-1,"key":"DwAMw6TrLEdNjyXfnxeo8/PIDLqWHx8GQUi0a9TXn5c="},"chainType":1,"messageKeys":{}}}}},"version":"v1"}