{"_sessions":{"BfnbsSC5r0tLUf8nOCKmCarCnd13t8fE9KdmBiGAcmIS":{"registrationId":734431497,"currentRatchet":{"ephemeralKeyPair":{"pubKey":"BQusTHLDyISLmQjrj5jSKV0p2VEY/rf/NQ3sCfPQ6RJo","privKey":"OAoGySDZY1UTUTnJ8J5HCAiRfIgaoPaYZ7eqT1nR+Uk="},"lastRemoteEphemeralKey":"BZIl+k0k3kWh2Ea96rXAPVFKyaIT8SamSy8gSgfOg38U","previousCounter":1,"rootKey":"kyZNsNVwX7ua0Qce3Pnw5L1D9nGH5y41+z2/eco1iD4="},"indexInfo":{"baseKey":"BfnbsSC5r0tLUf8nOCKmCarCnd13t8fE9KdmBiGAcmIS","baseKeyType":2,"closed":-1,"used":1730633093234,"created":1730561151488,"remoteIdentityKey":"BVdvcDh3nyu2ljpCqfd6W1EqhPyEvhyWAZhZ55RF1wcs"},"_chains":{"BVzGFwjgAqP6u1RPh4mBmWVOTEwYJrurp26ND0zbFW0p":{"chainKey":{"counter":0},"chainType":2,"messageKeys":{}},"BeH6TGv128KOssUZzocdA1B7VfUwDxz9OHQGOd3XtVAE":{"chainKey":{"counter":2},"chainType":2,"messageKeys":{}},"BZIl+k0k3kWh2Ea96rXAPVFKyaIT8SamSy8gSgfOg38U":{"chainKey":{"counter":2,"key":"hBUWdGZ/8m2dlh3BtE+mGWjqSdnyomanoot2Xo/e1Cw="},"chainType":2,"messageKeys":{}},"BQusTHLDyISLmQjrj5jSKV0p2VEY/rf/NQ3sCfPQ6RJo":{"chainKey":{"counter":-1,"key":"NAXLtEt/qVn/V5QBHSo9K7SKv/XZ4lKw/NeI5M5cdFM="},"chainType":1,"messageKeys":{}}}}},"version":"v1"}