{"_sessions":{"BW/dCuBmICxPAdl9sJvOJeGxI5KyWf18+mUN900rjg5o":{"registrationId":181232154,"currentRatchet":{"ephemeralKeyPair":{"pubKey":"BQ6CYyfin+a0SahLmh6WajyJHHVhRg6gmvscrGXDs4NF","privKey":"ABupJG1gWKcxoYl0S6v4bELD9I3s3uYJadRy2coeIHI="},"lastRemoteEphemeralKey":"Bf1zs1hsVZWelWzO9M4LNW42dqFx6pZALLX5phsiUiNU","previousCounter":0,"rootKey":"1mkbB6CliAArO2ekucteAZuczXZi8CQow+yBN99z2Xo="},"indexInfo":{"baseKey":"BW/dCuBmICxPAdl9sJvOJeGxI5KyWf18+mUN900rjg5o","baseKeyType":1,"closed":-1,"used":1730601047533,"created":1730601047533,"remoteIdentityKey":"BT5XxAXu/oiJmHCvO5201rx/L7VILNber5gFvmxgY2YX"},"_chains":{"BQ6CYyfin+a0SahLmh6WajyJHHVhRg6gmvscrGXDs4NF":{"chainKey":{"counter":0,"key":"/uNvU7hhfxMnAT4/4pCEF5oR3vh795bdGt4jdTC5cRQ="},"chainType":1,"messageKeys":{}}},"pendingPreKey":{"signedKeyId":1,"baseKey":"BW/dCuBmICxPAdl9sJvOJeGxI5KyWf18+mUN900rjg5o"}}},"version":"v1"}