{"_sessions":{"BXEPf9tqnGikKxB8I6DwOSkrsss0/aRFVH4wm1svxeIl":{"registrationId":115406828,"currentRatchet":{"ephemeralKeyPair":{"pubKey":"BXH3VHf36m2OlhgbhH24K3FeqwO1g08L7Nvf9CcM358B","privKey":"MGXj65K3uJ7G9HCR5yT8lk2LcpA4xWQJ3i41myJwsmc="},"lastRemoteEphemeralKey":"BTS6mzPGghZ/D9UE0c0wpblaOEaD2II+vKIz3cpzbgxN","previousCounter":2,"rootKey":"RnixZ+GX79j2aI1usML4xE3bCAnIxWN4Q9jXoiSbQ1M="},"indexInfo":{"baseKey":"BXEPf9tqnGikKxB8I6DwOSkrsss0/aRFVH4wm1svxeIl","baseKeyType":1,"closed":-1,"used":1730610917456,"created":1730561168872,"remoteIdentityKey":"BYxhXZ4Rw1OZGpeNjQxbxbb0qR2Vb+YO8gOEk6zdJ5YZ"},"_chains":{"BTS6mzPGghZ/D9UE0c0wpblaOEaD2II+vKIz3cpzbgxN":{"chainKey":{"counter":0,"key":"W6FW0NvMwT69lBtS7yV+iTdaPgxHbg3oibfTyOvOd7g="},"chainType":2,"messageKeys":{}},"BXH3VHf36m2OlhgbhH24K3FeqwO1g08L7Nvf9CcM358B":{"chainKey":{"counter":-1,"key":"fTOAsejjkuAlIUMqTPdiZxteND2Dv3u7wxySAWih+lo="},"chainType":1,"messageKeys":{}}}}},"version":"v1"}