{
  "owner": {
    "number": [
      "6283837123504@s.whatsapp.net",
      "6283890931278@s.whatsapp.net",
      "6283890931278@s.whatsapp.net"
    ],
    "nomor": "6283890931278@s.whatsapp.net",
    "name": "vreden"
  },
  "links": {
    "tiktok": "https://",
    "instagram": "-",
    "channel": "-",
    "group": "-",
    "website": "https://www.vreden.my.id"
  },
  "bots": {
    "nameFull": "Qioo Official",
    "nameCall": "Qioo",
    "footer": "© 2024 • VRD Team",
    "session": "session",
    "style": "v1",
    "welcomeType": "v1",
    "title": "VRD Team • ChatBots",
    "menu": "------------ » *BOT INFO* « ------------\n\n┌━━━━━━━━━━┈─✧\n│ *☏ Bot Name :* @botname\n│ *♙ Prefix :* [ @prefix ]\n│ *₪ Jam :* @jam\n│ *▨ Total Fitur:* @totalfitur Fitur\n│ *⚿ Total Error:* 4 Fitur\n│ *♗ Version :* 7.8.0\n├━━━━━━━━━━┈─⋆\n┴ ▸ *User:* @pushname\n┬ ▸ *Your Device:* @device\n└━━━━━━━━━━┈─◂",
    "pairing": true,
    "idsaluran": "120363282083849178@newsletter",
    "namasaluran": "VRD (Qioo Official)"
  },
  "mediaPath": {
    "donasi": "linkurl pomf lu",
    "thumbnail": "https://pomf2.lain.la/f/x19h2ap2.jpg",
    "audioMenu": "url pomf",
    "audioOwner": "https://pomf2.lain.la/f/fkt7pu5m.opus"
  },
  "ptero": {
    "links": "https://rxzteam.panel-gacor.dansya.xyz",
    "plta": "ptla_yCGinKTvl8WTBfznWbVIOvL81sHKGY9hfjB9SQ8AC0v",
    "pltc": "ptlc_ulUuPX0Ta1HHu51SaYzlnjJqZcEn5bKKlfnLOXegBEX",
    "eggs": 15,
    "nets": 5,
    "location": 1
  },
  "apikey": {
    "skizo": "kepobatdah",
    "zeeone": "gak usah isi, gak perlu",
    "lolhuman": "sama, pajangan doang",
    "neoxr": "panjangan",
    "atlantic": "samudra brakakakak",
    "otpku": "neyX9qEzgItWUihaO4r7SY6VFPABs3"
  },
  "general": {
    "prefix": true,
    "audioOwner": true,
    "audioMenu": false,
    "autoWelcome": false,
    "autoLeave": false,
    "autoBackup": true,
    "autoBio": false,
    "autoRespond": false,
    "autoBlock212": false,
    "autoRead": true,
    "autoSholat": false,
    "antiViewOnce": false,
    "antiDelete": false,
    "antiCall": true,
    "onlyRegister": false,
    "notifRegister": false,
    "grupOnly": false,
    "privateOnly": false
  },
  "count": {
    "toxic": 5,
    "antiLink": 5,
    "limit": {
      "premium": 100000,
      "free": 100
    },
    "game": {
      "premium": 500,
      "free": 20
    }
  },
  "reward": {
    "game": 250,
    "timeGame": 120000
  },
  "mess": {
    "wait": "*Loading...*",
    "error": {
      "input": "Query yang kamu berikan tidak valid",
      "api": "Ups, terjadi kesalahan pada botkey, silahkan hubungi owner untuk memperbaikinya",
      "bot": "Terjadi kesalahan"
    },
    "OnlyGrup": "Command Khusus Grup!!",
    "OnlyPM": "Command Khusus Private Chat!!",
    "GrupAdmin": "Khusus Admin Grup!!",
    "BotAdmin": "Bot Harus menjadi admin",
    "OnlyOwner": "Khusus Owner Bot!!",
    "OnlyPrem": "Khusus VIP User!!"
  }
}