[
  {
    "id": "6287759778436@s.whatsapp.net",
    "time": 1727171915777,
    "reason": "maling sandal di Beijing China"
  },
  {
    "id": "6287783137923@s.whatsapp.net",
    "time": 1728129225554,
    "reason": "lagi sok sibuk ajasih well"
  },
  {
    "id": "6283842840572@s.whatsapp.net",
    "time": 1728233291457,
    "reason": "mau maleng di AW"
  },
  {
    "id": "6285377190743@s.whatsapp.net",
    "time": 1730437481639,
    "reason": "mau hibernasi"
  },
  {
    "id": "6283808271280@s.whatsapp.net",
    "time": 1730638045974,
    "reason": "lanjut"
  },
  {
    "id": "6285846238913@s.whatsapp.net",
    "time": 1730638749414,
    "reason": "makan"
  }
]