[
  {
    "name": "ai",
    "count": 1442
  },
  {
    "name": "menu",
    "count": 295
  },
  {
    "name": "ytmp4",
    "count": 260
  },
  {
    "name": "play",
    "count": 260
  },
  {
    "name": "me",
    "count": 248
  },
  {
    "name": "afk",
    "count": 247
  },
  {
    "name": "tt",
    "count": 242
  },
  {
    "name": "ytmp3",
    "count": 222
  },
  {
    "name": "bantuan",
    "count": 201
  },
  {
    "name": "tes",
    "count": 194
  },
  {
    "name": "chatgpt",
    "count": 185
  },
  {
    "name": "hd",
    "count": 143
  },
  {
    "name": "memancing",
    "count": 142
  },
  {
    "name": "hidetag",
    "count": 122
  },
  {
    "name": "delete",
    "count": 114
  },
  {
    "name": "tebakgambar",
    "count": 112
  },
  {
    "name": "d",
    "count": 103
  },
  {
    "name": "jual",
    "count": 93
  },
  {
    "name": "allmenu",
    "count": 90
  },
  {
    "name": ">",
    "count": 86
  },
  {
    "name": "simi",
    "count": 86
  },
  {
    "name": "h",
    "count": 85
  },
  {
    "name": "tiktok",
    "count": 92
  },
  {
    "name": "get",
    "count": 79
  },
  {
    "name": "mining",
    "count": 79
  },
  {
    "name": "yts",
    "count": 75
  },
  {
    "name": "tebakhero",
    "count": 66
  },
  {
    "name": "ytdoc",
    "count": 67
  },
  {
    "name": "ssweb",
    "count": 65
  },
  {
    "name": "adventure",
    "count": 64
  },
  {
    "name": "restart",
    "count": 61
  },
  {
    "name": "ping",
    "count": 56
  },
  {
    "name": "s",
    "count": 58
  },
  {
    "name": "tebakkalimat",
    "count": 53
  },
  {
    "name": "hdr",
    "count": 50
  },
  {
    "name": "ig",
    "count": 49
  },
  {
    "name": "tebakhewan",
    "count": 47
  },
  {
    "name": "heal",
    "count": 42
  },
  {
    "name": "ytsearch",
    "count": 41
  },
  {
    "name": "nyerah",
    "count": 40
  },
  {
    "name": "nsfwmenu",
    "count": 40
  },
  {
    "name": "getcase",
    "count": 39
  },
  {
    "name": "mediafire",
    "count": 39
  },
  {
    "name": "q",
    "count": 38
  },
  {
    "name": "anjing",
    "count": 37
  },
  {
    "name": "meme",
    "count": 37
  },
  {
    "name": "buylimit",
    "count": 36
  },
  {
    "name": "ai2",
    "count": 36
  },
  {
    "name": "cekganteng",
    "count": 34
  },
  {
    "name": "mute",
    "count": 32
  },
  {
    "name": "kick",
    "count": 32
  },
  {
    "name": "jadian",
    "count": 32
  },
  {
    "name": "pin",
    "count": 38
  },
  {
    "name": "tutup",
    "count": 31
  },
  {
    "name": "remini",
    "count": 31
  },
  {
    "name": "tiktoks",
    "count": 30
  },
  {
    "name": "mingguan",
    "count": 28
  },
  {
    "name": "buka",
    "count": 27
  },
  {
    "name": "tebakbendera",
    "count": 27
  },
  {
    "name": "craft",
    "count": 27
  },
  {
    "name": "tourl",
    "count": 26
  },
  {
    "name": "cekhost",
    "count": 25
  },
  {
    "name": "tebaktebakan",
    "count": 25
  },
  {
    "name": "owner",
    "count": 27
  },
  {
    "name": "antidelete",
    "count": 23
  },
  {
    "name": "bulanan",
    "count": 23
  },
  {
    "name": "qc",
    "count": 22
  },
  {
    "name": "tflimit",
    "count": 22
  },
  {
    "name": "cekcantik",
    "count": 22
  },
  {
    "name": "caklontong",
    "count": 22
  },
  {
    "name": "antivirtex",
    "count": 21
  },
  {
    "name": "buygamelimit",
    "count": 21
  },
  {
    "name": "tfgamelimit",
    "count": 20
  },
  {
    "name": "cekpacar",
    "count": 19
  },
  {
    "name": "closetime",
    "count": 19
  },
  {
    "name": "inventory",
    "count": 19
  },
  {
    "name": "delcase",
    "count": 19
  },
  {
    "name": "addcase",
    "count": 21
  },
  {
    "name": "set",
    "count": 22
  },
  {
    "name": "google",
    "count": 18
  },
  {
    "name": "asu",
    "count": 18
  },
  {
    "name": "apakah",
    "count": 17
  },
  {
    "name": "opentime",
    "count": 17
  },
  {
    "name": "igvideo",
    "count": 16
  },
  {
    "name": "pluginmenu",
    "count": 16
  },
  {
    "name": "tebakml",
    "count": 16
  },
  {
    "name": "berlayar",
    "count": 16
  },
  {
    "name": "tebakff",
    "count": 16
  },
  {
    "name": "acc",
    "count": 16
  },
  {
    "name": "antitoxic",
    "count": 16
  },
  {
    "name": "bukajam",
    "count": 15
  },
  {
    "name": "asahotak",
    "count": 15
  },
  {
    "name": "ai3",
    "count": 15
  },
  {
    "name": "rawat",
    "count": 15
  },
  {
    "name": "otp",
    "count": 15
  },
  {
    "name": "tebakkata",
    "count": 14
  },
  {
    "name": "ttnowm",
    "count": 14
  },
  {
    "name": "susunkata",
    "count": 14
  },
  {
    "name": "addprem",
    "count": 13
  },
  {
    "name": "listprem",
    "count": 13
  },
  {
    "name": "get2",
    "count": 13
  },
  {
    "name": "autoai",
    "count": 13
  },
  {
    "name": "fb",
    "count": 12
  },
  {
    "name": "tr",
    "count": 12
  },
  {
    "name": "tan",
    "count": 12
  },
  {
    "name": "tebakgame",
    "count": 12
  },
  {
    "name": "start",
    "count": 12
  },
  {
    "name": "tomp3",
    "count": 11
  },
  {
    "name": "kerja",
    "count": 11
  },
  {
    "name": "tagall",
    "count": 11
  },
  {
    "name": "anonymouschat",
    "count": 11
  },
  {
    "name": "wink",
    "count": 12
  },
  {
    "name": "delstik",
    "count": 10
  },
  {
    "name": "bot",
    "count": 10
  },
  {
    "name": "babi",
    "count": 10
  },
  {
    "name": "add",
    "count": 9
  },
  {
    "name": "limit",
    "count": 9
  },
  {
    "name": "crafting",
    "count": 9
  },
  {
    "name": "addstik",
    "count": 9
  },
  {
    "name": "setppbot",
    "count": 9
  },
  {
    "name": "script",
    "count": 8
  },
  {
    "name": "getpp",
    "count": 9
  },
  {
    "name": "ttmp3",
    "count": 9
  },
  {
    "name": "spotify",
    "count": 8
  },
  {
    "name": "joinrpg",
    "count": 8
  },
  {
    "name": "bodoh",
    "count": 8
  },
  {
    "name": "self",
    "count": 8
  },
  {
    "name": "linkgc",
    "count": 8
  },
  {
    "name": "carbon",
    "count": 8
  },
  {
    "name": "infobot",
    "count": 7
  },
  {
    "name": "sc",
    "count": 7
  },
  {
    "name": "merampok",
    "count": 7
  },
  {
    "name": "clearallpc",
    "count": 7
  },
  {
    "name": "intro",
    "count": 7
  },
  {
    "name": "setprofil",
    "count": 7
  },
  {
    "name": "bokep",
    "count": 7
  },
  {
    "name": "jpm",
    "count": 7
  },
  {
    "name": "ttstalk",
    "count": 7
  },
  {
    "name": "igstalk",
    "count": 7
  },
  {
    "name": "tolol",
    "count": 7
  },
  {
    "name": "tebakbom",
    "count": 7
  },
  {
    "name": "monyet",
    "count": 7
  },
  {
    "name": "antibot",
    "count": 7
  },
  {
    "name": "open",
    "count": 7
  },
  {
    "name": "totalfitur",
    "count": 6
  },
  {
    "name": "cekprem",
    "count": 6
  },
  {
    "name": "gitclone",
    "count": 6
  },
  {
    "name": "smeme",
    "count": 7
  },
  {
    "name": "anonymousmenu",
    "count": 6
  },
  {
    "name": "addlist",
    "count": 6
  },
  {
    "name": "slot",
    "count": 6
  },
  {
    "name": "kickme",
    "count": 6
  },
  {
    "name": "ttaudio",
    "count": 6
  },
  {
    "name": "casino",
    "count": 6
  },
  {
    "name": "setwelcome",
    "count": 6
  },
  {
    "name": "kayu",
    "count": 6
  },
  {
    "name": "downloadmenu",
    "count": 7
  },
  {
    "name": "public",
    "count": 6
  },
  {
    "name": "del",
    "count": 6
  },
  {
    "name": "jarak",
    "count": 6
  },
  {
    "name": "terima",
    "count": 6
  },
  {
    "name": "delsampah",
    "count": 6
  },
  {
    "name": "facebook",
    "count": 6
  },
  {
    "name": "simplemenu",
    "count": 5
  },
  {
    "name": "ghstalk",
    "count": 5
  },
  {
    "name": "fbdl",
    "count": 5
  },
  {
    "name": "daftar",
    "count": 5
  },
  {
    "name": "panelmenu",
    "count": 5
  },
  {
    "name": "infogc",
    "count": 5
  },
  {
    "name": "cuaca",
    "count": 5
  },
  {
    "name": "cekip",
    "count": 5
  },
  {
    "name": "readmore",
    "count": 6
  },
  {
    "name": "toimg",
    "count": 5
  },
  {
    "name": "clearallgc",
    "count": 5
  },
  {
    "name": "spek",
    "count": 5
  },
  {
    "name": "keamanan",
    "count": 5
  },
  {
    "name": "berburu",
    "count": 5
  },
  {
    "name": "liststik",
    "count": 5
  },
  {
    "name": "family100",
    "count": 5
  },
  {
    "name": "ceksifat",
    "count": 5
  },
  {
    "name": "stalkmenu",
    "count": 5
  },
  {
    "name": "tebakaplikasi",
    "count": 5
  },
  {
    "name": "autoaigc",
    "count": 5
  },
  {
    "name": "welcome",
    "count": 5
  },
  {
    "name": "bandwidth",
    "count": 4
  },
  {
    "name": "rpgmenu",
    "count": 4
  },
  {
    "name": "demote",
    "count": 4
  },
  {
    "name": "tiktoks2",
    "count": 4
  },
  {
    "name": "ownermenu",
    "count": 4
  },
  {
    "name": "ttsearch",
    "count": 4
  },
  {
    "name": "searchmenu",
    "count": 4
  },
  {
    "name": "yts2",
    "count": 4
  },
  {
    "name": "remini2",
    "count": 4
  },
  {
    "name": "tf",
    "count": 4
  },
  {
    "name": "gamemenu",
    "count": 4
  },
  {
    "name": "gimage",
    "count": 4
  },
  {
    "name": "device",
    "count": 4
  },
  {
    "name": "mainmenu",
    "count": 4
  },
  {
    "name": "goblok",
    "count": 4
  },
  {
    "name": "gantengcek",
    "count": 4
  },
  {
    "name": "bekerja",
    "count": 4
  },
  {
    "name": "api",
    "count": 4
  },
  {
    "name": "ero",
    "count": 4
  },
  {
    "name": "grupmenu",
    "count": 4
  },
  {
    "name": "gfl",
    "count": 4
  },
  {
    "name": "ceklimit",
    "count": 4
  },
  {
    "name": "putus",
    "count": 4
  },
  {
    "name": "chatgpt2",
    "count": 4
  },
  {
    "name": "imagemenu",
    "count": 4
  },
  {
    "name": "evalmenu",
    "count": 4
  },
  {
    "name": "prefix",
    "count": 4
  },
  {
    "name": "saldo",
    "count": 4
  },
  {
    "name": "yt",
    "count": 4
  },
  {
    "name": "getgc",
    "count": 4
  },
  {
    "name": "addowner",
    "count": 4
  },
  {
    "name": "autodl",
    "count": 4
  },
  {
    "name": "tutupjam",
    "count": 4
  },
  {
    "name": "help",
    "count": 4
  },
  {
    "name": "nokos",
    "count": 4
  },
  {
    "name": "spotifysearch",
    "count": 4
  },
  {
    "name": "bugmenu",
    "count": 3
  },
  {
    "name": "masadepan",
    "count": 3
  },
  {
    "name": "promote",
    "count": 3
  },
  {
    "name": "info",
    "count": 3
  },
  {
    "name": "subdo",
    "count": 3
  },
  {
    "name": "pm",
    "count": 3
  },
  {
    "name": "antivo",
    "count": 3
  },
  {
    "name": "setppbot2",
    "count": 3
  },
  {
    "name": "getname",
    "count": 3
  },
  {
    "name": "funmenu",
    "count": 3
  },
  {
    "name": "cantikcek",
    "count": 3
  },
  {
    "name": "tambah",
    "count": 3
  },
  {
    "name": "lanjut",
    "count": 3
  },
  {
    "name": "ephotomenu",
    "count": 3
  },
  {
    "name": "ipwhois",
    "count": 3
  },
  {
    "name": "close",
    "count": 3
  },
  {
    "name": "hpdetail",
    "count": 3
  },
  {
    "name": "wm",
    "count": 3
  },
  {
    "name": "buy",
    "count": 3
  },
  {
    "name": "ttt",
    "count": 3
  },
  {
    "name": "ocr",
    "count": 3
  },
  {
    "name": "attack",
    "count": 3
  },
  {
    "name": "tebaklogo",
    "count": 3
  },
  {
    "name": "cewekasiamenu",
    "count": 3
  },
  {
    "name": "bocil",
    "count": 3
  },
  {
    "name": "asupan",
    "count": 3
  },
  {
    "name": "autoread",
    "count": 3
  },
  {
    "name": "report",
    "count": 3
  },
  {
    "name": "fitnah",
    "count": 3
  },
  {
    "name": "request",
    "count": 3
  },
  {
    "name": "oi",
    "count": 3
  },
  {
    "name": "rvo",
    "count": 3
  },
  {
    "name": "menfess",
    "count": 3
  },
  {
    "name": "textmenu",
    "count": 3
  },
  {
    "name": "ytv",
    "count": 3
  },
  {
    "name": "delowner",
    "count": 3
  },
  {
    "name": "cekhp",
    "count": 3
  },
  {
    "name": "antivideo",
    "count": 3
  },
  {
    "name": "aimenu",
    "count": 4
  },
  {
    "name": "revoke",
    "count": 3
  },
  {
    "name": "addfun",
    "count": 3
  },
  {
    "name": "addb",
    "count": 3
  },
  {
    "name": "antilink",
    "count": 3
  },
  {
    "name": "setopen",
    "count": 3
  },
  {
    "name": "goodbye",
    "count": 3
  },
  {
    "name": "tiktoksearch",
    "count": 3
  },
  {
    "name": "ulartangga",
    "count": 2
  },
  {
    "name": "dashboard",
    "count": 2
  },
  {
    "name": "rules",
    "count": 2
  },
  {
    "name": "register",
    "count": 2
  },
  {
    "name": "regmail",
    "count": 2
  },
  {
    "name": "drive",
    "count": 2
  },
  {
    "name": "sewa",
    "count": 2
  },
  {
    "name": "tester",
    "count": 2
  },
  {
    "name": "totalfiture",
    "count": 2
  },
  {
    "name": "math",
    "count": 2
  },
  {
    "name": "antiimage",
    "count": 2
  },
  {
    "name": "dm",
    "count": 2
  },
  {
    "name": "china",
    "count": 2
  },
  {
    "name": "groupmenu",
    "count": 2
  },
  {
    "name": "autoaijapri",
    "count": 2
  },
  {
    "name": "keluar",
    "count": 2
  },
  {
    "name": "pinterest",
    "count": 2
  },
  {
    "name": "test",
    "count": 2
  },
  {
    "name": "linkgrup",
    "count": 2
  },
  {
    "name": "mulai",
    "count": 2
  },
  {
    "name": "redeem",
    "count": 2
  },
  {
    "name": "instagram",
    "count": 2
  },
  {
    "name": "capcut",
    "count": 2
  },
  {
    "name": "tebakjkt48",
    "count": 2
  },
  {
    "name": "ceksewa",
    "count": 2
  },
  {
    "name": "stiker",
    "count": 2
  },
  {
    "name": "cekkodam",
    "count": 2
  },
  {
    "name": "asupanmenu",
    "count": 2
  },
  {
    "name": "hinata",
    "count": 2
  },
  {
    "name": "blok",
    "count": 2
  },
  {
    "name": "listgc",
    "count": 2
  },
  {
    "name": "menfes",
    "count": 2
  },
  {
    "name": "bego",
    "count": 2
  },
  {
    "name": "bagi",
    "count": 2
  },
  {
    "name": "tebakhero2",
    "count": 2
  },
  {
    "name": "tandai",
    "count": 2
  },
  {
    "name": "unban",
    "count": 3
  },
  {
    "name": "emojimix",
    "count": 2
  },
  {
    "name": "lirik",
    "count": 2
  },
  {
    "name": "suit",
    "count": 2
  },
  {
    "name": "toaudio",
    "count": 2
  },
  {
    "name": "tovn",
    "count": 2
  },
  {
    "name": "tebakkabupaten",
    "count": 2
  },
  {
    "name": "antipolling",
    "count": 2
  },
  {
    "name": "tolak",
    "count": 2
  },
  {
    "name": "masadepannya",
    "count": 2
  },
  {
    "name": "gconly",
    "count": 2
  },
  {
    "name": "delsampah2",
    "count": 2
  },
  {
    "name": "setp",
    "count": 2
  },
  {
    "name": "addimage",
    "count": 2
  },
  {
    "name": "gdrive",
    "count": 2
  },
  {
    "name": "ffstalk",
    "count": 2
  },
  {
    "name": "1917style",
    "count": 2
  },
  {
    "name": "typographytext",
    "count": 2
  },
  {
    "name": "clearsesi",
    "count": 2
  },
  {
    "name": "delchat",
    "count": 2
  },
  {
    "name": "galaxywallpaper",
    "count": 2
  },
  {
    "name": "kapak",
    "count": 2
  },
  {
    "name": "image",
    "count": 2
  },
  {
    "name": "listsrv",
    "count": 3
  },
  {
    "name": "antisticker",
    "count": 2
  },
  {
    "name": "setclose",
    "count": 2
  },
  {
    "name": "upscale",
    "count": 2
  },
  {
    "name": "autosholat",
    "count": 2
  },
  {
    "name": "kuis",
    "count": 1
  },
  {
    "name": "spy",
    "count": 1
  },
  {
    "name": "regcode",
    "count": 1
  },
  {
    "name": "db",
    "count": 1
  },
  {
    "name": "katalog",
    "count": 1
  },
  {
    "name": "buyprem",
    "count": 1
  },
  {
    "name": "sewabot",
    "count": 1
  },
  {
    "name": "cekbandwidth",
    "count": 1
  },
  {
    "name": "blowjob",
    "count": 1
  },
  {
    "name": "dellist",
    "count": 1
  },
  {
    "name": "pussy",
    "count": 1
  },
  {
    "name": "topglobal",
    "count": 1
  },
  {
    "name": "igphoto",
    "count": 1
  },
  {
    "name": "randomquotes",
    "count": 1
  },
  {
    "name": "tebaklirik",
    "count": 1
  },
  {
    "name": "cum",
    "count": 1
  },
  {
    "name": "time",
    "count": 1
  },
  {
    "name": "zettai",
    "count": 1
  },
  {
    "name": "next",
    "count": 1
  },
  {
    "name": "sendprofil",
    "count": 1
  },
  {
    "name": "leave",
    "count": 1
  },
  {
    "name": "lesby",
    "count": 1
  },
  {
    "name": "profil",
    "count": 1
  },
  {
    "name": "delttt",
    "count": 1
  },
  {
    "name": "korea",
    "count": 1
  },
  {
    "name": "whois",
    "count": 1
  },
  {
    "name": "reset",
    "count": 1
  },
  {
    "name": "tebaksiapa",
    "count": 1
  },
  {
    "name": "lengkapikalimat",
    "count": 1
  },
  {
    "name": "cekasalmember",
    "count": 1
  },
  {
    "name": "hentai",
    "count": 1
  },
  {
    "name": "getmusic",
    "count": 1
  },
  {
    "name": "igstory",
    "count": 1
  },
  {
    "name": "listwl",
    "count": 1
  },
  {
    "name": "listblok",
    "count": 1
  },
  {
    "name": "listcase",
    "count": 1
  },
  {
    "name": "tebakchara",
    "count": 1
  },
  {
    "name": "islamimenu",
    "count": 1
  },
  {
    "name": "galau",
    "count": 1
  },
  {
    "name": "katacinta",
    "count": 1
  },
  {
    "name": "bisakah",
    "count": 1
  },
  {
    "name": "asmaulhusna",
    "count": 1
  },
  {
    "name": "getch",
    "count": 1
  },
  {
    "name": "unblacklist",
    "count": 1
  },
  {
    "name": "bcaudio",
    "count": 1
  },
  {
    "name": "spotifys",
    "count": 1
  },
  {
    "name": "backup",
    "count": 2
  },
  {
    "name": "readvo",
    "count": 1
  },
  {
    "name": "savefile",
    "count": 1
  },
  {
    "name": "nsfw",
    "count": 1
  },
  {
    "name": "tebakanime",
    "count": 1
  },
  {
    "name": "suitpvp",
    "count": 1
  },
  {
    "name": "yta",
    "count": 1
  },
  {
    "name": "ceksubdo",
    "count": 1
  },
  {
    "name": "pin2",
    "count": 1
  },
  {
    "name": "mathgame",
    "count": 1
  },
  {
    "name": "gifs",
    "count": 1
  },
  {
    "name": "sound1",
    "count": 1
  },
  {
    "name": "pinterest2",
    "count": 1
  },
  {
    "name": "listpc",
    "count": 1
  },
  {
    "name": "tekateki",
    "count": 1
  },
  {
    "name": "tts",
    "count": 1
  },
  {
    "name": "recolor",
    "count": 1
  },
  {
    "name": "ytcomment",
    "count": 1
  },
  {
    "name": "leavegc",
    "count": 1
  },
  {
    "name": "yatim",
    "count": 1
  },
  {
    "name": "logomaker",
    "count": 1
  },
  {
    "name": "royaltext",
    "count": 1
  },
  {
    "name": "luxurygold",
    "count": 1
  },
  {
    "name": "makingneon",
    "count": 1
  },
  {
    "name": "mfdl",
    "count": 1
  },
  {
    "name": "sampah",
    "count": 1
  },
  {
    "name": "kurang",
    "count": 1
  },
  {
    "name": "spotifydl",
    "count": 1
  },
  {
    "name": "captcha",
    "count": 1
  },
  {
    "name": "ytvideo",
    "count": 1
  },
  {
    "name": "addfunction",
    "count": 1
  },
  {
    "name": "nobg",
    "count": 1
  },
  {
    "name": "setan",
    "count": 1
  },
  {
    "name": "kayes",
    "count": 1
  },
  {
    "name": "getid",
    "count": 1
  },
  {
    "name": "join",
    "count": 1
  },
  {
    "name": "pppanjang",
    "count": 1
  },
  {
    "name": "bl",
    "count": 1
  },
  {
    "name": "ban",
    "count": 1
  },
  {
    "name": "delsrv",
    "count": 1
  },
  {
    "name": "kuruang",
    "count": 1
  },
  {
    "name": "quoted",
    "count": 1
  },
  {
    "name": "setsubject",
    "count": 1
  },
  {
    "name": "setleft",
    "count": 1
  },
  {
    "name": "bdsm",
    "count": 1
  },
  {
    "name": "kali",
    "count": 1
  },
  {
    "name": "ttslide",
    "count": 1
  },
  {
    "name": "aidrawing",
    "count": 1
  },
  {
    "name": "tiktokaudio",
    "count": 1
  },
  {
    "name": "convertmenu",
    "count": 1
  },
  {
    "name": "antipromosi",
    "count": 1
  },
  {
    "name": "50gb",
    "count": 1
  },
  {
    "name": "addcmd",
    "count": 1
  },
  {
    "name": "gpt",
    "count": 1
  },
  {
    "name": "10gb",
    "count": 1
  },
  {
    "name": "5gb",
    "count": 2
  },
  {
    "name": "vnowner",
    "count": 2
  },
  {
    "name": "listban",
    "count": 1
  }
]